Covariants	Count	Max_count	Freq	Coverage_start	Coverage_end
A22101T(S:E180V)	95	139	0.6834532374100719	22064	22103
C22033A(S:F157L)	20	696	0.028735632183908046	22032	22067
G24007A(S:R815R)	20	1168	0.017123287671232876	24005	24014
C22109G(S:Q183E)	19	31	0.6129032258064516	22073	22113
A22320G(S:D253G)	19	78	0.24358974358974358	22319	22347
T23986C(S:D808D)	19	834	0.022781774580335732	23985	24014
