Covariants	Count	Max_count	Freq	Coverage_start	Coverage_end
A24424T(S:Q954H) T24469A(S:N969K)	252	409	0.6161369193154034	24406	24488
T23599G(S:N679K) C23604A(S:P681H)	119	414	0.28743961352657005	23580	23666
(25262,1)(S:DEL1235)	117	302	0.38741721854304634	25248	25263
C23525T(S:H655Y) T23599G(S:N679K) C23604A(S:P681H)	92	207	0.4444444444444444	23486	23607
G22813T(S:K417N) T22882G(S:N440K) G22895C(S:V445P) T22896C(S:V445P) G22898A(S:G446S)	60	119	0.5042016806722689	22791	22898
A24424T(S:Q954H)	48	410	0.11707317073170732	24406	24488
T24469A(S:N969K)	47	546	0.08608058608058608	24464	24541
C25416T(ORF3a:F8F)	38	72	0.5277777777777778	25381	25452
C23854A(S:N764K)	27	121	0.2231404958677686	23699	23860
(23486,1)(S:DEL643) C23525T(S:H655Y) T23599G(S:N679K) C23604A(S:P681H)	26	187	0.13903743315508021	23471	23607
G22317T(S:G252V)	23	41	0.5609756097560976	22256	22337
C23525T(S:H655Y)	21	266	0.07894736842105263	23471	23552
G22813T(S:K417N) T22882G(S:N440K) G22895C(S:V445P) T22896C(S:V445P) G22898A(S:G446S) T22942G(S:N460K)	18	41	0.43902439024390244	22791	22942
A23403G(S:D614G)	18	122	0.14754098360655737	23340	23429
G22813T(S:K417N) T22882G(S:N440K) G22895C(S:V445P) T22896C(S:V445P)	16	137	0.11678832116788321	22791	22896
