Covariants	Count	Max_count	Freq	Coverage_start	Coverage_end
T23599G(S:N679K) C23604A(S:P681H)	150	516	0.29069767441860467	23594	23661
A24424T(S:Q954H) T24469A(S:N969K)	131	201	0.6517412935323383	24415	24488
C25416T(ORF3a:F8F)	86	120	0.7166666666666667	25381	25439
T23599G(S:N679K) C23604A(S:P681H) C23664T(S:A701V)	80	352	0.22727272727272727	23587	23664
C23525T(S:H655Y) T23599G(S:N679K) C23604A(S:P681H)	78	154	0.5064935064935064	23505	23607
(25262,1)(S:DEL1235)	45	92	0.4891304347826087	25248	25295
A24424T(S:Q954H)	37	209	0.17703349282296652	24406	24425
T24469A(S:N969K)	31	279	0.1111111111111111	24464	24541
(23334,1)(S:DEL592)	29	210	0.1380952380952381	23322	23336
G22317T(S:G252V)	22	38	0.5789473684210527	22242	22324
T23599G(S:N679K) C23604A(S:P681H) C23673T(S:S704L)	21	309	0.06796116504854369	23579	23685
A23403G(S:D614G)	20	279	0.07168458781362007	23268	23406
C23854A(S:N764K)	20	87	0.22988505747126436	23793	23888
T22200A(S:V213E)	16	20	0.8	22117	22208
T23335C A23403G(S:D614G)	16	171	0.0935672514619883	23334	23417
A23403G(S:D614G) C23525T(S:H655Y)	16	91	0.17582417582417584	23351	23540
T23487G C23525T(S:H655Y) T23599G(S:N679K) C23604A(S:P681H)	14	135	0.1037037037037037	23486	23636
G22813T(S:K417N) T22882G(S:N440K) G22895C(S:V445P) T22896C(S:V445P) G22898A(S:G446S)	11	45	0.24444444444444444	22791	22898
(23334,1)(S:DEL592) A23403G(S:D614G)	11	170	0.06470588235294118	23322	23415
(24981,1)(S:DEL1141) C25000T(S:D1146D)	10	38	0.2631578947368421	24849	25002
