Covariants	Count	Max_count	Freq	Coverage_start	Coverage_end
T23599G(S:N679K) C23604A(S:P681H)	44	106	0.41509433962264153	23579	23668
A24424T(S:Q954H) T24469A(S:N969K)	32	50	0.64	24406	24488
(23334,1)(S:DEL592)	14	46	0.30434782608695654	23268	23352
