Covariants	Count	Max_count	Freq	Coverage_start	Coverage_end
T24469A(S:N969K)	1374	2504	0.5487220447284346	24461	24470
A24424T(S:Q954H)	1080	3433	0.3145936498689193	24412	24424
A24424T(S:Q954H) T24469A(S:N969K)	1025	2258	0.45394154118689106	24423	24469
