Covariants	Count	Max_count	Freq	Coverage_start	Coverage_end
(21764,6)(S:DEL69/70)	430	446	0.9641255605381166	21756	21779
C21618T(S:T19I) (21632,9)(S:DEL25/27)	173	282	0.6134751773049646	21591	21653
C21595T(S:V11V) C21618T(S:T19I) (21632,9)(S:DEL25/27)	86	282	0.3049645390070922	21591	21671
C21618T(S:T19I) (21632,9)(S:DEL25/27) C21662T(S:R34C)	15	211	0.07109004739336493	21582	21662
G21746T(S:V62F) T21760C(S:H66H) (21764,6)(S:DEL69/70)	11	400	0.0275	21741	21780
