Covariants	Count	Max_count	Freq	Coverage_start	Coverage_end
C22109G(S:Q183E)	159	172	0.9244186046511628	22084	22112
T22942G(S:N460K)	38	86	0.4418604651162791	22940	22946
