Covariants	Count	Max_count	Freq	Coverage_start	Coverage_end
A24424T(S:Q954H) T24469A(S:N969K)	114	225	0.5066666666666667	24416	24488
A24424T(S:Q954H)	38	225	0.1688888888888889	24413	24488
C23525T(S:H655Y) T23599G(S:N679K) C23604A(S:P681H)	37	198	0.18686868686868688	23505	23607
(23334,1)(S:DEL592)	34	129	0.26356589147286824	23269	23336
T23487G C23525T(S:H655Y) T23599G(S:N679K) C23604A(S:P681H)	33	154	0.21428571428571427	23486	23607
(23486,1)(S:DEL643) C23525T(S:H655Y) T23599G(S:N679K) C23604A(S:P681H)	29	152	0.19078947368421054	23471	23607
C25416T(ORF3a:F8F)	23	39	0.5897435897435898	25371	25438
A23403G(S:D614G)	14	180	0.07777777777777778	23338	23425
G22317T(S:G252V)	13	14	0.9285714285714286	22242	22323
C23525T(S:H655Y)	10	211	0.04739336492890995	23487	23552
