Covariants	Count	Max_count	Freq	Coverage_start	Coverage_end
A24424T(S:Q954H) T24469A(S:N969K)	46	73	0.6301369863013698	24406	24502
C23525T(S:H655Y) T23599G(S:N679K) C23604A(S:P681H)	43	102	0.4215686274509804	23485	23607
C25416T(ORF3a:F8F)	38	56	0.6785714285714286	25371	25438
(25262,1)(S:DEL1235)	13	25	0.52	25248	25295
A23403G(S:D614G)	10	39	0.2564102564102564	23273	23403
T23599G(S:N679K) C23604A(S:P681H)	10	118	0.0847457627118644	23579	23668
