Covariants	Count	Max_count	Freq	Coverage_start	Coverage_end
C22109G(S:Q183E)	20	37	0.5405405405405406	22108	22113
A23403G(S:D614G)	10	27	0.37037037037037035	23402	23404
