Covariants	Count	Max_count	Freq	Coverage_start	Coverage_end
T23599G(S:N679K) C23604A(S:P681H)	253	637	0.39717425431711145	23590	23659
A24424T(S:Q954H) T24469A(S:N969K)	208	310	0.6709677419354839	24410	24488
C25416T(ORF3a:F8F)	104	172	0.6046511627906976	25383	25448
C23525T(S:H655Y) T23599G(S:N679K) C23604A(S:P681H)	77	269	0.2862453531598513	23508	23607
T23487G C23525T(S:H655Y) T23599G(S:N679K) C23604A(S:P681H)	54	231	0.23376623376623376	23486	23607
A23403G(S:D614G)	45	233	0.19313304721030042	23285	23413
G22317T(S:G252V)	43	63	0.6825396825396826	22272	22324
C23854A(S:N764K)	35	184	0.19021739130434784	23765	23863
(25262,1)(S:DEL1235)	34	111	0.3063063063063063	25248	25263
G22813T(S:K417N) T22882G(S:N440K) G22895C(S:V445P) T22896C(S:V445P) G22898A(S:G446S)	32	109	0.29357798165137616	22801	22898
C25000T(S:D1146D)	32	118	0.2711864406779661	24994	25028
(23486,1)(S:DEL643) C23525T(S:H655Y) T23599G(S:N679K) C23604A(S:P681H)	31	229	0.13537117903930132	23471	23645
A24424T(S:Q954H)	31	312	0.09935897435897435	24406	24488
(23334,1)(S:DEL592)	21	190	0.11052631578947368	23268	23336
(23334,1)(S:DEL592) A23403G(S:D614G)	18	151	0.11920529801324503	23322	23420
G22813T(S:K417N) T22882G(S:N440K) G22895C(S:V445P) T22896C(S:V445P) G22898A(S:G446S) T22942G(S:N460K)	18	65	0.27692307692307694	22791	22968
(24981,1)(S:DEL1141) C25000T(S:D1146D)	16	76	0.21052631578947367	24849	25002
(24320,1)(S:DEL921)	14	100	0.14	24217	24321
A23403G(S:D614G) C23525T(S:H655Y)	10	40	0.25	23333	23540
T24469A(S:N969K)	10	361	0.027700831024930747	24464	24579
