Covariants	Count	Max_count	Freq	Coverage_start	Coverage_end
T23599G(S:N679K) C23604A(S:P681H)	29	66	0.4393939393939394	23579	23666
C25416T(ORF3a:F8F)	14	21	0.6666666666666666	25381	25463
A24424T(S:Q954H) T24469A(S:N969K)	11	14	0.7857142857142857	24406	24488
