Covariants	Count	Max_count	Freq	Coverage_start	Coverage_end
A24424T(S:Q954H) T24469A(S:N969K)	54	79	0.6835443037974683	24406	24488
(23334,1)(S:DEL592)	14	30	0.4666666666666667	23268	23338
A24424T(S:Q954H)	11	79	0.13924050632911392	24406	24488
