Covariants	Count	Max_count	Freq	Coverage_start	Coverage_end
C25416T(ORF3a:F8F)	337	351	0.9601139601139601	25385	25440
G22577C(S:G339H) G22578A(S:G339H) G22599C(S:R346T)	148	241	0.6141078838174274	22558	22607
C22664A(S:L368I) C22674T(S:S371F) T22679C(S:S373P) C22686T(S:S375F) A22688G(S:T376A)	33	96	0.34375	22646	22704
G22577C(S:G339H) G22578A(S:G339H) G22599C(S:R346T) C22664A(S:L368I) C22674T(S:S371F) T22679C(S:S373P) C22686T(S:S375F) A22688G(S:T376A)	25	73	0.3424657534246575	22563	22706
