Covariants	Count	Max_count	Freq	Coverage_start	Coverage_end
T22942G(S:N460K)	23	51	0.45098039215686275	22940	22946
C22109G(S:Q183E)	21	27	0.7777777777777778	22073	22112
