Covariants	Count	Max_count	Freq	Coverage_start	Coverage_end
T23599G(S:N679K) C23604A(S:P681H)	60	131	0.4580152671755725	23591	23666
T23599G(S:N679K) C23604A(S:P681H) C23664T(S:A701V)	15	107	0.14018691588785046	23579	23666
A24424T(S:Q954H) A24452G(S:K964E) T24469A(S:N969K)	14	28	0.5	24406	24487
(25262,1)(S:DEL1235)	13	28	0.4642857142857143	25248	25295
A23403G(S:D614G)	11	57	0.19298245614035087	23333	23413
C25416T(ORF3a:F8F)	11	29	0.3793103448275862	25381	25451
