Covariants	Count	Max_count	Freq	Coverage_start	Coverage_end
C21618T(S:T19I) (21632,9)(S:DEL25/27)	1817	1862	0.9758324382384532	21591	21652
(21764,6)(S:DEL69/70)	745	806	0.924317617866005	21756	21779
(21764,6)(S:DEL69/70) C21789T(S:T76I)	56	686	0.08163265306122448	21756	21789
(21632,9)(S:DEL25/27)	14	1862	0.007518796992481203	21590	21654
