Covariants	Count	Max_count	Freq	Coverage_start	Coverage_end
C23854A(S:N764K)	598	1595	0.3749216300940439	23828	23854
T23599G(S:N679K) C23604A(S:P681H) C23664T(S:A701V)	587	1024	0.5732421875	23598	23673
C23664T(S:A701V) C23854A(S:N764K)	524	984	0.532520325203252	23662	23854
C23664T(S:A701V)	388	1997	0.1942914371557336	23660	23711
T23599G(S:N679K) C23604A(S:P681H) C23664T(S:A701V) C23854A(S:N764K)	375	409	0.9168704156479217	23598	23854
C25000T(S:D1146D)	193	253	0.7628458498023716	24995	25000
A23403G(S:D614G) C23525T(S:H655Y)	15	30	0.5	23372	23543
A23403G(S:D614G)	10	42	0.23809523809523808	23400	23403
C23604A(S:P681H) C23664T(S:A701V)	10	1032	0.009689922480620155	23602	23687
