Covariants	Count	Max_count	Freq	Coverage_start	Coverage_end
T23599G(S:N679K) C23604A(S:P681H)	136	271	0.5018450184501845	23582	23666
A24424T(S:Q954H) T24469A(S:N969K)	31	43	0.7209302325581395	24412	24488
T24469A(S:N969K)	24	100	0.24	24464	24549
C23525T(S:H655Y) T23599G(S:N679K) C23604A(S:P681H)	23	57	0.40350877192982454	23505	23638
A23403G(S:D614G)	15	144	0.10416666666666667	23345	23415
C25416T(ORF3a:F8F)	14	28	0.5	25381	25452
