Covariants	Count	Max_count	Freq	Coverage_start	Coverage_end
T23599G(S:N679K) C23604A(S:P681H)	98	204	0.4803921568627451	23580	23659
A24424T(S:Q954H) T24469A(S:N969K)	29	43	0.6744186046511628	24406	24487
C23525T(S:H655Y) T23599G(S:N679K) C23604A(S:P681H)	23	58	0.39655172413793105	23488	23607
G22813T(S:K417N) T22882G(S:N440K) G22895C(S:V445P) T22896C(S:V445P) G22898A(S:G446S)	14	39	0.358974358974359	22803	22898
C25416T(ORF3a:F8F)	13	16	0.8125	25371	25464
T24469A(S:N969K)	10	68	0.14705882352941177	24464	24545
