Covariants	Count	Max_count	Freq	Coverage_start	Coverage_end
G22317T(S:G252V)	250	411	0.6082725060827251	22209	22342
C25416T(ORF3a:F8F)	163	239	0.6820083682008368	25377	25434
C23525T(S:H655Y) G23562A	126	137	0.9197080291970803	23411	23562
A22320G(S:D253G)	81	411	0.19708029197080293	22207	22347
T21810C(S:V83A)	71	194	0.36597938144329895	21765	21900
T23385A	63	143	0.4405594405594406	23250	23385
A23403G(S:D614G)	54	75	0.72	23325	23406
(21764,6)(S:DEL69/70)	43	172	0.25	21674	21817
G21987A(S:G142D) (21990,3)(S:DEL144) C22000A(S:H146Q)	26	41	0.6341463414634146	21949	22098
C23525T(S:H655Y)	23	184	0.125	23411	23561
C23601T T23752A(S:S730S)	19	43	0.4418604651162791	23600	23752
G24858A(S:G1099D)	17	128	0.1328125	24829	24972
C23422G(S:V620V) C23525T(S:H655Y)	15	184	0.08152173913043478	23413	23561
A24388T A24424T(S:Q954H) T24469A(S:N969K) A24539G	14	19	0.7368421052631579	24387	24539
C25416T(ORF3a:F8F) G25471C(ORF3a:D27H)	14	195	0.07179487179487179	25377	25518
T21810C(S:V83A) T21877C(S:I105I)	12	110	0.10909090909090909	21765	21900
G25407A(ORF3a:M5I) C25416T(ORF3a:F8F)	12	239	0.0502092050209205	25377	25518
T22882G(S:N440K) G22895C(S:V445P) T22896C(S:V445P) G22898A(S:G446S) T22942G(S:N460K) G22992A(S:S477N) C22995A(S:T478K) A23013C(S:E484A) T23018C(S:F486P) T23019C(S:F486P) T23031C(S:F490S) A23055G(S:Q498R) A23063T(S:N501Y) T23075C(S:Y505H)	10	13	0.7692307692307693	22850	23097
A24652T	10	162	0.06172839506172839	24651	24802
