Covariants	Count	Max_count	Freq	Coverage_start	Coverage_end
T23599G(S:N679K) C23604A(S:P681H)	41	75	0.5466666666666666	23579	23665
A24424T(S:Q954H) T24469A(S:N969K)	25	32	0.78125	24406	24488
