Covariants	Count	Max_count	Freq	Coverage_start	Coverage_end
C25416T(ORF3a:F8F)	131	542	0.24169741697416974	25377	25434
(21764,6)(S:DEL69/70)	113	200	0.565	21674	21817
C22674T(S:S371F) T22679C(S:S373P) C22686T(S:S375F) A22688G(S:T376A) G22775A(S:D405N)	68	99	0.6868686868686869	22658	22781
G25409C(ORF3a:R6T)	47	542	0.08671586715867159	25377	25434
C25000T(S:D1146D)	42	54	0.7777777777777778	24926	25076
A24424T(S:Q954H) T24469A(S:N969K)	39	55	0.7090909090909091	24388	24537
G22317T(S:G252V)	35	154	0.22727272727272727	22207	22347
C23525T(S:H655Y) G23562A	32	76	0.42105263157894735	23411	23562
T21810C(S:V83A)	30	205	0.14634146341463414	21765	21900
C23854A(S:N764K)	24	29	0.8275862068965517	23690	23910
(21682,1)(S:DEL41)	21	191	0.1099476439790576	21674	21817
(25476,1)(ORF3a:DEL29)	21	488	0.0430327868852459	25377	25518
A23403G(S:D614G) C23525T(S:H655Y)	19	46	0.41304347826086957	23325	23561
G24933T(S:G1124V)	18	96	0.1875	24829	24972
C23601T T23752A(S:S730S)	17	96	0.17708333333333334	23600	23752
A23403G(S:D614G)	17	62	0.27419354838709675	23325	23468
T22882G(S:N440K) A22893C(S:K444T) T22917G(S:L452R) T22942A(S:N460K) G22992A(S:S477N) C22995A(S:T478K) A23013C(S:E484A) T23018G(S:F486V) A23055G(S:Q498R) A23063T(S:N501Y) T23075C(S:Y505H)	17	39	0.4358974358974359	22850	23097
(24866,1)(S:DEL1103)	15	139	0.1079136690647482	24738	24972
C22664A(S:L368I) C22674T(S:S371F) T22679C(S:S373P) C22686T(S:S375F) A22688G(S:T376A) G22775A(S:D405N)	14	99	0.1414141414141414	22589	22781
A23403G(S:D614G) C23525T(S:H655Y) T23599G(S:N679K) C23604A(S:P681H)	11	23	0.4782608695652174	23325	23664
T23385A	11	73	0.1506849315068493	23250	23385
C23475A(S:T638K) (23491,1)(S:DEL644) C23525T(S:H655Y)	10	118	0.0847457627118644	23414	23561
T22200G(S:V213G)	10	22	0.45454545454545453	22129	22243
