Covariants	Count	Max_count	Freq	Coverage_start	Coverage_end
A24424T(S:Q954H) T24469A(S:N969K)	45	76	0.5921052631578947	24406	24488
T23599G(S:N679K) C23604A(S:P681H)	39	137	0.2846715328467153	23579	23666
C23525T(S:H655Y) T23599G(S:N679K) C23604A(S:P681H)	28	70	0.4	23508	23608
G22317T(S:G252V)	19	32	0.59375	22256	22322
T24469A(S:N969K)	16	110	0.14545454545454545	24464	24565
C25416T(ORF3a:F8F)	15	25	0.6	25371	25452
(23334,1)(S:DEL592)	13	71	0.18309859154929578	23323	23336
A23403G(S:D614G)	12	104	0.11538461538461539	23309	23436
A24424T(S:Q954H)	11	78	0.14102564102564102	24406	24488
G22813T(S:K417N) T22882G(S:N440K) G22895C(S:V445P) T22896C(S:V445P) G22898A(S:G446S) T22942G(S:N460K)	10	26	0.38461538461538464	22791	22944
G22813T(S:K417N) T22882G(S:N440K) G22895C(S:V445P) T22896C(S:V445P) G22898A	10	41	0.24390243902439024	22791	22898
