Covariants	Count	Max_count	Freq	Coverage_start	Coverage_end
T22942G(S:N460K)	19	34	0.5588235294117647	22940	22946
A23403G(S:D614G)	13	29	0.4482758620689655	23402	23404
