Covariants	Count	Max_count	Freq	Coverage_start	Coverage_end
T23599G(S:N679K) C23604A(S:P681H)	182	432	0.4212962962962963	23580	23666
C23525T(S:H655Y) T23599G(S:N679K) C23604A(S:P681H)	44	131	0.33587786259541985	23507	23607
A24424T(S:Q954H) T24469A(S:N969K)	39	82	0.47560975609756095	24406	24488
(23486,1)(S:DEL643) C23525T(S:H655Y) T23599G(S:N679K) C23604A(S:P681H)	29	104	0.27884615384615385	23477	23607
T24469A(S:N969K)	26	133	0.19548872180451127	24464	24545
A24424T(S:Q954H)	22	82	0.2682926829268293	24415	24488
A23403G(S:D614G)	14	105	0.13333333333333333	23351	23405
T23487G C23525T(S:H655Y) T23599G(S:N679K) C23604A(S:P681H)	13	105	0.12380952380952381	23486	23607
T23599G(S:N679K) C23604A(S:P681H) C23673T(S:S704L)	11	253	0.043478260869565216	23579	23687
(25262,1)(S:DEL1235)	10	28	0.35714285714285715	25248	25295
C25416T(ORF3a:F8F)	10	25	0.4	25382	25440
