Covariants	Count	Max_count	Freq	Coverage_start	Coverage_end
C23525T(S:H655Y) T23599G(S:N679K) C23604A(S:P681H)	78	170	0.4588235294117647	23504	23607
A24424T(S:Q954H) T24469A(S:N969K)	75	115	0.6521739130434783	24413	24488
T23599G(S:N679K) C23604A(S:P681H)	68	297	0.22895622895622897	23579	23666
C25416T(ORF3a:F8F)	48	78	0.6153846153846154	25371	25446
G22317T(S:G252V)	32	56	0.5714285714285714	22258	22323
C25000T(S:D1146D)	19	44	0.4318181818181818	24984	25069
(23486,1)(S:DEL643) C23525T(S:H655Y) T23599G(S:N679K) C23604A(S:P681H)	17	154	0.11038961038961038	23471	23645
C23854A(S:N764K)	17	124	0.13709677419354838	23765	23888
A23403G(S:D614G)	15	144	0.10416666666666667	23296	23426
C23525T(S:H655Y)	15	204	0.07352941176470588	23485	23553
(25262,1)(S:DEL1235)	15	51	0.29411764705882354	25248	25326
G22813T(S:K417N) T22882G(S:N440K)	14	71	0.19718309859154928	22791	22886
T23487G C23525T(S:H655Y) T23599G(S:N679K) C23604A(S:P681H)	14	155	0.09032258064516129	23486	23645
A24424T(S:Q954H)	14	119	0.11764705882352941	24406	24488
G22813T(S:K417N) T22882G G22895C(S:V445P) T22896C(S:V445P) G22898A(S:G446S)	13	47	0.2765957446808511	22801	22898
(23334,1)(S:DEL592) A23403G(S:D614G)	10	102	0.09803921568627451	23322	23408
