Covariants	Count	Max_count	Freq	Coverage_start	Coverage_end
C23525T(S:H655Y) G23562A	118	182	0.6483516483516484	23411	23562
G22317T(S:G252V)	98	167	0.5868263473053892	22306	22343
C25416T(ORF3a:F8F)	90	169	0.5325443786982249	25381	25434
(21764,6)(S:DEL69/70)	61	112	0.5446428571428571	21676	21817
T23599G(S:N679K) C23604A(S:P681H)	51	59	0.864406779661017	23514	23664
T21810C(S:V83A)	38	118	0.3220338983050847	21776	21900
T23385A	19	44	0.4318181818181818	23250	23385
T22882G(S:N440K) G22895C(S:V445P) T22896C(S:V445P) G22898A(S:G446S) T22942G(S:N460K) G22992A(S:S477N) C22995A(S:T478K) A23013C(S:E484A) T23018C(S:F486P) T23019C(S:F486P) T23031C(S:F490S) A23055G(S:Q498R) A23063T(S:N501Y) T23075C(S:Y505H)	15	21	0.7142857142857143	22850	23097
A23403G(S:D614G)	15	24	0.625	23325	23468
A22320G(S:D253G)	13	167	0.07784431137724551	22207	22347
A24652T	13	106	0.12264150943396226	24651	24802
C23601T T23752A(S:S730S)	12	17	0.7058823529411765	23600	23752
G21987A(S:G142D) (21990,3)(S:DEL144) C22000A(S:H146Q)	11	15	0.7333333333333333	21949	22098
(23465,'T')(S:INS636) C23525T(S:H655Y)	11	159	0.06918238993710692	23411	23561
C22674T(S:S371F) T22679C(S:S373P) C22686T(S:S375F) A22688G(S:T376A) G22775A(S:D405N)	10	21	0.47619047619047616	22589	22781
C22664A(S:L368I) C22674T(S:S371F) T22679C(S:S373P) C22686T(S:S375F) A22688G(S:T376A) G22775A(S:D405N)	10	21	0.47619047619047616	22589	22781
C23525T(S:H655Y)	10	210	0.047619047619047616	23411	23561
