Covariants	Count	Max_count	Freq	Coverage_start	Coverage_end
C25416T(ORF3a:F8F)	78	161	0.484472049689441	25381	25434
G22317T(S:G252V)	62	133	0.46616541353383456	22207	22339
C23525T(S:H655Y) G23562A	43	63	0.6825396825396826	23411	23562
A21717G(S:Q52R) (21764,6)(S:DEL69/70)	40	116	0.3448275862068966	21674	21817
C25000T(S:D1146D)	36	45	0.8	24927	25076
(21764,6)(S:DEL69/70)	30	127	0.23622047244094488	21674	21817
T22882G(S:N440K) G22895C(S:V445P) T22896C(S:V445P) G22898A(S:G446S) T22942G(S:N460K) G22992A(S:S477N) C22995A(S:T478K) A23013C(S:E484A) T23018C(S:F486P) T23019C(S:F486P) T23031C(S:F490S) A23055G(S:Q498R) A23063T(S:N501Y) T23075C(S:Y505H)	29	45	0.6444444444444445	22850	23094
T23385A	27	96	0.28125	23250	23385
T21810C(S:V83A)	22	137	0.16058394160583941	21765	21900
A23403G(S:D614G)	19	68	0.27941176470588236	23325	23468
C23854A(S:N764K)	14	15	0.9333333333333333	23690	23910
C22674T(S:S371F) T22679C(S:S373P) C22686T(S:S375F) A22688G(S:T376A) G22775A(S:D405N)	13	18	0.7222222222222222	22589	22781
A23403G(S:D614G) C23525T(S:H655Y)	11	34	0.3235294117647059	23325	23561
A23403G(S:D614G) C23525T(S:H655Y) T23599G(S:N679K) C23604A(S:P681H)	10	17	0.5882352941176471	23325	23664
