Covariants	Count	Max_count	Freq	Coverage_start	Coverage_end
C25416T(ORF3a:F8F)	45	65	0.6923076923076923	25377	25434
G22317T(S:G252V)	28	42	0.6666666666666666	22207	22347
C23525T(S:H655Y) G23562A	20	20	1.0	23411	23562
T23385A	18	26	0.6923076923076923	23250	23385
T21810C(S:V83A)	16	28	0.5714285714285714	21765	21900
G21987A(S:G142D) (21990,3)(S:DEL144) C22000A(S:H146Q)	13	15	0.8666666666666667	21949	22098
