Covariants	Count	Max_count	Freq	Coverage_start	Coverage_end
T23599G(S:N679K) C23604A(S:P681H)	41	92	0.44565217391304346	23579	23664
A24424T(S:Q954H) T24469A(S:N969K)	17	35	0.4857142857142857	24410	24488
(25262,1)(S:DEL1235)	14	16	0.875	25249	25295
T24469A(S:N969K)	12	61	0.19672131147540983	24464	24538
T22200A(S:V213E)	10	16	0.625	22117	22208
