Covariants	Count	Max_count	Freq	Coverage_start	Coverage_end
T23599G(S:N679K) C23604A(S:P681H)	436	1031	0.42289039767216297	23593	23645
A24424T(S:Q954H) T24469A(S:N969K)	116	198	0.5858585858585859	24412	24488
C25416T(ORF3a:F8F)	113	233	0.48497854077253216	25381	25452
C23525T(S:H655Y) T23599G(S:N679K) C23604A(S:P681H)	105	290	0.3620689655172414	23505	23607
G22317T(S:G252V)	86	134	0.6417910447761194	22306	22324
(25262,1)(S:DEL1235)	49	142	0.34507042253521125	25248	25295
(23334,1)(S:DEL592)	46	283	0.1625441696113074	23322	23336
T23487G C23525T(S:H655Y) T23599G(S:N679K) C23604A(S:P681H)	41	238	0.1722689075630252	23486	23607
T24469A(S:N969K)	40	319	0.12539184952978055	24464	24538
A24424T(S:Q954H)	39	206	0.18932038834951456	24406	24487
A23403G(S:D614G)	36	387	0.09302325581395349	23351	23406
(23334,1)(S:DEL592) A23403G(S:D614G)	35	231	0.15151515151515152	23322	23406
(23486,1)(S:DEL643) C23525T(S:H655Y) T23599G(S:N679K) C23604A(S:P681H)	29	236	0.1228813559322034	23471	23607
T23599G(S:N679K) C23604A(S:P681H) C23635T(S:S691S)	25	1011	0.024727992087042534	23579	23666
C23854A(S:N764K)	25	216	0.11574074074074074	23765	23855
C25000T(S:D1146D)	22	94	0.23404255319148937	24984	25004
G22813T(S:K417N) T22882G(S:N440K) G22895C(S:V445P) T22896C(S:V445P) G22898A(S:G446S)	21	103	0.20388349514563106	22800	22898
G22813T(S:K417N) T22882G(S:N440K) G22895C(S:V445P) T22896C(S:V445P) G22898A(S:G446S) T22942G(S:N460K)	18	66	0.2727272727272727	22801	22944
(24981,1)(S:DEL1141) C25000T(S:D1146D)	17	69	0.2463768115942029	24857	25001
T23599G(S:N679K) C23604A(S:P681H) (23665,1)(S:DEL702)	17	709	0.023977433004231313	23579	23666
G22813T(S:K417N) T22882G(S:N440K) G22895C(S:V445P) T22896C(S:V445P)	15	124	0.12096774193548387	22791	22897
A23403G(S:D614G) C23525T(S:H655Y)	15	133	0.11278195488721804	23351	23540
C23525T(S:H655Y)	13	468	0.027777777777777776	23471	23552
A23013C(S:E484A) T23018C(S:F486P) T23019C(S:F486P) T23031C(S:F490S) A23055G(S:Q498R) A23063T(S:N501Y) T23075C(S:Y505H)	13	21	0.6190476190476191	23005	23097
(24672,1)(S:DEL1038)	12	99	0.12121212121212122	24607	24673
A23403G(S:D614G) (23486,1)(S:DEL643) C23525T(S:H655Y)	11	133	0.08270676691729323	23342	23535
C25416T(ORF3a:F8F) (25555,1)(ORF3a:DEL56)	11	36	0.3055555555555556	25371	25572
