Covariants	Count	Max_count	Freq	Coverage_start	Coverage_end
A24424T(S:Q954H) T24469A(S:N969K)	52	89	0.5842696629213483	24406	24488
C23525T(S:H655Y) T23599G(S:N679K) C23604A(S:P681H)	45	119	0.37815126050420167	23508	23607
C23854A(S:N764K)	31	142	0.21830985915492956	23811	23860
T23487G C23525T(S:H655Y) T23599G(S:N679K) C23604A(S:P681H)	19	101	0.18811881188118812	23486	23607
(25262,1)(S:DEL1235)	14	34	0.4117647058823529	25119	25295
A24424T(S:Q954H)	13	89	0.14606741573033707	24406	24488
(23486,1)(S:DEL643) C23525T(S:H655Y) T23599G(S:N679K) C23604A(S:P681H)	12	100	0.12	23471	23645
