Covariants	Count	Max_count	Freq	Coverage_start	Coverage_end
C22109G(S:Q183E)	64	75	0.8533333333333334	22066	22113
T22942G(S:N460K)	29	56	0.5178571428571429	22940	22946
