Covariants	Count	Max_count	Freq	Coverage_start	Coverage_end
A24424T(S:Q954H) T24469A(S:N969K)	19	35	0.5428571428571428	24406	24488
C25169T(S:L1203F)	10	45	0.2222222222222222	25130	25217
