Covariants	Count	Max_count	Freq	Coverage_start	Coverage_end
T23599G(S:N679K) C23604A(S:P681H)	205	381	0.5380577427821522	23579	23664
C25416T(ORF3a:F8F)	49	72	0.6805555555555556	25381	25464
C21618T(S:T19I) (21632,9)(S:DEL25/27)	36	52	0.6923076923076923	21606	21663
C23525T(S:H655Y) T23599G(S:N679K) C23604A(S:P681H)	20	68	0.29411764705882354	23508	23607
A24424T(S:Q954H) T24469A(S:N969K)	18	31	0.5806451612903226	24415	24488
(23486,1)(S:DEL643) C23525T(S:H655Y) T23599G(S:N679K) C23604A(S:P681H)	16	58	0.27586206896551724	23471	23645
(23334,1)(S:DEL592)	11	101	0.10891089108910891	23322	23336
A23403G(S:D614G) C23525T(S:H655Y)	11	50	0.22	23339	23532
