Covariants	Count	Max_count	Freq	Coverage_start	Coverage_end
T23599G(S:N679K) C23604A(S:P681H)	86	308	0.2792207792207792	23593	23660
T23599G(S:N679K) C23604A(S:P681H) C23664T(S:A701V)	67	294	0.22789115646258504	23579	23666
T23599G(S:N679K) C23604A(S:P681H) (23641,1)(S:DEL694) C23664T(S:A701V)	41	294	0.13945578231292516	23579	23665
(25262,1)(S:DEL1235)	26	39	0.6666666666666666	25252	25320
T24469A(S:N969K)	25	81	0.30864197530864196	24464	24545
C25000T(S:D1146D)	23	31	0.7419354838709677	24984	25066
A24424T(S:Q954H) T24469A(S:N969K)	11	23	0.4782608695652174	24406	24493
(24253,1)(S:DEL898)	10	23	0.43478260869565216	24217	24262
