Covariants	Count	Max_count	Freq	Coverage_start	Coverage_end
C25416T(ORF3a:F8F)	1895	1957	0.9683188553909045	25385	25437
T21810C(S:V83A)	961	1864	0.5155579399141631	21809	21810
C21618T(S:T19I) (21632,9)(S:DEL25/27)	828	1459	0.5675119945167924	21616	21648
C21618T(S:T19I) (21632,9)(S:DEL25/27) T21810C(S:V83A)	511	748	0.6831550802139037	21613	21812
G23948T(S:D796Y)	289	311	0.9292604501607717	23946	23967
(21632,9)(S:DEL25/27)	55	1473	0.0373387644263408	21620	21653
(21632,9)(S:DEL25/27) T21810C(S:V83A)	39	758	0.051451187335092345	21620	21812
