Covariants	Count	Max_count	Freq	Coverage_start	Coverage_end
G22317T(S:G252V)	32	41	0.7804878048780488	22247	22347
C25416T(ORF3a:F8F)	32	34	0.9411764705882353	25377	25434
T23385A	18	25	0.72	23250	23385
