Covariants	Count	Max_count	Freq	Coverage_start	Coverage_end
C25416T(ORF3a:F8F)	252	379	0.6649076517150396	25377	25423
C23525T(S:H655Y) G23562A	204	232	0.8793103448275862	23411	23562
T21810C(S:V83A)	190	276	0.6884057971014492	21765	21824
G22317T(S:G252V)	104	424	0.24528301886792453	22245	22347
G22317T(S:G252V) G22319T(S:D253Y)	63	424	0.14858490566037735	22207	22347
T23385A	60	158	0.379746835443038	23250	23385
(21764,6)(S:DEL69/70)	48	266	0.18045112781954886	21674	21817
A23403G(S:D614G)	45	95	0.47368421052631576	23325	23468
T22882G(S:N440K) G22895C(S:V445P) T22896C(S:V445P) G22898A(S:G446S) T22942G(S:N460K) G22992A(S:S477N) C22995A(S:T478K) A23013C(S:E484A) T23018C(S:F486P) T23019C(S:F486P) T23031C(S:F490S) A23055G(S:Q498R) A23063T(S:N501Y) T23075C(S:Y505H)	44	55	0.8	22850	23097
A22320G(S:D253G)	43	424	0.10141509433962265	22207	22347
C25000T(S:D1146D)	39	43	0.9069767441860465	24926	25076
C23525T(S:H655Y)	31	312	0.09935897435897435	23447	23561
A24388T A24424T(S:Q954H) T24469A(S:N969K) A24539G	29	56	0.5178571428571429	24387	24539
A23403G(S:D614G) C23525T(S:H655Y)	28	43	0.6511627906976745	23325	23561
C22664A(S:L368I) C22674T(S:S371F) T22679C(S:S373P) C22686T(S:S375F) A22688G(S:T376A) G22775A(S:D405N)	27	54	0.5	22589	22781
A24652T	25	175	0.14285714285714285	24651	24802
C22674T(S:S371F) T22679C(S:S373P) C22686T(S:S375F) A22688G(S:T376A) G22775A(S:D405N)	21	54	0.3888888888888889	22589	22781
G21987A(S:G142D) (21990,3)(S:DEL144) C22000A(S:H146Q)	21	62	0.3387096774193548	21949	22098
T22200G(S:V213G)	20	48	0.4166666666666667	22129	22243
A24424T(S:Q954H) T24469A(S:N969K)	20	71	0.28169014084507044	24388	24537
T25356C(S:L1265P)	16	201	0.07960199004975124	25306	25434
G21987A(S:G142D) T22099A(S:L179L)	12	15	0.8	21949	22100
C22251T(S:P230L)	11	396	0.027777777777777776	22207	22347
T22200A(S:V213E) G22317T(S:G252V)	10	29	0.3448275862068966	22129	22347
