Covariants	Count	Max_count	Freq	Coverage_start	Coverage_end
T23599G(S:N679K) C23604A(S:P681H)	392	993	0.3947633434038268	23593	23655
A24424T(S:Q954H) T24469A(S:N969K)	182	307	0.5928338762214984	24410	24478
C23525T(S:H655Y) T23599G(S:N679K) C23604A(S:P681H)	151	364	0.41483516483516486	23516	23605
C25416T(ORF3a:F8F)	121	223	0.5426008968609866	25381	25452
A23403G(S:D614G)	60	359	0.1671309192200557	23345	23405
C23854A(S:N764K)	58	378	0.15343915343915343	23765	23856
(23486,1)(S:DEL643) C23525T(S:H655Y) T23599G(S:N679K) C23604A(S:P681H)	53	308	0.17207792207792208	23471	23645
(25262,1)(S:DEL1235)	41	161	0.2546583850931677	25248	25263
C23525T(S:H655Y)	41	541	0.07578558225508318	23485	23551
G22813T(S:K417N) T22882G(S:N440K) G22895C(S:V445P) T22896C(S:V445P) G22898A(S:G446S)	36	119	0.3025210084033613	22808	22898
C25000T(S:D1146D)	35	116	0.3017241379310345	24992	25013
G22317T(S:G252V)	31	62	0.5	22256	22323
A24424T(S:Q954H)	30	313	0.09584664536741214	24415	24488
T24469A(S:N969K)	21	387	0.05426356589147287	24464	24543
T23487G C23525T(S:H655Y) T23599G(S:N679K) C23604A(S:P681H)	20	312	0.0641025641025641	23486	23607
(23334,1)(S:DEL592) A23403G(S:D614G)	20	227	0.0881057268722467	23322	23405
G22813T(S:K417N) T22882G(S:N440K) G22895C(S:V445P) T22896C(S:V445P) G22898A(S:G446S) T22942G(S:N460K)	19	57	0.3333333333333333	22799	22949
G22813T(S:K417N) T22882G(S:N440K)	19	157	0.12101910828025478	22791	22883
T23075C(S:Y505H)	18	41	0.43902439024390244	23074	23156
C21618T(S:T19I) (21632,9)(S:DEL25/27)	14	27	0.5185185185185185	21596	21671
(24981,1)(S:DEL1141) C25000T(S:D1146D)	13	84	0.15476190476190477	24849	25002
A23403G(S:D614G) C23525T(S:H655Y)	13	98	0.1326530612244898	23351	23532
C23595T(S:T678I) T23599G(S:N679K) C23604A(S:P681H)	13	985	0.013197969543147208	23579	23666
T22200A(S:V213E)	12	26	0.46153846153846156	22117	22200
