Covariants	Count	Max_count	Freq	Coverage_start	Coverage_end
T23599G(S:N679K) C23604A(S:P681H)	707	1386	0.51010101010101	23580	23645
A24424T(S:Q954H) T24469A(S:N969K)	184	280	0.6571428571428571	24409	24478
C23525T(S:H655Y) T23599G(S:N679K) C23604A(S:P681H)	123	314	0.39171974522292996	23505	23605
C25416T(ORF3a:F8F)	105	170	0.6176470588235294	25381	25446
(25262,1)(S:DEL1235)	56	171	0.32748538011695905	25248	25263
(23486,1)(S:DEL643) C23525T(S:H655Y) T23599G(S:N679K) C23604A(S:P681H)	45	278	0.1618705035971223	23471	23607
G22317T(S:G252V)	41	72	0.5694444444444444	22263	22324
C23854A(S:N764K)	37	233	0.15879828326180256	23790	23856
A23403G(S:D614G)	34	297	0.11447811447811448	23345	23411
(23334,1)(S:DEL592) A23403G(S:D614G)	32	219	0.1461187214611872	23323	23406
A24424T(S:Q954H)	31	301	0.10299003322259136	24410	24425
T22200A(S:V213E)	30	44	0.6818181818181818	22117	22201
(23334,1)(S:DEL592)	29	269	0.10780669144981413	23322	23336
G22813T(S:K417N) T22882G(S:N440K) G22895C(S:V445P) T22896C(S:V445P) G22898A(S:G446S) T22942G(S:N460K)	28	61	0.45901639344262296	22791	22948
T24469A(S:N969K)	28	391	0.07161125319693094	24464	24537
C25000T(S:D1146D)	28	83	0.3373493975903614	24985	25062
G22813T(S:K417N) T22882G(S:N440K) G22895C(S:V445P) T22896C(S:V445P) G22898A(S:G446S)	26	97	0.26804123711340205	22791	22898
A23403G(S:D614G) C23525T(S:H655Y)	24	100	0.24	23333	23532
C23525T(S:H655Y)	22	455	0.04835164835164835	23471	23552
T23075C(S:Y505H)	21	48	0.4375	23074	23156
T23487G C23525T(S:H655Y) T23599G(S:N679K) C23604A(S:P681H)	18	278	0.06474820143884892	23486	23645
(24981,1)(S:DEL1141) C25000T(S:D1146D)	14	40	0.35	24849	25009
T23335C A23403G(S:D614G)	11	221	0.049773755656108594	23334	23414
(24320,1)(S:DEL921)	11	132	0.08333333333333333	24226	24321
G22813T(S:K417N) T22882G(S:N440K) G22895C(S:V445P) T22896C(S:V445P)	10	113	0.08849557522123894	22791	22897
(25262,1)(S:DEL1235) C25416T(ORF3a:F8F)	10	14	0.7142857142857143	25248	25416
