Covariants	Count	Max_count	Freq	Coverage_start	Coverage_end
A24730T(S:A1056A) A24742G(S:V1060V)	4473	5796	0.7717391304347826	24729	24742
T24469A(S:N969K)	2525	3927	0.6429844665138783	24468	24533
C25416T(ORF3a:F8F)	2260	2325	0.9720430107526882	25354	25416
T24469A(S:N969K) A24730T(S:A1056A) A24742G(S:V1060V)	971	1068	0.9091760299625468	24468	24742
A24730T(S:A1056A)	720	6579	0.1094391244870041	24729	24730
C21618T(S:T19I) (21632,9)(S:DEL25/27)	676	705	0.9588652482269504	21591	21652
T24469A(S:N969K) A24730T(S:A1056A)	228	1272	0.1792452830188679	24468	24730
C21618T(S:T19I)	161	875	0.184	21551	21618
A24742G(S:V1060V)	44	5796	0.00759144237405107	24730	24742
(21632,9)(S:DEL25/27)	17	705	0.024113475177304965	21591	21648
A25253G(S:T1231A)	13	8377	0.0015518682105765788	25217	25262
