Covariants	Count	Max_count	Freq	Coverage_start	Coverage_end
C25416T(ORF3a:F8F)	71	140	0.5071428571428571	25377	25434
G22317T(S:G252V)	58	100	0.58	22207	22347
T21810C(S:V83A)	32	74	0.43243243243243246	21764	21900
C23525T(S:H655Y) G23562A	32	35	0.9142857142857143	23411	23562
A23403G(S:D614G)	26	30	0.8666666666666667	23336	23468
(21764,6)(S:DEL69/70)	25	74	0.33783783783783783	21674	21817
T23385A	25	58	0.43103448275862066	23250	23385
C25000T(S:D1146D)	20	22	0.9090909090909091	24976	25076
T25502C(ORF3a:I37T) C25521T(ORF3a:F43F)	19	51	0.37254901960784315	25377	25527
A24424T(S:Q954H) T24469A(S:N969K)	12	27	0.4444444444444444	24388	24539
T23247C(S:F562S)	11	52	0.21153846153846154	23129	23277
