Covariants	Count	Max_count	Freq	Coverage_start	Coverage_end
A24424T(S:Q954H) T24469A(S:N969K)	191	316	0.6044303797468354	24415	24488
T23599G(S:N679K) C23604A(S:P681H)	76	301	0.25249169435215946	23579	23665
C25416T(ORF3a:F8F)	68	129	0.5271317829457365	25382	25451
C23525T(S:H655Y) T23599G(S:N679K) C23604A(S:P681H)	59	172	0.3430232558139535	23509	23607
A24424T(S:Q954H)	49	316	0.1550632911392405	24410	24488
(25262,1)(S:DEL1235)	49	85	0.5764705882352941	25248	25263
(23334,1)(S:DEL592)	43	158	0.2721518987341772	23317	23337
T23487G C23525T(S:H655Y) T23599G(S:N679K) C23604A(S:P681H)	34	143	0.23776223776223776	23486	23607
A24900T(S:Q1113L)	26	64	0.40625	24849	24921
T24469A(S:N969K)	24	384	0.0625	24464	24536
G22317T(S:G252V)	23	41	0.5609756097560976	22256	22332
A23403G(S:D614G)	17	149	0.11409395973154363	23282	23444
G22813T(S:K417N) T22882G(S:N440K)	16	48	0.3333333333333333	22791	22884
C23854A(S:N764K)	10	144	0.06944444444444445	23699	23866
