Covariants	Count	Max_count	Freq	Coverage_start	Coverage_end
A24424T(S:Q954H) T24469A(S:N969K)	45	75	0.6	24406	24488
A24424T(S:Q954H)	14	75	0.18666666666666668	24406	24488
(23334,1)(S:DEL592)	12	20	0.6	23268	23339
C25416T(ORF3a:F8F)	12	31	0.3870967741935484	25381	25440
T23599G(S:N679K) C23604A(S:P681H)	11	38	0.2894736842105263	23579	23664
