Covariants	Count	Max_count	Freq	Coverage_start	Coverage_end
T23599G(S:N679K) C23604A(S:P681H)	309	931	0.3319011815252417	23584	23645
A24424T(S:Q954H) T24469A(S:N969K)	180	301	0.5980066445182725	24406	24478
C23525T(S:H655Y) T23599G(S:N679K) C23604A(S:P681H)	119	372	0.31989247311827956	23504	23607
C25416T(ORF3a:F8F)	70	121	0.5785123966942148	25381	25449
A24424T(S:Q954H)	56	317	0.17665615141955837	24413	24488
(23486,1)(S:DEL643) C23525T(S:H655Y) T23599G(S:N679K) C23604A(S:P681H)	52	307	0.16938110749185667	23471	23607
T23487G C23525T(S:H655Y) T23599G(S:N679K) C23604A(S:P681H)	41	310	0.13225806451612904	23486	23607
A23403G(S:D614G)	40	352	0.11363636363636363	23342	23425
C23854A(S:N764K)	35	317	0.11041009463722397	23792	23888
C25000T(S:D1146D)	31	76	0.40789473684210525	24986	25069
T23599G(S:N679K) C23604A(S:P681H) C23664T(S:A701V)	30	511	0.05870841487279843	23584	23664
(23334,1)(S:DEL592)	30	276	0.10869565217391304	23322	23336
(25262,1)(S:DEL1235)	27	145	0.18620689655172415	25248	25263
C23525T(S:H655Y)	24	544	0.04411764705882353	23485	23540
A23403G(S:D614G) C23525T(S:H655Y)	21	101	0.2079207920792079	23351	23529
(23334,1)(S:DEL592) A23403G(S:D614G)	18	219	0.0821917808219178	23322	23403
G22317T(S:G252V)	16	21	0.7619047619047619	22242	22322
(24981,1)(S:DEL1141) C25000T(S:D1146D)	13	42	0.30952380952380953	24849	25004
G22813T(S:K417N) T22882G(S:N440K) G22895C(S:V445P) T22896C(S:V445P)	12	60	0.2	22791	22897
(24320,1)(S:DEL921)	11	68	0.16176470588235295	24233	24321
T23075C(S:Y505H)	10	19	0.5263157894736842	23074	23158
