Covariants	Count	Max_count	Freq	Coverage_start	Coverage_end
T23599G(S:N679K) C23604A(S:P681H)	187	479	0.3903966597077244	23579	23661
A24424T(S:Q954H) T24469A(S:N969K)	166	268	0.6194029850746269	24415	24486
C23525T(S:H655Y) T23599G(S:N679K) C23604A(S:P681H)	60	195	0.3076923076923077	23501	23607
C25416T(ORF3a:F8F)	57	98	0.5816326530612245	25381	25438
A24424T(S:Q954H)	41	269	0.1524163568773234	24410	24486
(25262,1)(S:DEL1235)	36	72	0.5	25248	25263
A23403G(S:D614G)	36	222	0.16216216216216217	23351	23405
(23334,1)(S:DEL592)	32	229	0.13973799126637554	23322	23336
(23486,1)(S:DEL643) C23525T(S:H655Y) T23599G(S:N679K) C23604A(S:P681H)	31	167	0.18562874251497005	23473	23607
C23854A(S:N764K)	30	139	0.2158273381294964	23775	23858
G22317T(S:G252V)	30	68	0.4411764705882353	22256	22324
G22813T(S:K417N) T22882G(S:N440K) G22895C(S:V445P) T22896C(S:V445P) G22898A(S:G446S)	24	104	0.23076923076923078	22791	22898
C25000T(S:D1146D)	20	42	0.47619047619047616	24984	25069
(23334,1)(S:DEL592) A23403G(S:D614G)	15	154	0.09740259740259741	23322	23403
T23487G C23525T(S:H655Y) T23599G(S:N679K) C23604A(S:P681H)	14	167	0.08383233532934131	23486	23609
G22813T(S:K417N) T22882G(S:N440K) G22895C(S:V445P) T22896C(S:V445P) G22898A(S:G446S) T22930A(S:F456L) T22942G(S:N460K)	13	66	0.19696969696969696	22791	22949
T24469A(S:N969K)	13	311	0.04180064308681672	24464	24560
(24981,1)(S:DEL1141) C25000T(S:D1146D)	12	19	0.631578947368421	24857	25000
A22320G(S:D253G)	11	68	0.16176470588235295	22242	22322
C23525T(S:H655Y)	11	229	0.048034934497816595	23485	23553
T23599G(S:N679K) C23604A(S:P681H) C23664T(S:A701V)	11	271	0.04059040590405904	23579	23666
(24253,1)(S:DEL898)	11	76	0.14473684210526316	24217	24262
G22813T(S:K417N) T22882G(S:N440K)	11	135	0.08148148148148149	22791	22887
