Covariants	Count	Max_count	Freq	Coverage_start	Coverage_end
C21618T(S:T19I) (21632,9)(S:DEL25/27)	1700	1793	0.9481316229782487	21611	21652
C23854A(S:N764K)	1316	1658	0.7937273823884198	23830	23854
T23599G(S:N679K) C23604A(S:P681H)	632	929	0.6803013993541442	23598	23673
C21618T(S:T19I)	382	2198	0.1737943585077343	21543	21618
T23599G(S:N679K) C23604A(S:P681H) C23854A(S:N764K)	231	260	0.8884615384615384	23597	23854
C23604A(S:P681H)	30	944	0.03177966101694915	23602	23678
(21632,9)(S:DEL25/27)	25	1793	0.013943112102621304	21611	21656
C21618T(S:T19I) (21632,9)(S:DEL25/27) T21633C	20	1793	0.011154489682097044	21535	21653
