Covariants	Count	Max_count	Freq	Coverage_start	Coverage_end
C25416T(ORF3a:F8F)	316	364	0.8681318681318682	25385	25434
G22317T(S:G252V)	284	350	0.8114285714285714	22207	22339
T21810C(S:V83A)	117	193	0.6062176165803109	21792	21900
A23403G(S:D614G)	110	149	0.738255033557047	23325	23439
C23525T(S:H655Y) G23562A	84	101	0.8316831683168316	23411	23562
T23385A	68	226	0.3008849557522124	23250	23385
(21764,6)(S:DEL69/70)	23	187	0.12299465240641712	21684	21817
T22882G(S:N440K) G22895C(S:V445P) T22896C(S:V445P) G22898A(S:G446S) T22942G(S:N460K) G22992A(S:S477N) C22995A(S:T478K) A23013C(S:E484A) T23018C(S:F486P) T23019C(S:F486P) T23031C(S:F490S) A23055G(S:Q498R) A23063T(S:N501Y) T23075C(S:Y505H)	18	27	0.6666666666666666	22851	23097
C25000T(S:D1146D)	17	21	0.8095238095238095	24935	25076
T22200A(S:V213E) G22317T(S:G252V)	16	18	0.8888888888888888	22129	22347
A24652T	15	133	0.11278195488721804	24651	24803
A23403G(S:D614G) C23525T(S:H655Y)	14	22	0.6363636363636364	23325	23561
C23601T T23752A(S:S730S)	13	56	0.23214285714285715	23600	23752
C22664A(S:L368I) C22674T(S:S371F) T22679C(S:S373P) C22686T(S:S375F) A22688G(S:T376A) G22775A(S:D405N)	12	21	0.5714285714285714	22589	22781
(23254,'T')(S:INS565) A23403G(S:D614G)	12	100	0.12	23250	23468
G21987A(S:G142D) (21990,3)(S:DEL144) C22000A(S:H146Q)	11	16	0.6875	21949	22098
C23525T(S:H655Y)	11	136	0.08088235294117647	23459	23534
