Covariants	Count	Max_count	Freq	Coverage_start	Coverage_end
T23599G(S:N679K) C23604A(S:P681H)	76	179	0.4245810055865922	23579	23664
A24424T(S:Q954H) T24469A(S:N969K)	23	45	0.5111111111111111	24410	24488
T24469A(S:N969K)	17	87	0.19540229885057472	24464	24535
C23525T(S:H655Y) T23599G(S:N679K) C23604A(S:P681H)	13	44	0.29545454545454547	23505	23637
(25262,1)(S:DEL1235)	11	21	0.5238095238095238	25249	25295
