Covariants	Count	Max_count	Freq	Coverage_start	Coverage_end
G22317T(S:G252V)	295	404	0.7301980198019802	22233	22323
C25416T(ORF3a:F8F)	186	214	0.8691588785046729	25382	25434
T21810C(S:V83A)	170	235	0.723404255319149	21787	21817
A23403G(S:D614G)	62	105	0.5904761904761905	23378	23439
C23525T(S:H655Y) G23562A	42	69	0.6086956521739131	23411	23562
T22882G(S:N440K) G22895C(S:V445P) T22896C(S:V445P) G22898A(S:G446S) T22942G(S:N460K) G22992A(S:S477N) C22995A(S:T478K) A23013C(S:E484A) T23018C(S:F486P) T23019C(S:F486P) T23031C(S:F490S) A23055G(S:Q498R) A23063T(S:N501Y) T23075C(S:Y505H)	40	44	0.9090909090909091	22850	23097
T23385A	39	145	0.2689655172413793	23250	23385
T22200A(S:V213E) G22317T(S:G252V)	36	42	0.8571428571428571	22129	22347
G21987A(S:G142D) (21990,3)(S:DEL144) C22000A(S:H146Q)	35	45	0.7777777777777778	21949	22098
C25000T(S:D1146D)	32	43	0.7441860465116279	24926	25075
(23230,1)(S:DEL557) A23232T(S:K557L)	32	174	0.1839080459770115	23129	23277
A24424T(S:Q954H) T24469A(S:N969K)	26	52	0.5	24388	24621
A23403G(S:D614G) C23525T(S:H655Y)	24	40	0.6	23325	23561
C23601T T23752A(S:S730S)	23	38	0.6052631578947368	23600	23752
C25416T(ORF3a:F8F) G25437T(ORF3a:L15F)	20	195	0.10256410256410256	25377	25518
T22200A(S:V213E)	18	62	0.2903225806451613	22129	22243
C22664A(S:L368I) C22674T(S:S371F) T22679C(S:S373P) C22686T(S:S375F) A22688G(S:T376A) G22775A(S:D405N)	14	17	0.8235294117647058	22589	22781
A24388T A24424T(S:Q954H) T24469A(S:N969K) A24539G	13	47	0.2765957446808511	24387	24539
C22664A(S:L368I) C22674T(S:S371F) T22679C(S:S373P) C22686T(S:S375F) A22688G(S:T376A)	11	29	0.3793103448275862	22589	22736
G22317T(S:G252V) G22336A(S:W258*)	11	403	0.02729528535980149	22207	22347
C21721T(S:D53D) T21810C(S:V83A)	10	154	0.06493506493506493	21674	21825
G22577C(S:G339H) G22578A(S:G339H) G22599C(S:R346T) C22642G(S:N360K)	10	10	1.0	22491	22642
C25118T(S:L1186F) G25269A	10	32	0.3125	25117	25269
(23230,2)(S:DEL557) A23233T(S:K557T)	10	174	0.05747126436781609	23129	23277
