Covariants	Count	Max_count	Freq	Coverage_start	Coverage_end
T23599G(S:N679K) C23604A(S:P681H)	152	361	0.42105263157894735	23579	23665
A24424T(S:Q954H) T24469A(S:N969K)	56	88	0.6363636363636364	24410	24488
C23525T(S:H655Y) T23599G(S:N679K) C23604A(S:P681H)	27	81	0.3333333333333333	23485	23608
T24469A(S:N969K)	20	138	0.14492753623188406	24464	24594
T23599G(S:N679K) C23604A(S:P681H) C23635T(S:S691S)	18	358	0.05027932960893855	23579	23666
C23854A(S:N764K)	17	103	0.1650485436893204	23765	23888
C21618T(S:T19I) (21632,9)(S:DEL25/27)	14	21	0.6666666666666666	21596	21681
A24424T(S:Q954H)	13	89	0.14606741573033707	24406	24488
(23486,1)(S:DEL643) C23525T(S:H655Y) T23599G(S:N679K) C23604A(S:P681H)	12	68	0.17647058823529413	23471	23630
(25262,1)(S:DEL1235)	11	46	0.2391304347826087	25248	25326
C23525T(S:H655Y)	10	142	0.07042253521126761	23485	23540
