Covariants	Count	Max_count	Freq	Coverage_start	Coverage_end
T24469A(S:N969K)	12587	15087	0.8342944256644793	24468	24469
A24424T(S:Q954H) T24469A(S:N969K)	1932	4206	0.4593437945791726	24422	24470
A24424T(S:Q954H)	1716	6041	0.28405893064062243	24420	24424
C21618T(S:T19I) (21632,9)(S:DEL25/27)	1052	1359	0.7740986019131715	21591	21654
G21544T(ORF1b:V2693F)	873	1613	0.5412275263484191	21538	21565
G21544T(ORF1b:V2693F) C21618T(S:T19I)	369	742	0.4973045822102426	21543	21618
G21544T(ORF1b:V2693F) C21618T(S:T19I) (21632,9)(S:DEL25/27)	274	340	0.8058823529411765	21543	21653
G21987A(S:G142D) (21990,3)(S:DEL144) C22000A(S:H146Q)	212	567	0.37389770723104054	21979	22006
C22109G(S:Q183E)	119	537	0.22160148975791433	22096	22109
T22200A(S:V213E)	101	360	0.28055555555555556	22163	22200
G21987A(S:G142D) (21990,3)(S:DEL144) C22000A(S:H146Q) T22200A(S:V213E)	99	178	0.5561797752808989	21979	22208
G21987A(S:G142D) (21990,3)(S:DEL144) C22000A(S:H146Q) C22109G(S:Q183E)	89	322	0.27639751552795033	21978	22109
C22109G(S:Q183E) T22200A(S:V213E)	87	277	0.3140794223826715	22085	22201
G21987A(S:G142D) C22109G(S:Q183E)	34	322	0.10559006211180125	21908	22111
G21987A(S:G142D) T22200A(S:V213E)	30	178	0.16853932584269662	21906	22201
(21632,9)(S:DEL25/27)	21	1359	0.01545253863134658	21584	21654
G21987A(S:G142D)	14	579	0.024179620034542316	21901	21987
G21987A(S:G142D) C22000A(S:H146Q)	13	567	0.02292768959435626	21901	22088
G21544T(ORF1b:V2693F) C21618T(S:T19I) T21633C(S:L24S)	11	352	0.03125	21535	21634
