Covariants	Count	Max_count	Freq	Coverage_start	Coverage_end
C25416T(ORF3a:F8F)	197	241	0.8174273858921162	25381	25434
G22317T(S:G252V)	102	154	0.6623376623376623	22207	22347
T21810C(S:V83A)	56	137	0.40875912408759124	21765	21825
A23403G(S:D614G)	45	78	0.5769230769230769	23325	23468
G21718T(S:Q52H) T21810C(S:V83A)	39	128	0.3046875	21674	21900
C23525T(S:H655Y) G23562A	35	47	0.7446808510638298	23411	23562
C22664A(S:L368I) C22674T(S:S371F) T22679C(S:S373P) C22686T(S:S375F) A22688G(S:T376A) G22775A(S:D405N)	31	33	0.9393939393939394	22657	22781
C25000T(S:D1146D)	27	28	0.9642857142857143	24926	25076
T22882G(S:N440K) G22895C(S:V445P) T22896C(S:V445P) G22898A(S:G446S) T22930A(S:F456L) T22942G(S:N460K) G22992A(S:S477N) C22995A(S:T478K) A23013C(S:E484A) T23018C(S:F486P) T23019C(S:F486P) T23031C(S:F490S) A23055G(S:Q498R) A23063T(S:N501Y) T23075C(S:Y505H)	24	76	0.3157894736842105	22850	23097
T22882G(S:N440K) G22895C(S:V445P) T22896C(S:V445P) G22898A(S:G446S) T22942G(S:N460K) G22992A(S:S477N) C22995A(S:T478K) A23013C(S:E484A) T23018C(S:F486P) T23019C(S:F486P) T23031C(S:F490S) A23055G(S:Q498R) A23063T(S:N501Y) T23075C(S:Y505H)	23	76	0.3026315789473684	22850	23097
A23403G(S:D614G) C23525T(S:H655Y)	20	30	0.6666666666666666	23325	23561
A24424T(S:Q954H) T24469A(S:N969K)	17	29	0.5862068965517241	24388	24537
T22200A(S:V213E) G22317T(S:G252V)	17	23	0.7391304347826086	22129	22347
A22320G(S:D253G)	16	154	0.1038961038961039	22207	22347
T23385A	11	91	0.12087912087912088	23250	23385
C23525T(S:H655Y)	11	84	0.13095238095238096	23411	23561
G21987A(S:G142D) (21990,3)(S:DEL144) C22000A(S:H146Q)	10	19	0.5263157894736842	21949	22098
C25416T(ORF3a:F8F) G25423T(ORF3a:G11*)	10	241	0.04149377593360996	25377	25518
