Covariants	Count	Max_count	Freq	Coverage_start	Coverage_end
A23403G(S:D614G)	41	124	0.33064516129032256	23379	23404
G21718T(S:Q52H)	30	106	0.2830188679245283	21716	21723
C22109G(S:Q183E)	22	48	0.4583333333333333	22108	22113
