Covariants	Count	Max_count	Freq	Coverage_start	Coverage_end
T23599G(S:N679K) C23604A(S:P681H)	104	312	0.3333333333333333	23579	23665
A24424T(S:Q954H) T24469A(S:N969K)	48	69	0.6956521739130435	24406	24488
C23525T(S:H655Y) T23599G(S:N679K) C23604A(S:P681H)	39	100	0.39	23505	23607
C25416T(ORF3a:F8F)	26	41	0.6341463414634146	25381	25452
A23403G(S:D614G)	25	138	0.18115942028985507	23285	23429
C23595T(S:T678I) T23599G(S:N679K) C23604A(S:P681H)	18	309	0.05825242718446602	23579	23666
(23486,1)(S:DEL643) C23525T(S:H655Y) T23599G(S:N679K) C23604A(S:P681H)	10	76	0.13157894736842105	23471	23645
C23854A(S:N764K)	10	65	0.15384615384615385	23765	23858
