Covariants	Count	Max_count	Freq	Coverage_start	Coverage_end
T23599G(S:N679K) C23604A(S:P681H)	151	408	0.3700980392156863	23579	23660
A24424T(S:Q954H) T24469A(S:N969K)	84	140	0.6	24413	24486
C23525T(S:H655Y) T23599G(S:N679K) C23604A(S:P681H)	55	138	0.39855072463768115	23505	23607
A23403G(S:D614G)	32	144	0.2222222222222222	23285	23444
A24424T(S:Q954H)	24	141	0.1702127659574468	24406	24425
C25416T(ORF3a:F8F)	24	54	0.4444444444444444	25381	25451
C23854A(S:N764K)	19	117	0.1623931623931624	23765	23881
T24469A(S:N969K)	15	185	0.08108108108108109	24464	24545
C23525T(S:H655Y)	12	187	0.06417112299465241	23471	23551
(23486,1)(S:DEL643) C23525T(S:H655Y) T23599G(S:N679K) C23604A(S:P681H)	11	110	0.1	23471	23645
C25000T(S:D1146D)	11	39	0.28205128205128205	24984	25069
G22813T(S:K417N) T22882G(S:N440K) G22895C(S:V445P) T22896C(S:V445P) G22898A(S:G446S)	10	49	0.20408163265306123	22791	22898
G22813T(S:K417N) T22882G(S:N440K) G22895C(S:V445P) T22896C(S:V445P) G22898A(S:G446S) T22942G(S:N460K)	10	29	0.3448275862068966	22791	22942
