Covariants	Count	Max_count	Freq	Coverage_start	Coverage_end
T23599G(S:N679K) C23604A(S:P681H)	40	180	0.2222222222222222	23579	23663
C23525T(S:H655Y) T23599G(S:N679K) C23604A(S:P681H)	34	92	0.3695652173913043	23501	23607
A24424T(S:Q954H) T24469A(S:N969K)	27	55	0.4909090909090909	24406	24488
A24424T(S:Q954H)	16	57	0.2807017543859649	24406	24476
(23486,1)(S:DEL643) C23525T(S:H655Y) T23599G(S:N679K) C23604A(S:P681H)	15	70	0.21428571428571427	23471	23607
T23599G(S:N679K) C23604A(S:P681H) C23707T(S:P715P)	11	46	0.2391304347826087	23579	23708
C25416T(ORF3a:F8F)	11	16	0.6875	25371	25451
