Covariants	Count	Max_count	Freq	Coverage_start	Coverage_end
C25416T(ORF3a:F8F)	175	220	0.7954545454545454	25377	25434
G22317T(S:G252V)	101	175	0.5771428571428572	22218	22347
T21810C(S:V83A)	94	130	0.7230769230769231	21780	21823
C23525T(S:H655Y) G23562A	53	73	0.726027397260274	23411	23562
A23403G(S:D614G)	38	69	0.5507246376811594	23331	23468
T22882G(S:N440K) G22895C(S:V445P) T22896C(S:V445P) G22898A(S:G446S) T22942G(S:N460K) G22992A(S:S477N) C22995A(S:T478K) A23013C(S:E484A) T23018C(S:F486P) T23019C(S:F486P) T23031C(S:F490S) A23055G(S:Q498R) A23063T(S:N501Y) T23075C(S:Y505H)	34	53	0.6415094339622641	22850	23097
T23385A	33	106	0.3113207547169811	23250	23385
C25000T(S:D1146D)	31	35	0.8857142857142857	24926	25076
T22200A(S:V213E) G22317T(S:G252V)	21	27	0.7777777777777778	22129	22347
A23403G(S:D614G) C23525T(S:H655Y)	16	25	0.64	23325	23561
C23854A(S:N764K)	15	19	0.7894736842105263	23690	23910
A24424T(S:Q954H) T24469A(S:N969K)	14	22	0.6363636363636364	24388	24538
A25327G(S:K1255K) C25416T(ORF3a:F8F)	14	115	0.12173913043478261	25306	25434
C22664A(S:L368I) C22674T(S:S371F) T22679C(S:S373P) C22686T(S:S375F) A22688G(S:T376A) G22775A(S:D405N)	12	14	0.8571428571428571	22589	22781
T22200A(S:V213E)	11	39	0.28205128205128205	22129	22243
G21987A(S:G142D) (21990,3)(S:DEL144) C22000A(S:H146Q)	11	21	0.5238095238095238	21949	22098
T22882G(S:N440K) A22893C(S:K444T) T22917G(S:L452R) T22942A(S:N460K) G22992A(S:S477N) C22995A(S:T478K) A23013C(S:E484A) T23018G(S:F486V) A23055G(S:Q498R) A23063T(S:N501Y) T23075C(S:Y505H)	10	53	0.18867924528301888	22850	23097
(21764,6)(S:DEL69/70)	10	121	0.08264462809917356	21674	21817
