Covariants	Count	Max_count	Freq	Coverage_start	Coverage_end
T22200A(S:V213E)	154	223	0.6905829596412556	22199	22273
G22317T(S:G252V)	94	393	0.23918575063613232	22314	22318
C22480T(S:F306F)	93	218	0.42660550458715596	22432	22482
G22317T(S:G252V) C22480T(S:F306F)	62	134	0.4626865671641791	22314	22481
T22200A(S:V213E) C22480T(S:F306F)	31	40	0.775	22194	22482
