Covariants	Count	Max_count	Freq	Coverage_start	Coverage_end
T23599G(S:N679K) C23604A(S:P681H)	44	111	0.3963963963963964	23579	23666
C23525T(S:H655Y) T23599G(S:N679K) C23604A(S:P681H)	31	47	0.6595744680851063	23485	23606
A24424T(S:Q954H) T24469A(S:N969K)	30	48	0.625	24406	24502
T24469A(S:N969K)	15	73	0.2054794520547945	24464	24541
C25000T(S:D1146D)	14	25	0.56	24984	25064
(25262,1)(S:DEL1235)	12	23	0.5217391304347826	25130	25264
