Covariants	Count	Max_count	Freq	Coverage_start	Coverage_end
T23599G(S:N679K) C23604A(S:P681H)	511	562	0.9092526690391459	23598	23676
C23854A(S:N764K)	74	106	0.6981132075471698	23803	23854
T21810C(S:V83A)	44	73	0.6027397260273972	21803	21812
C21618T(S:T19I) (21632,9)(S:DEL25/27)	25	41	0.6097560975609756	21611	21662
A23403G(S:D614G)	24	28	0.8571428571428571	23362	23403
C25000T(S:D1146D)	20	21	0.9523809523809523	24970	25006
T23599G(S:N679K) C23604A(S:P681H) C23854A(S:N764K)	15	19	0.7894736842105263	23598	23854
C23604A(S:P681H)	12	569	0.0210896309314587	23601	23700
