Covariants	Count	Max_count	Freq	Coverage_start	Coverage_end
A23403G(S:D614G)	69	196	0.3520408163265306	23402	23404
C21772T(S:V70V)	18	83	0.21686746987951808	21735	21774
C22109G(S:Q183E)	10	57	0.17543859649122806	22108	22114
