Covariants	Count	Max_count	Freq	Coverage_start	Coverage_end
T21810C(S:V83A)	115	217	0.5299539170506913	21809	21819
C23854A(S:N764K)	87	171	0.5087719298245614	23822	23854
C21618T(S:T19I) (21632,9)(S:DEL25/27) G21718T(S:Q52H)	75	110	0.6818181818181818	21613	21721
C23757T(S:T732I) C23854A(S:N764K)	62	128	0.484375	23755	23854
T23599G(S:N679K) C23604A(S:P681H)	54	106	0.5094339622641509	23598	23685
C23757T(S:T732I)	54	242	0.2231404958677686	23720	23757
G21718T(S:Q52H)	53	220	0.2409090909090909	21705	21732
G21718T(S:Q52H) T21810C(S:V83A)	41	101	0.40594059405940597	21717	21812
A23403G(S:D614G)	30	38	0.7894736842105263	23348	23410
T23599G(S:N679K) C23604A(S:P681H) C23757T(S:T732I)	25	59	0.423728813559322	23597	23757
C21618T(S:T19I) (21632,9)(S:DEL25/27) T21810C(S:V83A)	19	36	0.5277777777777778	21611	21822
C21618T(S:T19I) (21632,9)(S:DEL25/27)	16	120	0.13333333333333333	21611	21692
C25000T(S:D1146D)	10	15	0.6666666666666666	24991	25027
