Covariants	Count	Max_count	Freq	Coverage_start	Coverage_end
C23525T(S:H655Y) T23599G(S:N679K) C23604A(S:P681H)	16	48	0.3333333333333333	23520	23604
T23487G C23525T(S:H655Y) T23599G(S:N679K) C23604A(S:P681H)	12	42	0.2857142857142857	23486	23645
(23334,1)(S:DEL592)	11	37	0.2972972972972973	23268	23352
