Covariants	Count	Max_count	Freq	Coverage_start	Coverage_end
G22317T(S:G252V)	96	220	0.43636363636363634	22298	22347
T22200A(S:V213E) G22317T(S:G252V)	74	96	0.7708333333333334	22129	22347
C23635T(S:S691S)	39	41	0.9512195121951219	23601	23836
C25000T(S:D1146D)	32	34	0.9411764705882353	24926	25076
G21987A(S:G142D) (21990,3)(S:DEL144) C22000A(S:H146Q)	28	48	0.5833333333333334	21949	22098
C23525T(S:H655Y)	20	35	0.5714285714285714	23452	23561
T21810C(S:V83A)	17	23	0.7391304347826086	21765	21856
C22674T(S:S371F) T22679C(S:S373P) C22686T(S:S375F) A22688G(S:T376A) G22775A(S:D405N)	17	18	0.9444444444444444	22657	22781
G21987A(S:G142D) (21990,3)(S:DEL144) C21998A(S:H146K) C22000A(S:H146K)	14	48	0.2916666666666667	21949	22098
T22200A(S:V213E) T22219G(S:G219G) G22317T(S:G252V)	12	96	0.125	22199	22347
T23385A	11	11	1.0	23250	23385
C23525T(S:H655Y) G23562A	11	12	0.9166666666666666	23411	23562
C25480T(ORF3a:R30C)	10	40	0.25	25377	25513
