Covariants	Count	Max_count	Freq	Coverage_start	Coverage_end
C21618T(S:T19I) (21632,9)(S:DEL25/27)	1324	1360	0.9735294117647059	21591	21652
(21764,6)(S:DEL69/70)	624	648	0.9629629629629629	21756	21779
(21632,9)(S:DEL25/27)	21	1360	0.015441176470588236	21590	21653
(21764,6)(S:DEL69/70) T21799A(S:F79L)	15	424	0.03537735849056604	21753	21802
