Covariants	Count	Max_count	Freq	Coverage_start	Coverage_end
T23599G(S:N679K) C23604A(S:P681H)	105	176	0.5965909090909091	23580	23663
A24424T(S:Q954H) T24469A(S:N969K)	36	57	0.631578947368421	24413	24488
G22317T(S:G252V)	10	13	0.7692307692307693	22249	22339
C25416T(ORF3a:F8F) G25455T(ORF3a:K21N)	10	26	0.38461538461538464	25371	25458
