Covariants	Count	Max_count	Freq	Coverage_start	Coverage_end
T23599G(S:N679K) C23604A(S:P681H)	187	285	0.656140350877193	23582	23664
A24424T(S:Q954H) T24469A(S:N969K)	37	60	0.6166666666666667	24416	24486
T24469A(S:N969K)	22	94	0.23404255319148937	24464	24569
(25262,1)(S:DEL1235)	19	57	0.3333333333333333	25252	25295
C25416T(ORF3a:F8F)	14	38	0.3684210526315789	25371	25452
C25000T(S:D1146D)	13	38	0.34210526315789475	24985	25069
C23525T(S:H655Y) T23599G(S:N679K) C23604A(S:P681H)	12	26	0.46153846153846156	23485	23643
T22200A(S:V213E)	10	11	0.9090909090909091	22117	22216
