Covariants	Count	Max_count	Freq	Coverage_start	Coverage_end
T23599G(S:N679K) C23604A(S:P681H)	146	369	0.3956639566395664	23580	23664
T23599G(S:N679K) C23604A(S:P681H) C23664T(S:A701V)	52	279	0.1863799283154122	23579	23666
A24424T(S:Q954H) T24469A(S:N969K)	41	56	0.7321428571428571	24415	24488
G23501T(S:A647S) C23525T(S:H655Y) T23599G(S:N679K) C23604A(S:P681H)	25	63	0.3968253968253968	23485	23607
(25262,1)(S:DEL1235)	20	41	0.4878048780487805	25248	25295
C23525T(S:H655Y) T23599G(S:N679K) C23604A(S:P681H)	15	74	0.20270270270270271	23505	23605
C25416T(ORF3a:F8F)	13	37	0.35135135135135137	25381	25485
