Covariants	Count	Max_count	Freq	Coverage_start	Coverage_end
T23599G(S:N679K) C23604A(S:P681H)	653	1058	0.6172022684310019	23593	23662
T24469A(S:N969K)	186	392	0.4744897959183674	24465	24537
A23403G(S:D614G) C23525T(S:H655Y)	67	419	0.15990453460620524	23351	23532
C25416T(ORF3a:F8F)	52	106	0.49056603773584906	25381	25464
C25000T(S:D1146D)	48	62	0.7741935483870968	24984	25065
T22200A(S:V213E)	33	65	0.5076923076923077	22117	22206
T23075C(S:Y505H)	33	55	0.6	23074	23156
T23599G(S:N679K) C23604G(S:P681R)	26	1058	0.024574669187145556	23579	23687
A23403G(S:D614G) (23486,1)(S:DEL643) C23525T(S:H655Y)	24	419	0.057279236276849645	23345	23532
(25262,1)(S:DEL1235)	23	51	0.45098039215686275	25248	25320
(23334,1)(S:DEL592) A23403G(S:D614G)	18	273	0.06593406593406594	23323	23408
T23335C A23403G(S:D614G)	16	273	0.05860805860805861	23334	23425
C21618T(S:T19I) (21632,9)(S:DEL25/27)	14	32	0.4375	21596	21671
A24424T(S:Q954H) T24469A(S:N969K)	13	20	0.65	24415	24488
A23403G(S:D614G)	13	533	0.024390243902439025	23345	23413
T22200A(S:V213E) G22317T(S:G252V)	12	18	0.6666666666666666	22117	22319
T23599G(S:N679K) C23604A(S:P681H) G23628C(S:S689T)	10	1057	0.00946073793755913	23579	23666
T23599G(S:N679K) C23604A(S:P681H) C23635T(S:S691S)	10	1057	0.00946073793755913	23579	23666
T23335C	10	278	0.03597122302158273	23334	23425
