Covariants	Count	Max_count	Freq	Coverage_start	Coverage_end
T23599G(S:N679K) C23604A(S:P681H)	526	1313	0.4006092916984006	23584	23645
A24424T(S:Q954H) T24469A(S:N969K)	281	456	0.6162280701754386	24416	24487
C23525T(S:H655Y) T23599G(S:N679K) C23604A(S:P681H)	153	473	0.32346723044397463	23519	23607
C25416T(ORF3a:F8F)	122	213	0.5727699530516432	25381	25419
G22317T(S:G252V)	80	109	0.7339449541284404	22272	22322
A23403G(S:D614G)	73	532	0.13721804511278196	23351	23405
A24424T(S:Q954H)	63	464	0.13577586206896552	24414	24438
(23486,1)(S:DEL643) C23525T(S:H655Y) T23599G(S:N679K) C23604A(S:P681H)	63	419	0.15035799522673032	23471	23607
G22813T(S:K417N) T22882G(S:N440K) G22895C(S:V445P) T22896C(S:V445P) G22898A(S:G446S)	61	189	0.32275132275132273	22801	22898
C23854A(S:N764K)	49	358	0.13687150837988826	23765	23858
(23334,1)(S:DEL592)	48	413	0.1162227602905569	23322	23336
(23334,1)(S:DEL592) A23403G(S:D614G)	46	355	0.1295774647887324	23322	23406
T23487G C23525T(S:H655Y) T23599G(S:N679K) C23604A(S:P681H)	45	423	0.10638297872340426	23486	23607
C23525T(S:H655Y)	45	713	0.06311360448807854	23485	23551
(25262,1)(S:DEL1235)	32	161	0.19875776397515527	25130	25264
C25000T(S:D1146D)	26	107	0.24299065420560748	24984	25004
A23403G(S:D614G) C23525T(S:H655Y)	24	148	0.16216216216216217	23351	23532
G22813T(S:K417N) T22882G(S:N440K) G22895C(S:V445P) T22896C(S:V445P) G22898A(S:G446S) T22942G(S:N460K)	22	110	0.2	22808	22942
G22813T(S:K417N) T22882G(S:N440K) G22895C(S:V445P) T22896C(S:V445P)	18	213	0.08450704225352113	22791	22896
T22200A(S:V213E)	18	22	0.8181818181818182	22117	22208
(24981,1)(S:DEL1141) C25000T(S:D1146D)	16	67	0.23880597014925373	24849	25002
A23403G(S:D614G) (23486,1)(S:DEL643) C23525T(S:H655Y)	14	148	0.0945945945945946	23351	23532
T23599G(S:N679K) C23604A(S:P681H) T23633C(S:S691P)	14	1290	0.010852713178294573	23580	23666
T23075C(S:Y505H)	13	42	0.30952380952380953	23074	23156
G22813T(S:K417N) T22882G(S:N440K)	11	226	0.048672566371681415	22791	22885
(24320,1)(S:DEL921)	10	87	0.11494252873563218	24217	24321
