Covariants	Count	Max_count	Freq	Coverage_start	Coverage_end
C21618T(S:T19I) (21632,9)(S:DEL25/27)	197	355	0.5549295774647888	21616	21692
C21618T(S:T19I) (21632,9)(S:DEL25/27) T21810C(S:V83A)	130	249	0.5220883534136547	21616	21812
T21810C(S:V83A)	116	443	0.2618510158013544	21809	21812
