Covariants	Count	Max_count	Freq	Coverage_start	Coverage_end
T23599G(S:N679K) C23604A(S:P681H)	77	179	0.4301675977653631	23580	23661
A24424T(S:Q954H) T24469A(S:N969K)	49	74	0.6621621621621622	24406	24487
(23486,1)(S:DEL643) C23525T(S:H655Y) T23599G(S:N679K) C23604A(S:P681H)	15	52	0.28846153846153844	23471	23644
C23525T(S:H655Y) T23599G(S:N679K) C23604A(S:P681H)	12	57	0.21052631578947367	23493	23607
C25416T(ORF3a:F8F)	11	20	0.55	25381	25453
G22813T(S:K417N) T22882G(S:N440K) G22895C(S:V445P) T22896C(S:V445P) G22898A(S:G446S)	10	30	0.3333333333333333	22801	22898
C23525T(S:H655Y)	10	93	0.10752688172043011	23471	23551
