Covariants	Count	Max_count	Freq	Coverage_start	Coverage_end
C25416T(ORF3a:F8F)	57	113	0.504424778761062	25377	25434
G22317T(S:G252V)	46	63	0.7301587301587301	22207	22347
T21810C(S:V83A)	25	49	0.5102040816326531	21765	21817
C23525T(S:H655Y) G23562A	18	20	0.9	23411	23562
A23403G(S:D614G)	17	29	0.5862068965517241	23325	23468
T23385A	14	45	0.3111111111111111	23250	23385
(21764,6)(S:DEL69/70)	10	45	0.2222222222222222	21674	21817
