Covariants	Count	Max_count	Freq	Coverage_start	Coverage_end
G22317T(S:G252V)	81	117	0.6923076923076923	22207	22347
C25416T(ORF3a:F8F)	65	90	0.7222222222222222	25377	25434
A23403G(S:D614G)	44	64	0.6875	23325	23468
C23525T(S:H655Y) G23562A	35	48	0.7291666666666666	23411	23562
C22664A(S:L368I) C22674T(S:S371F) T22679C(S:S373P) C22686T(S:S375F) A22688G(S:T376A) G22775A(S:D405N)	25	32	0.78125	22657	22781
G21718T(S:Q52H) T21810C(S:V83A)	24	57	0.42105263157894735	21674	21824
C25000T(S:D1146D)	18	22	0.8181818181818182	24926	25076
T21810C(S:V83A)	17	64	0.265625	21765	21900
A24424T(S:Q954H) T24469A(S:N969K)	17	22	0.7727272727272727	24388	24621
A22320G(S:D253G)	16	117	0.13675213675213677	22207	22347
T22882G(S:N440K) G22895C(S:V445P) T22896C(S:V445P) G22898A(S:G446S) T22930A(S:F456L) T22942G(S:N460K) G22992A(S:S477N) C22995G(S:T478R) A23013C(S:E484A) T23018C(S:F486P) T23019C(S:F486P) T23031C(S:F490S) A23055G(S:Q498R) A23063T(S:N501Y) T23075C(S:Y505H)	14	26	0.5384615384615384	22850	23097
(25408,1)(ORF3a:DEL7) C25416T(ORF3a:F8F)	13	90	0.14444444444444443	25377	25518
T23385A	11	76	0.14473684210526316	23250	23385
A23403G(S:D614G) C23525T(S:H655Y)	11	17	0.6470588235294118	23325	23561
