Covariants	Count	Max_count	Freq	Coverage_start	Coverage_end
(21764,6)(S:DEL69/70)	202	291	0.6941580756013745	21674	21817
C25416T(ORF3a:F8F)	143	319	0.4482758620689655	25377	25434
C22674T(S:S371F) T22679C(S:S373P) C22686T(S:S375F) A22688G(S:T376A) G22775A(S:D405N)	92	107	0.8598130841121495	22589	22781
C25000T(S:D1146D)	80	97	0.8247422680412371	24926	25076
T22304C(S:Y248H)	52	253	0.20553359683794467	22298	22347
T21810C(S:V83A)	39	302	0.1291390728476821	21765	21900
G22317T(S:G252V)	38	267	0.14232209737827714	22207	22347
T22200G(S:V213G)	35	51	0.6862745098039216	22129	22243
T22882G(S:N440K) A22893C(S:K444T) T22917G(S:L452R) T22942A(S:N460K) G22992A(S:S477N) C22995A(S:T478K) A23013C(S:E484A) T23018G(S:F486V) A23055G(S:Q498R) A23063T(S:N501Y) T23075C(S:Y505H)	35	64	0.546875	22850	23097
C23854A(S:N764K)	30	40	0.75	23690	23910
C23525T(S:H655Y)	30	94	0.3191489361702128	23411	23556
A24424T(S:Q954H) T24469A(S:N969K)	26	32	0.8125	24388	24537
C25490T(ORF3a:A33V)	26	269	0.09665427509293681	25377	25518
A23403G(S:D614G) C23525T(S:H655Y)	25	54	0.46296296296296297	23325	23561
C22314T(S:P251L)	25	267	0.09363295880149813	22207	22347
(21764,6)(S:DEL69/70) C21855T(S:S98F)	24	253	0.09486166007905138	21674	21900
G21987A(S:G142D) T22099A(S:L179L)	21	26	0.8076923076923077	21949	22099
T23245C(S:P561P)	19	72	0.2638888888888889	23129	23277
C25452T(ORF3a:I20I)	18	282	0.06382978723404255	25377	25518
C22674T(S:S371F) T22679C(S:S373P) C22686T(S:S375F) A22688G(S:T376A)	14	124	0.11290322580645161	22589	22736
C23525T(S:H655Y) G23562A	14	27	0.5185185185185185	23411	23562
T23385A	13	68	0.19117647058823528	23250	23385
(24672,'AAATA')(S:INS1038)	13	117	0.1111111111111111	24656	24720
A22320G(S:D253G)	10	267	0.03745318352059925	22207	22347
