Covariants	Count	Max_count	Freq	Coverage_start	Coverage_end
G22317T(S:G252V)	329	433	0.7598152424942263	22238	22339
C25416T(ORF3a:F8F)	223	372	0.5994623655913979	25377	25434
T21810C(S:V83A)	120	171	0.7017543859649122	21773	21825
C23525T(S:H655Y) G23562A	114	128	0.890625	23411	23562
A23403G(S:D614G)	74	109	0.6788990825688074	23325	23407
T23385A	66	179	0.3687150837988827	23250	23385
G21987A(S:G142D) (21990,3)(S:DEL144) C22000A(S:H146Q)	34	51	0.6666666666666666	21949	22098
C25000T(S:D1146D)	29	33	0.8787878787878788	24926	25076
T22882G(S:N440K) G22895C(S:V445P) T22896C(S:V445P) G22898A(S:G446S) T22942G(S:N460K) G22992A(S:S477N) C22995A(S:T478K) A23013C(S:E484A) T23018C(S:F486P) T23019C(S:F486P) T23031C(S:F490S) A23055G(S:Q498R) A23063T(S:N501Y) T23075C(S:Y505H)	24	33	0.7272727272727273	22853	23097
C23525T(S:H655Y)	22	176	0.125	23474	23561
(21764,6)(S:DEL69/70)	22	144	0.1527777777777778	21674	21817
A23403G(S:D614G) C23525T(S:H655Y)	20	27	0.7407407407407407	23325	23561
A24424T(S:Q954H) T24469A(S:N969K)	19	54	0.35185185185185186	24399	24534
A24388T A24424T(S:Q954H) T24469A(S:N969K) A24539G	19	45	0.4222222222222222	24387	24539
C25118T(S:L1186F) G25269A	19	37	0.5135135135135135	25117	25269
T22200A(S:V213E) G22317T(S:G252V)	17	26	0.6538461538461539	22129	22347
T22200G(S:V213G)	15	55	0.2727272727272727	22129	22243
T22304C(S:Y248H)	15	420	0.03571428571428571	22207	22344
T22200A(S:V213E)	13	55	0.23636363636363636	22129	22243
C23601T T23752A(S:S730S)	13	60	0.21666666666666667	23600	23752
A24652T	12	157	0.07643312101910828	24651	24802
C22664A(S:L368I) C22674T(S:S371F) T22679C(S:S373P) C22686T(S:S375F) A22688G(S:T376A) G22775A(S:D405N)	11	25	0.44	22589	22781
G22577C(S:G339H) G22578A(S:G339H) G22599C(S:R346T) C22642G(S:N360K)	10	14	0.7142857142857143	22491	22642
