Covariants	Count	Max_count	Freq	Coverage_start	Coverage_end
T23599G(S:N679K) C23604A(S:P681H)	287	487	0.5893223819301848	23587	23663
A24424T(S:Q954H) T24469A(S:N969K)	68	123	0.5528455284552846	24410	24487
C23525T(S:H655Y) T23599G(S:N679K) C23604A(S:P681H)	25	55	0.45454545454545453	23516	23607
A24424T(S:Q954H)	22	123	0.17886178861788618	24406	24488
A23403G(S:D614G)	14	196	0.07142857142857142	23351	23409
(25262,1)(S:DEL1235)	13	31	0.41935483870967744	25252	25321
(24253,1)(S:DEL898)	10	31	0.3225806451612903	24217	24274
