Covariants	Count	Max_count	Freq	Coverage_start	Coverage_end
C25416T(ORF3a:F8F)	177	203	0.8719211822660099	25377	25432
G22317T(S:G252V)	148	211	0.7014218009478673	22260	22332
A23403G(S:D614G)	90	147	0.6122448979591837	23325	23468
C23525T(S:H655Y) G23562A	57	90	0.6333333333333333	23411	23562
T21810C(S:V83A)	55	77	0.7142857142857143	21765	21900
C25000T(S:D1146D)	38	56	0.6785714285714286	24937	25076
T23385A	32	179	0.1787709497206704	23250	23385
T22200A(S:V213E) G22317T(S:G252V)	30	35	0.8571428571428571	22129	22347
G21987A(S:G142D) (21990,3)(S:DEL144) C22000A(S:H146Q)	25	31	0.8064516129032258	21949	22098
T22882G(S:N440K) G22895C(S:V445P) T22896C(S:V445P) G22898A(S:G446S) T22930A(S:F456L) T22942G(S:N460K) G22992A(S:S477N) C22995A(S:T478K) A23013C(S:E484A) T23018C(S:F486P) T23019C(S:F486P) T23031C(S:F490S) A23055G(S:Q498R) A23063T(S:N501Y) T23075C(S:Y505H)	24	48	0.5	22850	23097
C25416T(ORF3a:F8F) T25496A(ORF3a:I35K)	21	185	0.11351351351351352	25377	25518
A23403G(S:D614G) C23525T(S:H655Y)	20	51	0.39215686274509803	23325	23561
C22664A(S:L368I) C22674T(S:S371F) T22679C(S:S373P) C22686T(S:S375F) A22688G(S:T376A) G22775A(S:D405N)	17	24	0.7083333333333334	22589	22781
C23525T(S:H655Y)	13	140	0.09285714285714286	23411	23548
A24424T(S:Q954H) T24469A(S:N969K)	13	20	0.65	24388	24535
C23854A(S:N764K)	12	12	1.0	23690	23910
C23525T(S:H655Y) T23599G(S:N679K) C23604A(S:P681H) C23664T	11	29	0.3793103448275862	23411	23664
T22882G(S:N440K) G22895C(S:V445P) T22896C(S:V445P) G22898A(S:G446S) T22942G(S:N460K) G22992A(S:S477N) C22995G(S:T478R) A23013C(S:E484A) T23018C(S:F486P) T23019C(S:F486P) T23031C(S:F490S) A23055G(S:Q498R) A23063T(S:N501Y) T23075C(S:Y505H)	10	48	0.20833333333333334	22850	23097
C23601T T23752A(S:S730S)	10	48	0.20833333333333334	23600	23752
A24652T	10	99	0.10101010101010101	24651	24802
T22200A(S:V213E)	10	44	0.22727272727272727	22130	22243
