Covariants	Count	Max_count	Freq	Coverage_start	Coverage_end
A24424T(S:Q954H) T24469A(S:N969K)	21	28	0.75	24410	24488
T23599G(S:N679K) C23604A(S:P681H)	20	49	0.40816326530612246	23579	23668
A23403G(S:D614G)	10	18	0.5555555555555556	23268	23444
