Covariants	Count	Max_count	Freq	Coverage_start	Coverage_end
C23525T(S:H655Y) T23599G(S:N679K) C23604A(S:P681H)	17	26	0.6538461538461539	23501	23637
A24424T(S:Q954H) T24469A(S:N969K)	15	23	0.6521739130434783	24406	24488
