Covariants	Count	Max_count	Freq	Coverage_start	Coverage_end
C21618T(S:T19I) (21632,9)(S:DEL25/27)	1459	1488	0.980510752688172	21591	21652
(21764,6)(S:DEL69/70)	156	159	0.9811320754716981	21756	21779
(21632,9)(S:DEL25/27)	14	1488	0.009408602150537635	21590	21654
