Covariants	Count	Max_count	Freq	Coverage_start	Coverage_end
A24424T(S:Q954H) T24469A(S:N969K)	17	30	0.5666666666666667	24406	24488
T23599G(S:N679K) C23604A(S:P681H)	13	62	0.20967741935483872	23579	23668
C23525T(S:H655Y) T23599G(S:N679K) C23604A(S:P681H)	12	28	0.42857142857142855	23485	23607
