Covariants	Count	Max_count	Freq	Coverage_start	Coverage_end
T23599G(S:N679K) C23604A(S:P681H)	450	688	0.6540697674418605	23587	23659
C25416T(ORF3a:F8F)	45	74	0.6081081081081081	25381	25453
A24424T(S:Q954H) T24469A(S:N969K)	33	47	0.7021276595744681	24406	24488
T23599G(S:N679K) C23604A(S:P681H) (23709,'A')(S:INS717)	15	472	0.03177966101694915	23579	23711
(23334,1)(S:DEL592)	14	93	0.15053763440860216	23322	23350
C23525T(S:H655Y) T23599G(S:N679K) C23604A(S:P681H)	14	44	0.3181818181818182	23485	23607
(25262,1)(S:DEL1235)	12	28	0.42857142857142855	25248	25295
(23334,1)(S:DEL592) A23403G(S:D614G)	11	75	0.14666666666666667	23322	23417
T23487G C23525T(S:H655Y) T23599G(S:N679K) C23604A(S:P681H)	11	38	0.2894736842105263	23486	23637
