Covariants	Count	Max_count	Freq	Coverage_start	Coverage_end
A24424T(S:Q954H) T24469A(S:N969K)	52	84	0.6190476190476191	24410	24487
C23525T(S:H655Y) T23599G(S:N679K) C23604A(S:P681H)	48	131	0.366412213740458	23519	23607
T23599G(S:N679K) C23604A(S:P681H)	22	206	0.10679611650485436	23579	23645
C25416T(ORF3a:F8F)	18	36	0.5	25381	25452
T23487G C23525T(S:H655Y) T23599G(S:N679K) C23604A(S:P681H)	16	94	0.1702127659574468	23486	23621
C23854A(S:N764K)	15	180	0.08333333333333333	23699	23865
(25262,1)(S:DEL1235)	14	57	0.24561403508771928	25139	25264
C23525T(S:H655Y)	12	147	0.08163265306122448	23485	23553
A24424T(S:Q954H)	11	84	0.13095238095238096	24410	24488
(23486,1)(S:DEL643) C23525T(S:H655Y) T23599G(S:N679K) C23604A(S:P681H)	10	94	0.10638297872340426	23471	23645
