Covariants	Count	Max_count	Freq	Coverage_start	Coverage_end
A24424T(S:Q954H) T24469A(S:N969K)	17	18	0.9444444444444444	24406	24502
T23599G(S:N679K) C23604A(S:P681H)	12	33	0.36363636363636365	23579	23673
