Covariants	Count	Max_count	Freq	Coverage_start	Coverage_end
T23599G(S:N679K) C23604A(S:P681H)	34	79	0.43037974683544306	23579	23694
A24424T(S:Q954H) T24469A(S:N969K)	16	36	0.4444444444444444	24416	24488
C25416T(ORF3a:F8F)	11	21	0.5238095238095238	25381	25464
C23525T(S:H655Y) T23599G(S:N679K) C23604A(S:P681H)	10	22	0.45454545454545453	23486	23645
