Covariants	Count	Max_count	Freq	Coverage_start	Coverage_end
T23599G(S:N679K) C23604A(S:P681H)	646	1337	0.4831712789827973	23593	23664
A24424T(S:Q954H) T24469A(S:N969K)	139	198	0.702020202020202	24406	24488
C25416T(ORF3a:F8F)	129	213	0.6056338028169014	25384	25451
C23525T(S:H655Y) T23599G(S:N679K) C23604A(S:P681H)	105	237	0.4430379746835443	23507	23607
T22200A(S:V213E)	44	74	0.5945945945945946	22117	22214
C23589T(S:T676I) T23599G(S:N679K) C23604A(S:P681H)	38	1292	0.029411764705882353	23580	23664
C23854A(S:N764K)	35	298	0.1174496644295302	23777	23861
A23403G(S:D614G) C23525T(S:H655Y)	35	299	0.11705685618729098	23342	23531
A23403G(S:D614G)	33	517	0.06382978723404255	23333	23406
T23335C A23403G(S:D614G)	31	267	0.11610486891385768	23334	23420
(25262,1)(S:DEL1235)	29	100	0.29	25248	25263
T23487G C23525T(S:H655Y) T23599G(S:N679K) C23604A(S:P681H)	28	203	0.13793103448275862	23486	23607
A24424T(S:Q954H)	28	211	0.13270142180094788	24406	24478
C25000T(S:D1146D)	21	63	0.3333333333333333	24992	25067
(23334,1)(S:DEL592)	20	295	0.06779661016949153	23331	23336
T24469A(S:N969K)	19	255	0.07450980392156863	24464	24541
G22317T(S:G252V)	19	36	0.5277777777777778	22256	22324
(24981,1)(S:DEL1141) C25000T(S:D1146D)	15	29	0.5172413793103449	24849	25000
G22813T(S:K417N) T22882G(S:N440K) G22895C(S:V445P) T22896C(S:V445P) G22898A(S:G446S)	15	42	0.35714285714285715	22791	22898
(24253,1)(S:DEL898)	13	103	0.1262135922330097	24217	24301
C23525T(S:H655Y) C23589T(S:T676I) T23599G(S:N679K) C23604A(S:P681H)	12	237	0.05063291139240506	23485	23645
A23403G(S:D614G) (23486,1)(S:DEL643) C23525T(S:H655Y)	12	299	0.04013377926421405	23333	23532
T23335C	11	296	0.037162162162162164	23334	23426
G21987A(S:G142D)	11	100	0.11	21842	21990
T22200A(S:V213E) G22317T(S:G252V)	10	13	0.7692307692307693	22117	22321
