Covariants	Count	Max_count	Freq	Coverage_start	Coverage_end
T23599G(S:N679K) C23604A(S:P681H) C23673T(S:S704L) C23683T(S:Y707Y)	65	167	0.38922155688622756	23579	23685
A24424T(S:Q954H) T24469A(S:N969K)	53	90	0.5888888888888889	24416	24497
T23599G(S:N679K) C23604A(S:P681H)	38	246	0.15447154471544716	23579	23666
C23525T(S:H655Y) T23599G(S:N679K) C23604A(S:P681H)	25	51	0.49019607843137253	23485	23608
T23599G(S:N679K) C23604A(S:P681H) C23683T(S:Y707Y)	11	167	0.0658682634730539	23579	23694
G22813T(S:K417N) T22882G(S:N440K)	10	21	0.47619047619047616	22801	22883
