Covariants	Count	Max_count	Freq	Coverage_start	Coverage_end
T21810C(S:V83A)	767	1574	0.4872935196950445	21809	21811
C21618T(S:T19I) (21632,9)(S:DEL25/27)	547	963	0.5680166147455867	21615	21674
C21618T(S:T19I) (21632,9)(S:DEL25/27) T21810C(S:V83A)	306	515	0.5941747572815534	21614	21812
C23854A(S:N764K)	235	375	0.6266666666666667	23820	23854
C25000T(S:D1146D)	115	155	0.7419354838709677	24991	25000
T23599G(S:N679K) C23604A(S:P681H)	95	238	0.39915966386554624	23598	23676
A23403G(S:D614G)	52	61	0.8524590163934426	23358	23403
C21618T(S:T19I) (21632,9)(S:DEL25/27) G21718T(S:Q52H)	52	878	0.05922551252847381	21613	21723
T23599G(S:N679K) C23604A(S:P681H) C23854A(S:N764K)	42	78	0.5384615384615384	23593	23854
G21718T(S:Q52H)	40	1638	0.02442002442002442	21711	21733
G21718T(S:Q52H) T21810C(S:V83A)	37	1104	0.03351449275362319	21716	21812
G22317T(S:G252V)	35	101	0.3465346534653465	22313	22334
T23599G(S:N679K) C23604A(S:P681H) C23673T(S:S704L)	35	237	0.14767932489451477	23597	23693
C23673T(S:S704L) C23854A(S:N764K)	33	210	0.15714285714285714	23669	23854
(21632,9)(S:DEL25/27)	26	981	0.026503567787971458	21620	21703
T22882G(S:N440K) G22895C(S:V445P) T22896C(S:V445P) G22898A(S:G446S) T22942G(S:N460K)	23	135	0.17037037037037037	22881	22945
C23673T(S:S704L)	21	462	0.045454545454545456	23654	23726
T23599G(S:N679K) C23604A(S:P681H) C23673T(S:S704L) C23854A(S:N764K)	20	78	0.2564102564102564	23593	23854
C23664T(S:A701V) C23854A(S:N764K)	16	206	0.07766990291262135	23652	23854
C23664T(S:A701V)	15	457	0.03282275711159737	23648	23757
T22200A(S:V213E)	15	32	0.46875	22196	22281
T23599G(S:N679K) C23604A(S:P681H) C23664T(S:A701V)	14	237	0.05907172995780591	23593	23687
(21632,9)(S:DEL25/27) T21810C(S:V83A)	11	527	0.020872865275142316	21620	21812
T23599G(S:N679K) C23604A(S:P681H) G23621T(S:V687L)	11	237	0.046413502109704644	23593	23731
G22813T(S:K417N) T22882G(S:N440K)	10	93	0.10752688172043011	22797	22889
