Covariants	Count	Max_count	Freq	Coverage_start	Coverage_end
C22109G(S:Q183E)	36	43	0.8372093023255814	22077	22112
A22101T(S:E180V)	19	77	0.24675324675324675	22064	22103
