Covariants	Count	Max_count	Freq	Coverage_start	Coverage_end
T23599G(S:N679K) C23604A(S:P681H)	64	142	0.4507042253521127	23590	23666
C23525T(S:H655Y) T23599G(S:N679K) C23604A(S:P681H)	20	48	0.4166666666666667	23508	23607
A24424T(S:Q954H) T24469A(S:N969K)	18	35	0.5142857142857142	24415	24487
A24424T(S:Q954H)	12	35	0.34285714285714286	24406	24488
T24469A(S:N969K)	11	57	0.19298245614035087	24464	24545
(23334,1)(S:DEL592)	10	32	0.3125	23282	23350
