Covariants	Count	Max_count	Freq	Coverage_start	Coverage_end
G22317T(S:G252V)	111	138	0.8043478260869565	22207	22347
C25416T(ORF3a:F8F)	84	89	0.9438202247191011	25381	25434
T21810C(S:V83A)	43	61	0.7049180327868853	21765	21825
T23385A	20	34	0.5882352941176471	23250	23385
C23525T(S:H655Y) G23562A	20	25	0.8	23411	23562
G21987A(S:G142D) (21990,3)(S:DEL144) C22000A(S:H146Q)	17	34	0.5	21949	22098
C23601T T23752A(S:S730S)	15	24	0.625	23600	23752
T22200A(S:V213E) G22317T(S:G252V)	13	17	0.7647058823529411	22129	22347
T22882G(S:N440K) G22895C(S:V445P) T22896C(S:V445P) G22898A(S:G446S) T22942G(S:N460K) G22992A(S:S477N) C22995A(S:T478K) A23013C(S:E484A) T23018C(S:F486P) T23019C(S:F486P) T23031C(S:F490S) A23055G(S:Q498R) A23063T(S:N501Y) T23075C(S:Y505H)	12	14	0.8571428571428571	22850	23097
G21987A(S:G142D) (21990,3)(S:DEL144) (21998,'A')(S:INS147) C22000A(S:H146K)	10	34	0.29411764705882354	21949	22098
