Covariants	Count	Max_count	Freq	Coverage_start	Coverage_end
T23599G(S:N679K) C23604A(S:P681H)	105	333	0.3153153153153153	23579	23645
C23525T(S:H655Y) T23599G(S:N679K) C23604A(S:P681H)	48	112	0.42857142857142855	23485	23607
A24424T(S:Q954H) T24469A(S:N969K)	40	69	0.5797101449275363	24413	24487
C23525T(S:H655Y)	16	174	0.09195402298850575	23485	23551
A24424T(S:Q954H)	16	73	0.2191780821917808	24406	24488
C25000T(S:D1146D)	16	36	0.4444444444444444	24984	25069
T24469A(S:N969K)	13	101	0.12871287128712872	24464	24538
T23487G C23525T(S:H655Y) T23599G(S:N679K) C23604A(S:P681H)	12	88	0.13636363636363635	23486	23645
T23599G(S:N679K) C23604A(S:P681H) (23645,1)(S:DEL696)	12	207	0.057971014492753624	23579	23661
(25262,1)(S:DEL1235)	12	51	0.23529411764705882	25248	25263
