Covariants	Count	Max_count	Freq	Coverage_start	Coverage_end
C21721T(S:D53D)	47	189	0.24867724867724866	21712	21768
T24469A(S:N969K)	22	23	0.9565217391304348	24467	24716
T22882G(S:N440K)	11	12	0.9166666666666666	22839	22882
