Covariants	Count	Max_count	Freq	Coverage_start	Coverage_end
T23599G(S:N679K) C23604A(S:P681H)	462	1129	0.4092116917626218	23581	23663
C23525T(S:H655Y) T23599G(S:N679K) C23604A(S:P681H)	120	381	0.31496062992125984	23508	23607
A24424T(S:Q954H) T24469A(S:N969K)	100	159	0.6289308176100629	24410	24488
(23486,1)(S:DEL643) C23525T(S:H655Y) T23599G(S:N679K) C23604A(S:P681H)	77	332	0.2319277108433735	23471	23605
A23403G(S:D614G)	48	339	0.1415929203539823	23346	23408
T24469A(S:N969K)	44	275	0.16	24465	24537
C23854A(S:N764K)	35	314	0.11146496815286625	23765	23861
(23334,1)(S:DEL592) A23403G(S:D614G)	34	231	0.1471861471861472	23331	23405
G22813T(S:K417N) T22882G(S:N440K) G22895C(S:V445P) T22896C(S:V445P) G22898A(S:G446S)	33	93	0.3548387096774194	22791	22898
(25262,1)(S:DEL1235)	32	156	0.20512820512820512	25248	25295
C23525T(S:H655Y)	29	533	0.054409005628517824	23485	23552
C25416T(ORF3a:F8F)	25	83	0.30120481927710846	25385	25453
(23334,1)(S:DEL592)	25	268	0.09328358208955224	23322	23336
C25000T(S:D1146D)	22	73	0.3013698630136986	24992	25058
C21618T(S:T19I) (21632,9)(S:DEL25/27)	22	34	0.6470588235294118	21596	21670
T23487G C23525T(S:H655Y) T23599G(S:N679K) C23604A(S:P681H)	20	334	0.059880239520958084	23486	23645
A24424T(S:Q954H)	18	171	0.10526315789473684	24413	24425
G22317T(S:G252V)	18	35	0.5142857142857142	22242	22327
A23403G(S:D614G) C23525T(S:H655Y)	15	93	0.16129032258064516	23351	23540
T23488C(S:V642V) C23525T(S:H655Y) T23599G(S:N679K) C23604A(S:P681H)	12	337	0.03560830860534125	23485	23607
(21764,6)(S:DEL69/70) (21817,1)(S:DEL86)	11	19	0.5789473684210527	21756	21862
G22813T(S:K417N) T22882G(S:N440K) G22895C(S:V445P) T22896C(S:V445P) G22898A(S:G446S) T22942G(S:N460K)	11	44	0.25	22791	22949
C23525T(S:H655Y) A23558G(S:I666V) T23599G(S:N679K) C23604A(S:P681H)	10	381	0.026246719160104987	23485	23645
