Covariants	Count	Max_count	Freq	Coverage_start	Coverage_end
A23403G(S:D614G)	1278	2453	0.5209947003668977	23402	23403
T24469A(S:N969K)	1259	1299	0.9692070823710547	24468	24533
A23403G(S:D614G) C23525T(S:H655Y)	720	1165	0.6180257510729614	23402	23525
C23525T(S:H655Y) T23599G(S:N679K) C23604A(S:P681H)	506	777	0.6512226512226512	23523	23605
C23525T(S:H655Y)	474	2240	0.21160714285714285	23516	23525
A23403G(S:D614G) C23525T(S:H655Y) T23599G(S:N679K) C23604A(S:P681H)	237	277	0.855595667870036	23402	23604
G23948T(S:D796Y)	223	262	0.851145038167939	23946	23977
G24215T(S:G885C)	143	180	0.7944444444444444	24148	24216
C23525T(S:H655Y) T23599G(S:N679K)	137	987	0.13880445795339413	23521	23599
A23403G(S:D614G) C23525T(S:H655Y) T23599G(S:N679K)	64	353	0.1813031161473088	23401	23599
C25416T(ORF3a:F8F)	33	34	0.9705882352941176	25385	25466
G23948T(S:D796Y) G24215T(S:G885C)	31	35	0.8857142857142857	23941	24216
T23599G(S:N679K) C23604A(S:P681H)	24	794	0.030226700251889168	23527	23607
A23403G(S:D614G) T23599G(S:N679K) C23604A(S:P681H)	11	277	0.039711191335740074	23357	23607
