Covariants	Count	Max_count	Freq	Coverage_start	Coverage_end
A23403G(S:D614G)	29	105	0.2761904761904762	23402	23404
C22109G(S:Q183E)	15	61	0.2459016393442623	22108	22114
