Covariants	Count	Max_count	Freq	Coverage_start	Coverage_end
T23599G(S:N679K) C23604A(S:P681H)	134	204	0.6568627450980392	23580	23662
A24424T(S:Q954H) T24469A(S:N969K)	25	38	0.6578947368421053	24406	24488
C23854A(S:N764K)	11	74	0.14864864864864866	23681	23866
(25262,1)(S:DEL1235)	10	33	0.30303030303030304	25248	25263
