Covariants	Count	Max_count	Freq	Coverage_start	Coverage_end
T22882G(S:N440K)	33	33	1.0	22837	22882
T24469A	28	36	0.7777777777777778	24467	24715
T25399G(ORF3a:L3V)	18	694	0.025936599423631124	25377	25407
T24115A(S:C851*)	11	294	0.03741496598639456	24086	24143
