Covariants	Count	Max_count	Freq	Coverage_start	Coverage_end
C25416T(ORF3a:F8F)	116	121	0.9586776859504132	25306	25419
T21810C(S:V83A) T21880C(S:F106F)	112	147	0.7619047619047619	21765	21915
A23403G(S:D614G)	99	104	0.9519230769230769	23317	23439
C22664A(S:L368I) C22674T(S:S371F) T22679C(S:S373P) C22686T(S:S375F) A22688G(S:T376A) G22775A(S:D405N) A22786C(S:R408S)	83	90	0.9222222222222223	22589	22808
G22317T(S:G252V)	36	45	0.8	22298	22347
T23385A	20	124	0.16129032258064516	23262	23385
C25000T(S:D1146D)	17	21	0.8095238095238095	24926	25076
T21810C(S:V83A)	14	153	0.0915032679738562	21778	21817
T22882G(S:N440K) G22895C(S:V445P) T22896C(S:V445P) G22898A(S:G446S) T22942G(S:N460K) G22992A(S:S477N) C22995A(S:T478K) A23013C(S:E484A) T23018C(S:F486P) T23019C(S:F486P) T23031C(S:F490S) A23055G(S:Q498R) A23063T(S:N501Y) T23075C(S:Y505H)	14	21	0.6666666666666666	22850	23095
C23525T(S:H655Y) G23562A	14	17	0.8235294117647058	23411	23562
A24424T(S:Q954H) T24469A(S:N969K)	14	17	0.8235294117647058	24388	24531
G21987A(S:G142D) (21990,3)(S:DEL144) C22000A(S:H146Q) C22109G(S:Q183E)	10	11	0.9090909090909091	21949	22192
C23854A(S:N764K)	10	10	1.0	23690	23910
