Covariants	Count	Max_count	Freq	Coverage_start	Coverage_end
T23599G(S:N679K) C23604A(S:P681H)	59	114	0.5175438596491229	23580	23659
C23525T(S:H655Y) T23599G(S:N679K) C23604A(S:P681H)	18	38	0.47368421052631576	23501	23607
A24424T(S:Q954H) T24469A(S:N969K)	10	15	0.6666666666666666	24406	24488
(25262,1)(S:DEL1235)	10	28	0.35714285714285715	25248	25295
