Covariants	Count	Max_count	Freq	Coverage_start	Coverage_end
G22317T(S:G252V)	67	83	0.8072289156626506	22219	22347
C25416T(ORF3a:F8F)	56	82	0.6829268292682927	25381	25434
T21810C(S:V83A)	29	46	0.6304347826086957	21765	21900
C23525T(S:H655Y) G23562A	22	23	0.9565217391304348	23411	23562
T23385A	20	43	0.46511627906976744	23250	23385
(21764,6)(S:DEL69/70)	13	44	0.29545454545454547	21674	21817
C25000T(S:D1146D)	10	11	0.9090909090909091	24926	25062
