Covariants	Count	Max_count	Freq	Coverage_start	Coverage_end
C25416T(ORF3a:F8F)	152	168	0.9047619047619048	25380	25434
G22317T(S:G252V)	77	121	0.6363636363636364	22207	22347
T21810C(S:V83A)	53	73	0.726027397260274	21802	21900
C23525T(S:H655Y) G23562A	44	49	0.8979591836734694	23411	23562
T23385A	25	46	0.5434782608695652	23250	23385
C25416T(ORF3a:F8F) T25478C(ORF3a:V29A)	12	152	0.07894736842105263	25377	25518
A23403G(S:D614G)	11	21	0.5238095238095238	23325	23468
C25000T(S:D1146D)	10	15	0.6666666666666666	24926	25076
