Covariants	Count	Max_count	Freq	Coverage_start	Coverage_end
T23599G(S:N679K) C23604A(S:P681H)	151	399	0.37844611528822053	23580	23645
A24424T(S:Q954H) T24469A(S:N969K)	60	107	0.5607476635514018	24413	24488
C23525T(S:H655Y) T23599G(S:N679K) C23604A(S:P681H)	51	115	0.4434782608695652	23485	23607
C23589T(S:T676I) T23599G(S:N679K) C23604A(S:P681H)	37	394	0.09390862944162437	23579	23666
T24469A(S:N969K)	29	169	0.17159763313609466	24464	24566
C25416T(ORF3a:F8F)	25	52	0.4807692307692308	25381	25446
C23854A(S:N764K)	20	90	0.2222222222222222	23775	23866
(25262,1)(S:DEL1235)	18	71	0.2535211267605634	25248	25325
A23403G(S:D614G)	16	156	0.10256410256410256	23342	23409
(23486,1)(S:DEL643) C23525T(S:H655Y) T23599G(S:N679K) C23604A(S:P681H)	15	96	0.15625	23477	23607
A24424T(S:Q954H)	15	113	0.13274336283185842	24406	24488
C25000T(S:D1146D)	14	54	0.25925925925925924	24984	25069
T22200A(S:V213E)	13	16	0.8125	22117	22208
G22813T(S:K417N) T22882G(S:N440K) G22895C(S:V445P) T22896C(S:V445P) G22898A(S:G446S) T22942G(S:N460K)	12	25	0.48	22791	22942
G22317T(S:G252V)	10	16	0.625	22242	22323
(24981,1)(S:DEL1141) C25000T(S:D1146D)	10	35	0.2857142857142857	24849	25004
