Covariants	Count	Max_count	Freq	Coverage_start	Coverage_end
T23599G(S:N679K) C23604A(S:P681H)	271	778	0.34832904884318766	23593	23660
A24424T(S:Q954H) T24469A(S:N969K)	165	267	0.6179775280898876	24413	24488
T24469A(S:N969K)	123	527	0.2333965844402277	24464	24539
C23525T(S:H655Y) T23599G(S:N679K) C23604A(S:P681H)	117	275	0.4254545454545455	23505	23605
C25416T(ORF3a:F8F)	55	119	0.46218487394957986	25381	25451
(25262,1)(S:DEL1235)	50	131	0.3816793893129771	25248	25295
A24424T(S:Q954H)	44	272	0.16176470588235295	24415	24438
C25000T(S:D1146D)	38	91	0.4175824175824176	24992	25069
T23599G(S:N679K) C23604A(S:P681H) C23664T(S:A701V)	36	469	0.0767590618336887	23579	23666
T23487G C23525T(S:H655Y) T23599G(S:N679K) C23604A(S:P681H)	27	243	0.1111111111111111	23486	23645
C23854A(S:N764K)	24	140	0.17142857142857143	23771	23866
(23486,1)(S:DEL643) C23525T(S:H655Y) T23599G(S:N679K) C23604A(S:P681H)	23	241	0.0954356846473029	23471	23607
A23403G(S:D614G) C23525T(S:H655Y)	17	51	0.3333333333333333	23333	23532
A23403G(S:D614G)	14	146	0.0958904109589041	23351	23420
C23525T(S:H655Y)	13	367	0.035422343324250684	23488	23551
T23075C(S:Y505H)	12	27	0.4444444444444444	23074	23156
G22813T(S:K417N) T22882G(S:N440K) G22895C(S:V445P) T22896C(S:V445P) G22898A(S:G446S)	11	43	0.2558139534883721	22791	22898
G22317T(S:G252V)	10	16	0.625	22242	22325
T23599G(S:N679K) C23604A(S:P681H) C23673T(S:S704L)	10	439	0.022779043280182234	23579	23695
