Covariants	Count	Max_count	Freq	Coverage_start	Coverage_end
T23599G(S:N679K) C23604A(S:P681H)	77	183	0.4207650273224044	23579	23664
A24424T(S:Q954H) T24469A(S:N969K)	44	71	0.6197183098591549	24406	24488
C23525T(S:H655Y) T23599G(S:N679K) C23604A(S:P681H)	23	56	0.4107142857142857	23485	23608
(25262,1)(S:DEL1235)	14	20	0.7	25249	25319
A24424T(S:Q954H)	11	72	0.1527777777777778	24406	24488
T24469A(S:N969K)	11	99	0.1111111111111111	24464	24546
C23525T(S:H655Y)	10	79	0.12658227848101267	23485	23551
T23599G(S:N679K) C23604A(S:P681H) C23664T(S:A701V)	10	117	0.08547008547008547	23579	23666
