Covariants	Count	Max_count	Freq	Coverage_start	Coverage_end
A23403G(S:D614G)	385	400	0.9625	23367	23403
C25000T(S:D1146D)	119	152	0.7828947368421053	24996	25000
C21618T(S:T19I) (21632,9)(S:DEL25/27)	114	120	0.95	21611	21653
G22317T(S:G252V)	31	70	0.44285714285714284	22313	22371
T22200A(S:V213E)	29	36	0.8055555555555556	22199	22281
T22882G(S:N440K) G22895C(S:V445P) T22896C(S:V445P) G22898A(S:G446S) T22942G(S:N460K)	23	130	0.17692307692307693	22881	22944
C21618T(S:T19I)	21	143	0.14685314685314685	21543	21621
T22882G(S:N440K) G22895C(S:V445P) T22896C(S:V445P) G22898A(S:G446S)	12	164	0.07317073170731707	22854	22916
A22786C(S:R408S) G22813T(S:K417N) T22882G(S:N440K) G22895C(S:V445P) T22896C(S:V445P) G22898A(S:G446S)	12	61	0.19672131147540983	22778	22916
A22786C(S:R408S) G22813T(S:K417N) T22882G(S:N440K) G22895C(S:V445P) T22896C(S:V445P) G22898A(S:G446S) T22942G(S:N460K)	11	47	0.23404255319148937	22782	22943
