Covariants	Count	Max_count	Freq	Coverage_start	Coverage_end
T23599G(S:N679K) C23604A(S:P681H)	55	128	0.4296875	23579	23660
A24424T(S:Q954H) T24469A(S:N969K)	20	29	0.6896551724137931	24406	24488
C25416T(ORF3a:F8F) T25461C(ORF3a:A23A)	18	24	0.75	25381	25472
C23525T(S:H655Y) T23599G(S:N679K) C23604A(S:P681H)	16	33	0.48484848484848486	23485	23645
