Covariants	Count	Max_count	Freq	Coverage_start	Coverage_end
T23599G(S:N679K) C23604A(S:P681H)	170	561	0.30303030303030304	23580	23645
A24424T(S:Q954H) T24469A(S:N969K)	155	296	0.5236486486486487	24416	24486
C23525T(S:H655Y) T23599G(S:N679K) C23604A(S:P681H)	95	290	0.3275862068965517	23508	23607
A24424T(S:Q954H)	62	296	0.20945945945945946	24415	24488
C25416T(ORF3a:F8F)	40	78	0.5128205128205128	25382	25442
(23486,1)(S:DEL643) C23525T(S:H655Y) T23599G(S:N679K) C23604A(S:P681H)	34	234	0.1452991452991453	23471	23607
A23403G(S:D614G)	32	183	0.17486338797814208	23340	23408
T23487G C23525T(S:H655Y) T23599G(S:N679K) C23604A(S:P681H)	31	234	0.13247863247863248	23486	23607
C23854A(S:N764K)	23	189	0.12169312169312169	23790	23859
(25262,1)(S:DEL1235)	22	47	0.46808510638297873	25248	25295
(23334,1)(S:DEL592)	20	164	0.12195121951219512	23322	23360
C23525T(S:H655Y)	19	326	0.05828220858895705	23485	23552
T24469A(S:N969K)	17	343	0.04956268221574344	24464	24541
G22813T(S:K417N) T22882G(S:N440K) G22895C(S:V445P) T22896C(S:V445P) G22898A(S:G446S) T22942G(S:N460K)	13	22	0.5909090909090909	22799	22968
