Covariants	Count	Max_count	Freq	Coverage_start	Coverage_end
T23599G(S:N679K) C23604A(S:P681H)	34	134	0.2537313432835821	23579	23666
C23525T(S:H655Y) T23599G(S:N679K) C23604A(S:P681H)	28	76	0.3684210526315789	23501	23607
A24424T(S:Q954H) T24469A(S:N969K)	14	24	0.5833333333333334	24415	24487
