Covariants	Count	Max_count	Freq	Coverage_start	Coverage_end
T23599G(S:N679K) C23604A(S:P681H)	172	342	0.5029239766081871	23593	23666
A24424T(S:Q954H) T24469A(S:N969K)	11	17	0.6470588235294118	24406	24488
T23487G C23525T(S:H655Y) T23599G(S:N679K) C23604A(S:P681H)	10	37	0.2702702702702703	23486	23607
C25416T(ORF3a:F8F)	10	10	1.0	25381	25469
