Covariants	Count	Max_count	Freq	Coverage_start	Coverage_end
T23599G(S:N679K) C23604A(S:P681H)	186	425	0.4376470588235294	23579	23661
A24424T(S:Q954H) T24469A(S:N969K)	54	117	0.46153846153846156	24416	24486
C23525T(S:H655Y) T23599G(S:N679K) C23604A(S:P681H)	45	135	0.3333333333333333	23501	23607
A24424T(S:Q954H)	38	117	0.3247863247863248	24413	24487
(23486,1)(S:DEL643) C23525T(S:H655Y) T23599G(S:N679K) C23604A(S:P681H)	22	107	0.205607476635514	23471	23607
G22813T(S:K417N) T22882G(S:N440K)	16	41	0.3902439024390244	22801	22883
(25262,1)(S:DEL1235)	14	30	0.4666666666666667	25249	25290
C23525T(S:H655Y)	13	163	0.07975460122699386	23485	23551
A23403G(S:D614G)	11	139	0.07913669064748201	23342	23405
