Covariants	Count	Max_count	Freq	Coverage_start	Coverage_end
T23599G(S:N679K) C23604A(S:P681H)	51	108	0.4722222222222222	23579	23666
A24424T(S:Q954H) T24469A(S:N969K)	14	28	0.5	24406	24488
C23525T(S:H655Y) T23599G(S:N679K) C23604A(S:P681H)	11	23	0.4782608695652174	23508	23638
