Covariants	Count	Max_count	Freq	Coverage_start	Coverage_end
T23599G(S:N679K) C23604A(S:P681H)	77	194	0.39690721649484534	23579	23663
A24424T(S:Q954H) T24469A(S:N969K)	20	31	0.6451612903225806	24406	24488
T23599G(S:N679K) C23604A(S:P681H) C23664T(S:A701V)	18	137	0.13138686131386862	23580	23668
C23525T(S:H655Y) T23599G(S:N679K) C23604A(S:P681H)	16	50	0.32	23501	23611
