Covariants	Count	Max_count	Freq	Coverage_start	Coverage_end
T23599G(S:N679K) C23604A(S:P681H)	61	231	0.26406926406926406	23579	23666
T23599G(S:N679K) C23604A(S:P681H) C23664T(S:A701V)	37	178	0.20786516853932585	23580	23665
A24424T(S:Q954H) T24469A(S:N969K)	29	49	0.5918367346938775	24413	24488
C23525T(S:H655Y) T23599G(S:N679K) C23604A(S:P681H)	17	45	0.37777777777777777	23487	23607
(25262,1)(S:DEL1235)	11	26	0.4230769230769231	25248	25356
