Covariants	Count	Max_count	Freq	Coverage_start	Coverage_end
C22109G(S:Q183E)	102	124	0.8225806451612904	22108	22113
A22101T(S:E180V)	48	221	0.2171945701357466	22064	22103
T22942G(S:N460K)	46	90	0.5111111111111111	22940	22946
A23403G(S:D614G)	12	37	0.32432432432432434	23402	23432
