Covariants	Count	Max_count	Freq	Coverage_start	Coverage_end
C25416T(ORF3a:F8F)	106	116	0.9137931034482759	25381	25434
G22317T(S:G252V)	81	115	0.7043478260869566	22207	22339
C23525T(S:H655Y) G23562A	54	67	0.8059701492537313	23411	23562
T23385A	52	81	0.6419753086419753	23250	23385
T21810C(S:V83A)	40	69	0.5797101449275363	21803	21824
A23403G(S:D614G)	25	27	0.9259259259259259	23325	23444
C23601T T23752A(S:S730S)	17	24	0.7083333333333334	23600	23752
(21764,6)(S:DEL69/70)	14	62	0.22580645161290322	21674	21817
A24388T A24424T(S:Q954H) T24469A(S:N969K) A24539G	14	15	0.9333333333333333	24387	24539
C22251A(S:P230Q)	11	113	0.09734513274336283	22206	22347
