Covariants	Count	Max_count	Freq	Coverage_start	Coverage_end
C21618T(S:T19I) (21632,9)(S:DEL25/27)	922	954	0.9664570230607966	21591	21652
(21764,6)(S:DEL69/70)	391	438	0.8926940639269406	21756	21780
G21754T(S:W64C) (21764,6)(S:DEL69/70)	29	423	0.06855791962174941	21743	21785
(21764,6)(S:DEL69/70) G21800T(S:D80Y)	16	286	0.055944055944055944	21755	21805
(21632,9)(S:DEL25/27)	15	954	0.015723270440251572	21590	21666
