Covariants	Count	Max_count	Freq	Coverage_start	Coverage_end
A23403G(S:D614G)	28	73	0.3835616438356164	23379	23404
C22109G(S:Q183E)	24	89	0.2696629213483146	22108	22113
