Covariants	Count	Max_count	Freq	Coverage_start	Coverage_end
T23599G(S:N679K) C23604A(S:P681H)	395	951	0.4153522607781283	23582	23660
A24424T(S:Q954H) T24469A(S:N969K)	159	273	0.5824175824175825	24416	24488
C23525T(S:H655Y) T23599G(S:N679K) C23604A(S:P681H)	115	297	0.3872053872053872	23501	23606
C25416T(ORF3a:F8F)	58	103	0.5631067961165048	25381	25446
(23486,1)(S:DEL643) C23525T(S:H655Y) T23599G(S:N679K) C23604A(S:P681H)	49	264	0.1856060606060606	23471	23607
A23403G(S:D614G)	47	302	0.15562913907284767	23345	23405
(23334,1)(S:DEL592)	44	256	0.171875	23322	23351
A24424T(S:Q954H)	39	280	0.1392857142857143	24406	24488
G22317T(S:G252V)	32	45	0.7111111111111111	22244	22324
T24469A(S:N969K)	31	357	0.08683473389355742	24464	24535
(25262,1)(S:DEL1235)	28	126	0.2222222222222222	25248	25323
C23854A(S:N764K)	28	233	0.12017167381974249	23792	23859
C23525T(S:H655Y)	25	376	0.06648936170212766	23501	23551
(23334,1)(S:DEL592) A23403G(S:D614G)	19	194	0.0979381443298969	23328	23405
T23487G C23525T(S:H655Y) T23599G(S:N679K) C23604A(S:P681H)	19	265	0.07169811320754717	23486	23640
(24981,1)(S:DEL1141) C25000T(S:D1146D)	19	52	0.36538461538461536	24849	25002
T22200A(S:V213E)	18	20	0.9	22117	22208
T23075C(S:Y505H)	18	31	0.5806451612903226	23074	23156
C25000T(S:D1146D)	14	75	0.18666666666666668	24984	25058
T23599G(S:N679K) C23604A(S:P681H) (23665,1)(S:DEL702)	12	613	0.01957585644371941	23579	23666
T23599G(S:N679K) C23604A(S:P681H) A23614G(S:A684A)	12	941	0.012752391073326248	23579	23666
(24253,1)(S:DEL898)	11	91	0.12087912087912088	24217	24258
