Covariants	Count	Max_count	Freq	Coverage_start	Coverage_end
T23599G(S:N679K) C23604A(S:P681H) C23707T(S:P715P)	188	473	0.3974630021141649	23587	23708
T23599G(S:N679K) C23604A(S:P681H)	126	771	0.16342412451361868	23580	23659
A24424T(S:Q954H) T24469A(S:N969K)	77	140	0.55	24410	24487
T23599G(S:N679K) C23604A(S:P681H) C23673T(S:S704L)	67	530	0.12641509433962264	23579	23689
C25416T(ORF3a:F8F)	64	102	0.6274509803921569	25381	25458
C23525T(S:H655Y) T23599G(S:N679K) C23604A(S:P681H)	50	154	0.3246753246753247	23505	23607
T24469A(S:N969K)	38	256	0.1484375	24464	24562
(25262,1)(S:DEL1235)	34	134	0.2537313432835821	25248	25309
A24424T(S:Q954H)	24	152	0.15789473684210525	24406	24425
C25000T(S:D1146D)	24	55	0.43636363636363634	24992	25026
(23486,1)(S:DEL643) C23525T(S:H655Y) T23599G(S:N679K) C23604A(S:P681H)	19	121	0.15702479338842976	23471	23606
C23707T(S:P715P)	17	705	0.024113475177304965	23681	23763
C23707T(S:P715P) C23854A(S:N764K)	16	60	0.26666666666666666	23681	23859
G22813T(S:K417N) T22882G(S:N440K) G22895C(S:V445P) T22896C(S:V445P) G22898A(S:G446S)	15	36	0.4166666666666667	22808	22898
C23854A(S:N764K)	14	204	0.06862745098039216	23808	23857
T23487G C23525T(S:H655Y) T23599G(S:N679K) C23604A(S:P681H)	13	122	0.10655737704918032	23486	23608
A23403G(S:D614G)	13	182	0.07142857142857142	23342	23424
T22200A(S:V213E)	11	11	1.0	22117	22208
A23403G(S:D614G) C23525T(S:H655Y)	10	89	0.11235955056179775	23365	23540
