Covariants	Count	Max_count	Freq	Coverage_start	Coverage_end
G22317T(S:G252V)	953	1111	0.8577857785778578	22265	22339
C25416T(ORF3a:F8F)	840	944	0.8898305084745762	25382	25424
C23525T(S:H655Y) G23562A	335	378	0.8862433862433863	23411	23562
T23385A	320	559	0.5724508050089445	23250	23385
T21810C(S:V83A)	274	417	0.657074340527578	21765	21817
A23403G(S:D614G)	177	219	0.8082191780821918	23325	23431
C23601T T23752A(S:S730S)	67	137	0.48905109489051096	23600	23752
A24652T	58	539	0.10760667903525047	24651	24802
C23525T(S:H655Y)	42	448	0.09375	23452	23543
A24388T A24424T(S:Q954H) T24469A(S:N969K) A24539G	38	65	0.5846153846153846	24387	24539
G21987A(S:G142D) (21990,3)(S:DEL144) C22000A(S:H146Q)	38	48	0.7916666666666666	21949	22098
T22200A(S:V213E)	33	63	0.5238095238095238	22129	22243
G22577C(S:G339H) G22578A(S:G339H) G22599C(S:R346T) C22642G(S:N360K)	31	36	0.8611111111111112	22491	22642
C25118T(S:L1186F) G25269A	28	54	0.5185185185185185	25117	25269
A24424T(S:Q954H) T24469A(S:N969K)	25	80	0.3125	24388	24537
C25413G(ORF3a:I7M)	23	944	0.024364406779661018	25377	25434
T22882G(S:N440K) G22895C(S:V445P) T22896C(S:V445P) G22898A(S:G446S) T22942G(S:N460K) G22992A(S:S477N) C22995A(S:T478K) A23013C(S:E484A) T23018C(S:F486P) T23019C(S:F486P) T23031C(S:F490S) A23055G(S:Q498R) A23063T(S:N501Y) T23075C(S:Y505H)	19	23	0.8260869565217391	22850	23097
C25416T(ORF3a:F8F) G25456C(ORF3a:D22H)	18	859	0.020954598370197905	25377	25518
T22200A(S:V213E) G22317T(S:G252V)	18	21	0.8571428571428571	22129	22347
(21764,6)(S:DEL69/70)	16	369	0.04336043360433604	21674	21817
T23752A(S:S730S)	15	154	0.09740259740259741	23601	23752
C25000T(S:D1146D)	15	20	0.75	24926	25076
C23854A(S:N764K)	13	16	0.8125	23690	23910
A23403G(S:D614G) C23525T(S:H655Y)	13	20	0.65	23325	23561
C22664A(S:L368I) C22674T(S:S371F) T22679C(S:S373P) C22686T(S:S375F) A22688G(S:T376A) G22775A(S:D405N)	12	14	0.8571428571428571	22589	22781
C23601T	11	177	0.062146892655367235	23600	23751
T22219G(S:G219G) G22317T(S:G252V)	10	1082	0.009242144177449169	22206	22347
(22218,1)(S:DEL220) G22317T(S:G252V)	10	1082	0.009242144177449169	22206	22347
