Covariants	Count	Max_count	Freq	Coverage_start	Coverage_end
T23599G(S:N679K) C23604A(S:P681H)	100	224	0.44642857142857145	23587	23666
A24424T(S:Q954H) T24469A(S:N969K)	50	79	0.6329113924050633	24406	24488
C25416T(ORF3a:F8F)	28	50	0.56	25381	25452
C23525T(S:H655Y) T23599G(S:N679K) C23604A(S:P681H)	25	71	0.352112676056338	23501	23607
G22813T(S:K417N) T22882G(S:N440K) G22895C(S:V445P) T22896C(S:V445P) G22898A(S:G446S)	14	35	0.4	22791	22898
A24424T(S:Q954H)	13	82	0.15853658536585366	24406	24487
A23403G(S:D614G)	10	111	0.09009009009009009	23365	23426
(23334,1)(S:DEL592)	10	76	0.13157894736842105	23268	23336
