Covariants	Count	Max_count	Freq	Coverage_start	Coverage_end
A24424T(S:Q954H) T24469A(S:N969K)	46	92	0.5	24410	24488
C23525T(S:H655Y) T23599G(S:N679K) C23604A(S:P681H)	41	117	0.3504273504273504	23508	23607
T23599G(S:N679K) C23604A(S:P681H)	22	175	0.12571428571428572	23579	23655
C25416T(ORF3a:F8F)	22	30	0.7333333333333333	25381	25452
A24424T(S:Q954H)	20	92	0.21739130434782608	24415	24487
T23487G C23525T(S:H655Y) T23599G(S:N679K) C23604A(S:P681H)	19	97	0.1958762886597938	23486	23645
(25262,1)(S:DEL1235)	11	20	0.55	25249	25295
