Covariants	Count	Max_count	Freq	Coverage_start	Coverage_end
A24424T(S:Q954H) T24469A(S:N969K)	21	46	0.45652173913043476	24406	24488
C23525T(S:H655Y) T23599G(S:N679K) C23604A(S:P681H)	13	27	0.48148148148148145	23487	23607
A24424T(S:Q954H)	12	46	0.2608695652173913	24406	24488
