Covariants	Count	Max_count	Freq	Coverage_start	Coverage_end
C21618T(S:T19I) (21632,9)(S:DEL25/27)	1841	2428	0.7582372322899505	21591	21652
(21764,6)(S:DEL69/70)	1078	1084	0.9944649446494465	21756	21779
C21575T(S:L5F) C21618T(S:T19I) (21632,9)(S:DEL25/27)	537	570	0.9421052631578948	21574	21651
(21632,9)(S:DEL25/27)	20	2428	0.008237232289950576	21590	21661
