Covariants	Count	Max_count	Freq	Coverage_start	Coverage_end
T23599G(S:N679K) C23604A(S:P681H)	33	77	0.42857142857142855	23579	23662
A24424T(S:Q954H) T24469A(S:N969K)	24	37	0.6486486486486487	24410	24488
C25416T(ORF3a:F8F)	16	22	0.7272727272727273	25381	25461
C23525T(S:H655Y) T23599G(S:N679K) C23604A(S:P681H)	14	28	0.5	23501	23636
