Covariants	Count	Max_count	Freq	Coverage_start	Coverage_end
G22317T(S:G252V)	294	433	0.6789838337182448	22300	22319
C25416T(ORF3a:F8F)	269	671	0.4008941877794337	25377	25434
T23385A	149	308	0.4837662337662338	23250	23385
(25460,1)(ORF3a:DEL24) A25462C(ORF3a:T24P)	142	585	0.24273504273504273	25377	25518
C25416T(ORF3a:F8F) G25444A(ORF3a:G18S)	126	599	0.21035058430717862	25377	25454
C23525T(S:H655Y) G23562A	97	134	0.7238805970149254	23411	23562
A23403G(S:D614G)	97	158	0.6139240506329114	23326	23467
(21764,6)(S:DEL69/70)	79	226	0.3495575221238938	21674	21817
C25000T(S:D1146D)	69	86	0.8023255813953488	24974	25073
T21810C(S:V83A) C21855T(S:S98F)	51	135	0.37777777777777777	21806	21900
A24652T	51	441	0.11564625850340136	24651	24802
C23601T T23752A(S:S730S)	46	108	0.42592592592592593	23600	23752
T21810C(S:V83A)	39	238	0.1638655462184874	21783	21817
C23802T(S:T747I)	26	92	0.2826086956521739	23601	23836
T22882G(S:N440K) G22895C(S:V445P) T22896C(S:V445P) G22898A(S:G446I) G22899T(S:G446I) T22942G(S:N460K) G22992A(S:S477N) C22995A(S:T478K) A23013C(S:E484A) T23018C(S:F486P) T23019C(S:F486P) T23031C(S:F490S) A23055G(S:Q498R) A23063T(S:N501Y) T23075C(S:Y505H)	25	39	0.6410256410256411	22850	23097
A23403G(S:D614G) C23525T(S:H655Y)	21	49	0.42857142857142855	23325	23561
A24388T A24424T(S:Q954H) T24469A(S:N969K) A24539G	20	48	0.4166666666666667	24387	24539
A23403G(S:D614G) C23525T(S:H655Y) T23599G(S:N679K) C23604A(S:P681H)	20	21	0.9523809523809523	23325	23664
C23525T(S:H655Y)	20	187	0.10695187165775401	23461	23560
A24424T(S:Q954H) T24469A(S:N969K)	19	61	0.3114754098360656	24388	24621
T22200A(S:V213E) G22317T(S:G252V)	18	29	0.6206896551724138	22129	22347
(25372,1)(S:DEL1271) C25416T(ORF3a:F8F) G25444A(ORF3a:G18S)	15	414	0.036231884057971016	25306	25458
C24729T(S:A1056V)	15	313	0.04792332268370607	24652	24878
C23854A(S:N764K)	14	31	0.45161290322580644	23787	23910
T22200A(S:V213E)	13	51	0.2549019607843137	22129	22243
C25118T(S:L1186F) G25269A	13	83	0.1566265060240964	25117	25269
C22674T(S:S371F) T22679C(S:S373P) C22686T(S:S375F) A22688G(S:T376A)	12	22	0.5454545454545454	22589	22736
T21810C(S:V83A) T21886C(S:T108T)	11	135	0.08148148148148149	21765	21900
T22200G(S:V213G)	10	51	0.19607843137254902	22129	22243
(23709,1)(S:DEL717) C23802T(S:T747I) C23854A(S:N764K)	10	28	0.35714285714285715	23690	23910
