Covariants	Count	Max_count	Freq	Coverage_start	Coverage_end
G22317T(S:G252V)	168	200	0.84	22300	22347
C25416T(ORF3a:F8F)	122	158	0.7721518987341772	25377	25434
G21718T(S:Q52H) T21810C(S:V83A)	100	145	0.6896551724137931	21674	21825
T21810C(S:V83A)	64	186	0.34408602150537637	21765	21900
C23525T(S:H655Y) G23562A	59	80	0.7375	23411	23562
C25000T(S:D1146D)	37	43	0.8604651162790697	24927	25076
T22882G(S:N440K) G22895C(S:V445P) T22896C(S:V445P) G22898A(S:G446S) T22930A(S:F456L) T22942G(S:N460K) G22992A(S:S477N) C22995A(S:T478K) A23013C(S:E484A) T23018C(S:F486P) T23019C(S:F486P) T23031C(S:F490S) A23055G(S:Q498R) A23063T(S:N501Y) T23075C(S:Y505H)	32	38	0.8421052631578947	22850	23097
C25416T(ORF3a:F8F) C25498T(ORF3a:P36S)	32	139	0.2302158273381295	25377	25503
A23403G(S:D614G) C23525T(S:H655Y)	19	28	0.6785714285714286	23325	23561
A24810G(S:H1083R)	17	75	0.22666666666666666	24793	24878
T22200A(S:V213E) G22317T(S:G252V)	14	20	0.7	22129	22347
T23385A	14	60	0.23333333333333334	23250	23385
A24424T(S:Q954H) T24469A(S:N969K)	13	16	0.8125	24388	24621
