Covariants	Count	Max_count	Freq	Coverage_start	Coverage_end
T23599G(S:N679K) C23604A(S:P681H)	32	129	0.24806201550387597	23579	23666
A24424T(S:Q954H) T24469A(S:N969K)	21	32	0.65625	24406	24487
C23525T(S:H655Y) T23599G(S:N679K) C23604A(S:P681H)	14	53	0.2641509433962264	23519	23607
T23599G(S:N679K) C23604A(S:P681H) C23664T(S:A701V)	14	65	0.2153846153846154	23579	23666
