Covariants	Count	Max_count	Freq	Coverage_start	Coverage_end
C25416T(ORF3a:F8F)	403	497	0.8108651911468813	25381	25425
G22317T(S:G252V)	225	386	0.582901554404145	22306	22347
C25000T(S:D1146D)	103	124	0.8306451612903226	24928	25076
C23525T(S:H655Y) G23562A	91	115	0.7913043478260869	23411	23562
T21810C(S:V83A)	78	180	0.43333333333333335	21767	21900
A24424T(S:Q954H) T24469A(S:N969K)	63	74	0.8513513513513513	24388	24514
C22281T(S:T240I) G22317T(S:G252V)	57	370	0.15405405405405406	22207	22345
G21718T(S:Q52H) T21810C(S:V83A)	52	117	0.4444444444444444	21674	21825
C25355T(S:L1265F) C25416T(ORF3a:F8F)	51	310	0.16451612903225807	25306	25434
A23403G(S:D614G)	49	115	0.4260869565217391	23325	23468
A23403G(S:D614G) C23525T(S:H655Y)	46	66	0.696969696969697	23325	23561
T23385A	34	150	0.22666666666666666	23250	23385
C22664A(S:L368I) C22674T(S:S371F) T22679C(S:S373P) C22686T(S:S375F) A22688G(S:T376A) G22775A(S:D405N)	34	52	0.6538461538461539	22589	22781
T22882G(S:N440K) G22895C(S:V445P) T22896C(S:V445P) G22898A(S:G446S) T22930A(S:F456L) T22942G(S:N460K) G22992A(S:S477N) C22995A(S:T478K) A23013C(S:E484A) T23018C(S:F486P) T23019C(S:F486P) T23031C(S:F490S) A23055G(S:Q498R) A23063T(S:N501Y) T23075C(S:Y505H)	32	88	0.36363636363636365	22850	23097
G21987A(S:G142D) (21990,3)(S:DEL144) C22000A(S:H146Q)	29	44	0.6590909090909091	21985	22098
T22200A(S:V213E)	28	81	0.345679012345679	22129	22243
T22882G(S:N440K) G22895C(S:V445P) T22896C(S:V445P) G22898A(S:G446S) T22917G(S:L452R) T22930A(S:F456L) T22942G(S:N460K) G22992A(S:S477N) C22995A(S:T478K) A23013C(S:E484A) T23018C(S:F486P) T23019C(S:F486P) T23031C(S:F490S) A23055G(S:Q498R) A23063T(S:N501Y) T23075C(S:Y505H)	26	88	0.29545454545454547	22850	23097
C22286A(S:L242I) G22317T(S:G252V)	21	370	0.05675675675675676	22207	22347
T22200A(S:V213E) C22281T(S:T240I) G22317T(S:G252V)	20	45	0.4444444444444444	22129	22347
C23854A(S:N764K)	20	21	0.9523809523809523	23690	23910
T22200A(S:V213E) G22317T(S:G252V)	18	45	0.4	22129	22347
C22480T(S:F306F)	15	20	0.75	22432	22542
C24715T(S:S1051S)	14	208	0.0673076923076923	24572	24802
C25416T(ORF3a:F8F) G25429T(ORF3a:V13L)	13	496	0.02620967741935484	25306	25457
C23525T(S:H655Y)	11	190	0.05789473684210526	23411	23561
A24652T	11	208	0.052884615384615384	24651	24802
G21718T(S:Q52H) C21781A(S:T73T) T21810C(S:V83A)	11	117	0.09401709401709402	21674	21900
G21761T(S:A67S) T21810C(S:V83A)	10	117	0.08547008547008547	21674	21900
