Covariants	Count	Max_count	Freq	Coverage_start	Coverage_end
T23599G(S:N679K) C23604A(S:P681H)	81	392	0.2066326530612245	23579	23666
T23599G(S:N679K) C23604A(S:P681H) C23664T(S:A701V)	76	304	0.25	23579	23666
T23599G(S:N679K) C23604A(S:P681H) C23683T(S:Y707Y)	39	281	0.1387900355871886	23579	23695
C23525T(S:H655Y) T23599G(S:N679K) C23604A(S:P681H)	32	74	0.43243243243243246	23509	23607
A24424T(S:Q954H) T24469A(S:N969K)	17	28	0.6071428571428571	24406	24488
(23486,1)(S:DEL643) C23525T(S:H655Y) T23599G(S:N679K) C23604A(S:P681H)	15	60	0.25	23471	23607
T24469A(S:N969K)	11	50	0.22	24464	24565
