Covariants	Count	Max_count	Freq	Coverage_start	Coverage_end
T24469A(S:N969K)	7238	7538	0.9602016449986734	24468	24533
C25416T(ORF3a:F8F)	2599	2665	0.975234521575985	25354	25416
T21810C(S:V83A)	2010	3924	0.5122324159021406	21809	21811
C21618T(S:T19I) (21632,9)(S:DEL25/27)	1817	3142	0.5782940802036919	21615	21649
C21618T(S:T19I) (21632,9)(S:DEL25/27) T21810C(S:V83A)	1050	1526	0.6880733944954128	21615	21811
A23055G(S:Q498R) A23063T(S:N501Y) T23075C(S:Y505H)	301	778	0.38688946015424164	23054	23116
A23063T(S:N501Y) T23075C(S:Y505H)	187	977	0.19140225179119755	23060	23147
T23031C(S:F490S) A23055G(S:Q498R) A23063T(S:N501Y) T23075C(S:Y505H)	186	463	0.4017278617710583	23030	23113
T23075C(S:Y505H)	109	1074	0.10148975791433892	23074	23149
(21632,9)(S:DEL25/27)	108	3180	0.033962264150943396	21620	21646
G22992A(S:S477N) C22995A(S:T478K) A23013C(S:E484A) T23018C(S:F486P) T23019C(S:F486P) T23031C(S:F490S) A23055G(S:Q498R)	97	180	0.5388888888888889	22978	23058
A23013C(S:E484A) T23018C(S:F486P) T23019C(S:F486P) T23031C(S:F490S) A23055G(S:Q498R) A23063T(S:N501Y) T23075C(S:Y505H)	87	255	0.3411764705882353	23008	23103
(21632,9)(S:DEL25/27) T21810C(S:V83A)	72	1547	0.04654169360051713	21620	21812
C21618T(S:T19I) (21632,9)(S:DEL25/27) A21684T(S:K41I)	52	2811	0.018498754891497687	21613	21701
G22992A(S:S477N) C22995A(S:T478K) A23013C(S:E484A) T23018C(S:F486P) T23019C(S:F486P) T23031C(S:F490S) A23055G(S:Q498R) A23063T(S:N501Y)	51	176	0.2897727272727273	22978	23063
G23948T(S:D796Y)	45	46	0.9782608695652174	23941	23971
C21618T(S:T19I) (21632,9)(S:DEL25/27) A21684T(S:K41I) T21810C(S:V83A)	33	1526	0.02162516382699869	21613	21812
A21684T(S:K41I) T21810C(S:V83A)	26	2272	0.011443661971830986	21679	21817
A21684T(S:K41I)	25	4133	0.006048874909266876	21679	21749
C22480T(S:F306F) G22577C(S:G339H) G22578A(S:G339H) G22599C(S:R346T)	24	59	0.4067796610169492	22437	22607
G22992A(S:S477N) C22995A(S:T478K) A23013C(S:E484A) T23018C(S:F486P) T23019C(S:F486P) T23031C(S:F490S) A23055G(S:Q498R) A23063T(S:N501Y) T23075C(S:Y505H)	22	161	0.13664596273291926	22978	23116
C22480T(S:F306F)	18	80	0.225	22438	22520
C22480T(S:F306F) C22664A(S:L368I) C22674T(S:S371F) T22679C(S:S373P) C22686T(S:S375F) A22688G(S:T376A)	14	24	0.5833333333333334	22475	22704
A24545G(S:R995G)	13	11737	0.0011076084178239754	24544	24606
