Covariants	Count	Max_count	Freq	Coverage_start	Coverage_end
T23599G(S:N679K) C23604A(S:P681H)	288	576	0.5	23579	23659
A24424T(S:Q954H) T24469A(S:N969K)	70	128	0.546875	24415	24486
C23525T(S:H655Y) T23599G(S:N679K) C23604A(S:P681H)	41	160	0.25625	23501	23607
C25416T(ORF3a:F8F)	34	60	0.5666666666666667	25381	25452
A24424T(S:Q954H)	29	129	0.2248062015503876	24406	24488
T23487G C23525T(S:H655Y) T23599G(S:N679K) C23604A(S:P681H)	26	133	0.19548872180451127	23486	23607
G22317T(S:G252V)	25	38	0.6578947368421053	22256	22326
(23486,1)(S:DEL643) C23525T(S:H655Y) T23599G(S:N679K) C23604A(S:P681H)	24	133	0.18045112781954886	23478	23607
(23334,1)(S:DEL592)	23	132	0.17424242424242425	23322	23350
G22813T(S:K417N) T22882G(S:N440K) G22895C(S:V445P) T22896C(S:V445P) G22898A(S:G446S) T22913C(S:Y451H) T22942G(S:N460K)	22	47	0.46808510638297873	22791	22944
A23403G(S:D614G)	20	153	0.13071895424836602	23349	23416
(25262,1)(S:DEL1235)	18	46	0.391304347826087	25248	25323
(24981,1)(S:DEL1141) C25000T(S:D1146D)	14	16	0.875	24849	25000
C23525T(S:H655Y)	12	190	0.06315789473684211	23501	23552
(24253,1)(S:DEL898)	11	60	0.18333333333333332	24233	24301
