Covariants	Count	Max_count	Freq	Coverage_start	Coverage_end
C21618T(S:T19I) (21632,9)(S:DEL25/27)	2885	3147	0.9167461074038767	21589	21659
C25000T(S:D1146D)	628	728	0.8626373626373627	24985	25001
A23403G(S:D614G) C23525T(S:H655Y) T23599G(S:N679K) C23604A(S:P681H)	341	569	0.5992970123022847	23402	23607
G22992A(S:S477N) C22995A(S:T478K) A23004G(S:N481S) A23013C(S:E484A) T23018C(S:F486P) T23019C(S:F486P) T23031C(S:F490S) A23055G(S:Q498R) A23063T(S:N501Y) T23075C(S:Y505H) C23123A(S:P521T)	333	717	0.46443514644351463	22978	23140
G22992A(S:S477N) C22995A(S:T478K) A23013C(S:E484A) T23018C(S:F486P) T23019C(S:F486P) T23031C(S:F490S) A23055G(S:Q498R) A23063T(S:N501Y) T23075C(S:Y505H)	248	729	0.3401920438957476	22978	23190
C25416T(ORF3a:F8F) T25461C(ORF3a:A23A) C25578T(ORF3a:I62I)	234	276	0.8478260869565217	25357	25579
G21987A(S:G142D) (21990,3)(S:DEL144) C22000A(S:H146Q) C22109G(S:Q183E) T22200A(S:V213E)	183	297	0.6161616161616161	21904	22208
A23403G(S:D614G) G23417T(S:E619*) C23525T(S:H655Y) T23599G(S:N679K) C23604A(S:P681H)	109	569	0.19156414762741653	23384	23607
G21987A(S:G142D) (21990,3)(S:DEL144) C22000A(S:H146Q) (22037,'T')(S:INS160) C22109G(S:Q183E) T22200A(S:V213E)	50	297	0.16835016835016836	21893	22243
C25416T(ORF3a:F8F) T25461C(ORF3a:A23A)	42	323	0.13003095975232198	25357	25470
T21596A(S:S12T) C21618T(S:T19I) (21632,9)(S:DEL25/27)	32	3145	0.010174880763116057	21556	21671
C21618T(S:T19I) (21632,9)(S:DEL25/27) T21810C(S:V83A)	20	49	0.40816326530612246	21594	21900
T23599G(S:N679K) C23604A(S:P681H) C23854A(S:N764K) G23876A(S:V772I)	19	19	1.0	23579	23910
C21618T(S:T19I) (21632,9)(S:DEL25/27) G21718T(S:Q52H) T21810C(S:V83A)	18	49	0.3673469387755102	21605	21900
A23403G(S:D614G)	17	597	0.02847571189279732	23269	23416
C25416T(ORF3a:F8F) T25461C(ORF3a:A23A) C25578T(ORF3a:I62I) C25584T(ORF3a:T64T)	16	16	1.0	25357	25584
C23525T(S:H655Y) T23599G(S:N679K) C23604A(S:P681H)	15	580	0.02586206896551724	23521	23607
C23347T(S:V595V) A23403G(S:D614G) G23417T(S:E619*) C23525T(S:H655Y) T23599G(S:N679K) C23604A(S:P681H)	13	555	0.023423423423423424	23250	23607
C23123A(S:P521T)	12	741	0.016194331983805668	23114	23323
C21618T(S:T19I) (21632,9)(S:DEL25/27) T21652A(S:N30K)	11	3147	0.0034953924372418178	21440	21671
C22109G(S:Q183E) T22200A(S:V213E)	11	314	0.03503184713375796	22108	22243
