Covariants	Count	Max_count	Freq	Coverage_start	Coverage_end
T22942G(S:N460K)	30	64	0.46875	22940	22943
C22109G(S:Q183E)	16	43	0.37209302325581395	22108	22114
