Covariants	Count	Max_count	Freq	Coverage_start	Coverage_end
T23599G(S:N679K) C23604A(S:P681H)	104	276	0.37681159420289856	23579	23666
A24424T(S:Q954H) T24469A(S:N969K)	38	87	0.4367816091954023	24406	24488
C23525T(S:H655Y) T23599G(S:N679K) C23604A(S:P681H)	31	96	0.3229166666666667	23505	23628
A24424T(S:Q954H)	20	88	0.22727272727272727	24416	24488
A23403G(S:D614G)	16	119	0.13445378151260504	23402	23420
(23334,1)(S:DEL592)	15	89	0.16853932584269662	23322	23336
(25262,1)(S:DEL1235)	15	34	0.4411764705882353	25248	25295
C25416T(ORF3a:F8F)	15	26	0.5769230769230769	25371	25442
G22317T(S:G252V)	12	18	0.6666666666666666	22242	22332
T23487G(S:V642G) C23525T(S:H655Y) T23599G(S:N679K) C23604A(S:P681H)	10	82	0.12195121951219512	23486	23607
