Covariants	Count	Max_count	Freq	Coverage_start	Coverage_end
A24424T(S:Q954H) T24469A(S:N969K)	93	147	0.6326530612244898	24410	24488
C23525T(S:H655Y) T23599G(S:N679K) C23604A(S:P681H)	77	153	0.5032679738562091	23508	23607
T23599G(S:N679K) C23604A(S:P681H)	44	220	0.2	23580	23664
A24424T(S:Q954H)	24	147	0.16326530612244897	24406	24478
C25416T(ORF3a:F8F)	22	43	0.5116279069767442	25371	25452
C23854A(S:N764K)	17	103	0.1650485436893204	23681	23876
A23403G(S:D614G)	15	77	0.19480519480519481	23339	23429
(25262,1)(S:DEL1235)	15	42	0.35714285714285715	25248	25263
(23486,1)(S:DEL643) C23525T(S:H655Y) T23599G(S:N679K) C23604A(S:P681H)	13	129	0.10077519379844961	23471	23607
T23487G(S:V642G) C23525T(S:H655Y) T23599G(S:N679K) C23604A(S:P681H)	12	130	0.09230769230769231	23486	23607
G22813T(S:K417N) T22882G(S:N440K) G22895C(S:V445P) T22896C(S:V445P) G22898A(S:G446S)	11	28	0.39285714285714285	22808	22898
C23525T(S:H655Y)	11	170	0.06470588235294118	23485	23552
G22813T(S:K417N) T22882G(S:N440K) G22895C(S:V445P) T22896C(S:V445P) G22898A(S:G446S) T22942G(S:N460K)	10	13	0.7692307692307693	22791	22968
C25000T(S:D1146D)	10	40	0.25	24984	25055
