Covariants	Count	Max_count	Freq	Coverage_start	Coverage_end
T23599G(S:N679K) C23604A(S:P681H)	551	1107	0.4977416440831075	23587	23645
A24424T(S:Q954H) T24469A(S:N969K)	203	330	0.6151515151515151	24416	24486
(23334,1)(S:DEL592)	60	254	0.23622047244094488	23322	23336
A24424T(S:Q954H)	60	336	0.17857142857142858	24406	24487
C23525T(S:H655Y) T23599G(S:N679K) C23604A(S:P681H)	56	208	0.2692307692307692	23508	23605
C25416T(ORF3a:F8F)	36	62	0.5806451612903226	25382	25451
C23525T(S:H655Y)	31	260	0.11923076923076924	23485	23551
(25262,1)(S:DEL1235)	31	60	0.5166666666666667	25248	25295
T23487G C23525T(S:H655Y) T23599G(S:N679K) C23604A(S:P681H)	25	162	0.15432098765432098	23486	23607
(23486,1)(S:DEL643) C23525T(S:H655Y) T23599G(S:N679K) C23604A(S:P681H)	24	160	0.15	23471	23607
(24110,1)(S:DEL851)	23	57	0.40350877192982454	24030	24111
A23403G(S:D614G)	19	380	0.05	23322	23405
G22317T(S:G252V)	19	28	0.6785714285714286	22249	22319
G22813T(S:K417N) T22882G(S:N440K)	17	73	0.2328767123287671	22791	22884
(24253,1)(S:DEL898)	15	69	0.21739130434782608	24217	24255
G22813T(S:K417N) T22882G(S:N440K) G22895C(S:V445P) T22896C(S:V445P)	12	54	0.2222222222222222	22801	22896
C25000T(S:D1146D)	12	37	0.32432432432432434	24984	25064
T23599G(S:N679K) C23604A(S:P681H) (23666,'A')(S:INS703)	10	849	0.011778563015312132	23579	23666
