Covariants	Count	Max_count	Freq	Coverage_start	Coverage_end
A23403G(S:D614G)	31	93	0.3333333333333333	23402	23404
C22109G(S:Q183E)	12	50	0.24	22108	22113
C22033A(S:F157L)	11	49	0.22448979591836735	22031	22060
