Covariants	Count	Max_count	Freq	Coverage_start	Coverage_end
T23599G(S:N679K) C23604A(S:P681H)	149	450	0.33111111111111113	23593	23660
C23525T(S:H655Y) T23599G(S:N679K) C23604A(S:P681H)	62	171	0.36257309941520466	23508	23607
A24424T(S:Q954H) T24469A(S:N969K)	27	78	0.34615384615384615	24406	24488
A24424T(S:Q954H)	24	82	0.2926829268292683	24413	24487
(23486,1)(S:DEL643) C23525T(S:H655Y) T23599G(S:N679K) C23604A(S:P681H)	14	124	0.11290322580645161	23478	23607
(23334,1)(S:DEL592)	13	77	0.16883116883116883	23268	23336
