Covariants	Count	Max_count	Freq	Coverage_start	Coverage_end
T23599G(S:N679K) C23604A(S:P681H)	439	1186	0.37015177065767285	23581	23660
A24424T(S:Q954H) T24469A(S:N969K)	142	247	0.5748987854251012	24417	24488
C23525T(S:H655Y) T23599G(S:N679K) C23604A(S:P681H)	134	439	0.3052391799544419	23508	23607
C25416T(ORF3a:F8F)	101	180	0.5611111111111111	25381	25438
(23486,1)(S:DEL643) C23525T(S:H655Y) T23599G(S:N679K) C23604A(S:P681H)	92	362	0.2541436464088398	23477	23607
C23854A(S:N764K)	58	379	0.15303430079155672	23793	23860
T24469A(S:N969K)	50	417	0.11990407673860912	24464	24537
T23487G C23525T(S:H655Y) T23599G(S:N679K) C23604A(S:P681H)	45	363	0.12396694214876033	23486	23607
(25262,1)(S:DEL1235)	41	106	0.3867924528301887	25248	25263
A23403G(S:D614G)	38	270	0.14074074074074075	23351	23429
A24424T(S:Q954H)	37	253	0.14624505928853754	24413	24488
(23334,1)(S:DEL592)	36	231	0.15584415584415584	23322	23336
C25000T(S:D1146D)	31	102	0.30392156862745096	24998	25069
G23580T T23599G(S:N679K) C23604A(S:P681H)	27	1135	0.02378854625550661	23579	23666
C23525T(S:H655Y)	25	567	0.04409171075837742	23485	23540
G22317T(S:G252V)	23	44	0.5227272727272727	22242	22326
G22813T(S:K417N) T22882G(S:N440K) G22895C(S:V445P) T22896C(S:V445P) G22898A(S:G446S)	21	73	0.2876712328767123	22791	22898
T22200A(S:V213E)	21	28	0.75	22117	22216
(24320,1)(S:DEL921)	14	87	0.16091954022988506	24226	24321
(24981,1)(S:DEL1141) C25000T(S:D1146D)	14	62	0.22580645161290322	24849	25004
G22813T(S:K417N) T22882G(S:N440K) G22895C(S:V445P) T22896C(S:V445P) G22898A(S:G446S) T22942G(S:N460K)	13	39	0.3333333333333333	22791	22968
A23403G(S:D614G) C23525T(S:H655Y)	12	68	0.17647058823529413	23333	23529
(23334,1)(S:DEL592) A23403G(S:D614G)	12	178	0.06741573033707865	23322	23408
