Covariants	Count	Max_count	Freq	Coverage_start	Coverage_end
T23599G(S:N679K) C23604A(S:P681H)	21	77	0.2727272727272727	23587	23668
A24424T(S:Q954H) T24469A(S:N969K)	15	24	0.625	24406	24488
(23486,1)(S:DEL643) C23525T(S:H655Y) T23599G(S:N679K) C23604A(S:P681H)	10	38	0.2631578947368421	23471	23607
