Covariants	Count	Max_count	Freq	Coverage_start	Coverage_end
T22942G(S:N460K)	40	84	0.47619047619047616	22941	22946
T21810C(S:V83A)	19	23	0.8260869565217391	21766	21812
C23280T(S:T573I)	19	141	0.1347517730496454	23274	23304
A22101T(S:E180V)	10	11	0.9090909090909091	22056	22103
