Covariants	Count	Max_count	Freq	Coverage_start	Coverage_end
C22674T(S:S371F) T22679C(S:S373P) C22686T(S:S375F) A22688G(S:T376A) G22775A(S:D405N) A22786C(S:R408S)	193	212	0.910377358490566	22662	22806
(21764,6)(S:DEL69/70)	149	161	0.9254658385093167	21679	21817
T22882G(S:N440K) A22893C(S:K444T) T22917G(S:L452R) T22942A(S:N460K) G22992A(S:S477N) C22995A(S:T478K) A23013C(S:E484A) T23018G(S:F486V) A23055G(S:Q498R) A23063T(S:N501Y) T23075C(S:Y505H)	91	135	0.674074074074074	22850	23097
T22200G(S:V213G)	67	73	0.9178082191780822	22196	22274
A23403G(S:D614G)	64	135	0.4740740740740741	23352	23407
C25000T(S:D1146D)	60	72	0.8333333333333334	24926	25007
C23854A(S:N764K)	59	71	0.8309859154929577	23763	23913
G21987A(S:G142D) (21990,3)(S:DEL144)	59	68	0.8676470588235294	21949	22098
A24424T(S:Q954H) T24469A(S:N969K)	51	73	0.6986301369863014	24388	24526
C25416T(ORF3a:F8F)	49	342	0.14327485380116958	25377	25436
C23525T(S:H655Y)	37	125	0.296	23459	23535
T22882G(S:N440K) A22893C(S:K444T) T22917G(S:L452R) G22992A(S:S477N) C22995A(S:T478K) A23013C(S:E484A) T23018G(S:F486V) A23055G(S:Q498R) A23063T(S:N501Y) T23075C(S:Y505H)	28	135	0.2074074074074074	22850	23097
A23403G(S:D614G) A23469T	24	65	0.36923076923076925	23385	23469
A23403G(S:D614G) C23525T(S:H655Y)	21	40	0.525	23325	23559
C23525T(S:H655Y) G23562A	19	56	0.3392857142857143	23411	23562
A23234T(S:K558*) T23385A	17	117	0.1452991452991453	23233	23385
C22674T(S:S371F) T22679C(S:S373P) C22686T(S:S375F) A22688G(S:T376A)	13	228	0.05701754385964912	22589	22696
A24388T A24424T(S:Q954H) T24469A(S:N969K) A24539G	13	67	0.19402985074626866	24387	24539
C22210T(S:L216L)	12	291	0.041237113402061855	22207	22347
A23403G(S:D614G) C23525T(S:H655Y) T23599G(S:N679K) C23604A(S:P681H)	11	13	0.8461538461538461	23325	23664
C23601T	11	101	0.10891089108910891	23600	23751
