Covariants	Count	Max_count	Freq	Coverage_start	Coverage_end
T23599G(S:N679K) C23604A(S:P681H)	251	630	0.3984126984126984	23580	23659
A24424T(S:Q954H) T24469A(S:N969K)	60	99	0.6060606060606061	24406	24478
C23525T(S:H655Y) T23599G(S:N679K) C23604A(S:P681H)	39	188	0.2074468085106383	23501	23607
C25416T(ORF3a:F8F)	27	54	0.5	25381	25434
T23487G C23525T(S:H655Y) T23599G(S:N679K) C23604A(S:P681H)	25	133	0.18796992481203006	23486	23643
T24469A(S:N969K)	22	174	0.12643678160919541	24464	24546
A23403G(S:D614G)	21	175	0.12	23336	23417
C25000T(S:D1146D)	16	40	0.4	24998	25069
(25262,1)(S:DEL1235)	15	98	0.15306122448979592	25248	25289
A24424T(S:Q954H)	14	100	0.14	24406	24487
G22813T(S:K417N) T22882G(S:N440K) G22895C(S:V445P) T22896C(S:V445P) G22898A(S:G446S) T22942G(S:N460K)	11	29	0.3793103448275862	22799	22968
(23334,1)(S:DEL592)	11	101	0.10891089108910891	23268	23350
C23525T(S:H655Y)	11	258	0.04263565891472868	23485	23553
(23486,1)(S:DEL643) C23525T(S:H655Y) T23599G(S:N679K) C23604A(S:P681H)	11	131	0.08396946564885496	23471	23645
C23854A(S:N764K)	10	291	0.03436426116838488	23765	23897
