Covariants	Count	Max_count	Freq	Coverage_start	Coverage_end
T23599G(S:N679K) C23604A(S:P681H)	175	419	0.41766109785202865	23580	23663
A24424T(S:Q954H) T24469A(S:N969K)	63	114	0.5526315789473685	24406	24488
C23525T(S:H655Y) T23599G(S:N679K) C23604A(S:P681H)	42	133	0.3157894736842105	23489	23615
T24469A(S:N969K)	30	185	0.16216216216216217	24464	24502
(23334,1)(S:DEL592)	27	125	0.216	23322	23336
A24424T(S:Q954H)	21	121	0.17355371900826447	24406	24488
(25262,1)(S:DEL1235)	20	69	0.2898550724637681	25248	25323
C25416T(ORF3a:F8F)	19	44	0.4318181818181818	25381	25457
C23854A(S:N764K)	18	124	0.14516129032258066	23775	23866
(23486,1)(S:DEL643) C23525T(S:H655Y) T23599G(S:N679K) C23604A(S:P681H)	18	114	0.15789473684210525	23471	23607
A23403G(S:D614G)	16	145	0.1103448275862069	23351	23405
(23334,1)(S:DEL592) A23403G(S:D614G)	14	100	0.14	23322	23411
T23487G C23525T(S:H655Y) T23599G(S:N679K) C23604A(S:P681H)	12	114	0.10526315789473684	23486	23607
C25000T(S:D1146D)	12	50	0.24	24984	25055
G22813T(S:K417N) T22882G(S:N440K) G22895C(S:V445P) T22896C(S:V445P) G22898A(S:G446S)	11	37	0.2972972972972973	22791	22898
G22317T(S:G252V)	11	16	0.6875	22242	22329
(24981,1)(S:DEL1141) C25000T(S:D1146D)	10	37	0.2702702702702703	24849	25002
