Covariants	Count	Max_count	Freq	Coverage_start	Coverage_end
C25416T(ORF3a:F8F)	150	183	0.819672131147541	25377	25434
G22317T(S:G252V)	120	142	0.8450704225352113	22207	22347
C23525T(S:H655Y) G23562A	104	107	0.9719626168224299	23411	23562
T23385A	55	85	0.6470588235294118	23250	23385
(21764,6)(S:DEL69/70)	32	79	0.4050632911392405	21674	21817
T21810C(S:V83A)	29	85	0.3411764705882353	21765	21900
A23403G(S:D614G)	19	30	0.6333333333333333	23367	23468
C23601T T23752A(S:S730S)	12	22	0.5454545454545454	23600	23752
A24652T	10	55	0.18181818181818182	24651	24803
C25118T(S:L1186F) G25269A	10	18	0.5555555555555556	25117	25269
