Covariants	Count	Max_count	Freq	Coverage_start	Coverage_end
G22317T(S:G252V)	49	78	0.6282051282051282	22207	22347
T21810C(S:V83A)	32	44	0.7272727272727273	21765	21825
C25416T(ORF3a:F8F)	31	54	0.5740740740740741	25377	25434
C25000T(S:D1146D)	26	28	0.9285714285714286	24926	25074
T22200A(S:V213E) G22317T(S:G252V)	20	21	0.9523809523809523	22196	22347
C22664A(S:L368I) C22674T(S:S371F) T22679C(S:S373P) C22686T(S:S375F) A22688G(S:T376A) G22775A(S:D405N)	16	20	0.8	22589	22781
T22882G(S:N440K) G22895C(S:V445P) T22896C(S:V445P) G22898A(S:G446S) T22930A(S:F456L) T22942G(S:N460K) G22992A(S:S477N) C22995A(S:T478K) A23013C(S:E484A) T23018C(S:F486P) T23019C(S:F486P) T23031C(S:F490S) A23055G(S:Q498R) A23063T(S:N501Y) T23075C(S:Y505H)	16	64	0.25	22850	23097
C23525T(S:H655Y) G23562A	16	24	0.6666666666666666	23411	23562
A24424T(S:Q954H) T24469A(S:N969K)	16	17	0.9411764705882353	24388	24537
C25416T(ORF3a:F8F) G25429T(ORF3a:V13L)	13	54	0.24074074074074073	25377	25457
T22882G(S:N440K) G22895C(S:V445P) T22896C(S:V445P) G22898A(S:G446S) T22930A(S:F456L) T22942G(S:N460K) G22992A(S:S477N) C22995G(S:T478R) A23013C(S:E484A) T23018C(S:F486P) T23019C(S:F486P) T23031C(S:F490S) A23055G(S:Q498R) A23063T(S:N501Y) T23075C(S:Y505H)	12	64	0.1875	22850	23097
A23403G(S:D614G)	10	28	0.35714285714285715	23325	23468
