Covariants	Count	Max_count	Freq	Coverage_start	Coverage_end
T22942G(S:N460K)	33	56	0.5892857142857143	22940	22946
C22109G(S:Q183E)	18	19	0.9473684210526315	22073	22113
A23403G(S:D614G)	13	34	0.38235294117647056	23402	23404
