Covariants	Count	Max_count	Freq	Coverage_start	Coverage_end
C21618T(S:T19I) (21632,9)(S:DEL25/27)	2717	3079	0.8824293601818772	21591	21652
(21764,6)(S:DEL69/70)	273	277	0.9855595667870036	21755	21780
C21618T(S:T19I) C21621T(S:T20I) (21632,9)(S:DEL25/27)	246	3079	0.07989607015264696	21591	21652
C21575T(S:L5F) C21618T(S:T19I) (21632,9)(S:DEL25/27)	45	850	0.052941176470588235	21574	21652
(21632,9)(S:DEL25/27)	20	3079	0.006495615459564794	21590	21654
