Covariants	Count	Max_count	Freq	Coverage_start	Coverage_end
C23525T(S:H655Y) T23599G(S:N679K) C23604A(S:P681H)	27	88	0.3068181818181818	23508	23604
T23599G(S:N679K) C23604A(S:P681H)	24	145	0.16551724137931034	23579	23663
A24424T(S:Q954H) T24469A(S:N969K)	22	33	0.6666666666666666	24406	24486
