Covariants	Count	Max_count	Freq	Coverage_start	Coverage_end
T23599G(S:N679K) C23604A(S:P681H)	45	115	0.391304347826087	23579	23666
A24424T(S:Q954H) T24469A(S:N969K)	31	40	0.775	24406	24487
C23525T(S:H655Y) T23599G(S:N679K) C23604A(S:P681H)	24	38	0.631578947368421	23508	23607
