Covariants	Count	Max_count	Freq	Coverage_start	Coverage_end
T23599G(S:N679K) C23604A(S:P681H) C23664T(S:A701V)	136	344	0.3953488372093023	23593	23665
A24424T(S:Q954H) T24469A(S:N969K)	91	150	0.6066666666666667	24406	24486
C23525T(S:H655Y) T23599G(S:N679K) C23604A(S:P681H)	85	192	0.4427083333333333	23508	23605
T23599G(S:N679K) C23604A(S:P681H)	62	594	0.10437710437710437	23579	23666
C25416T(ORF3a:F8F)	38	72	0.5277777777777778	25381	25447
T23599G(S:N679K) C23604A(S:P681H) (23641,1)(S:DEL694) C23664T(S:A701V)	31	344	0.09011627906976744	23579	23664
(23334,1)(S:DEL592)	26	146	0.1780821917808219	23322	23336
T23487G C23525T(S:H655Y) T23599G(S:N679K) C23604A(S:P681H)	21	161	0.13043478260869565	23486	23605
A23403G(S:D614G)	20	213	0.09389671361502347	23339	23403
C25000T(S:D1146D)	20	61	0.32786885245901637	24984	25065
C23525T(S:H655Y)	19	271	0.07011070110701106	23485	23540
(25262,1)(S:DEL1235)	17	63	0.2698412698412698	25248	25295
A24424T(S:Q954H)	15	159	0.09433962264150944	24406	24488
G22813T(S:K417N) T22882G(S:N440K)	13	93	0.13978494623655913	22791	22888
G22813T(S:K417N) T22882G(S:N440K) G22895C(S:V445P) T22896C(S:V445P) G22898A(S:G446S) T22928C(S:F456L) T22942G(S:N460K)	13	37	0.35135135135135137	22800	22963
G22813T(S:K417N) T22882G(S:N440K) G22895C(S:V445P) T22896C(S:V445P) G22898A(S:G446S)	13	67	0.19402985074626866	22791	22898
G22813T(S:K417N) T22882G(S:N440K) G22895C(S:V445P) T22896C(S:V445P)	11	80	0.1375	22793	22897
G22317T(S:G252V)	11	26	0.4230769230769231	22306	22324
(23486,1)(S:DEL643) C23525T(S:H655Y) T23599G(S:N679K) C23604A(S:P681H)	10	157	0.06369426751592357	23471	23607
