Covariants	Count	Max_count	Freq	Coverage_start	Coverage_end
C22109G(S:Q183E)	31	48	0.6458333333333334	22066	22113
C22033A(S:F157L)	12	212	0.05660377358490566	22031	22067
