Covariants	Count	Max_count	Freq	Coverage_start	Coverage_end
A23403G(S:D614G)	43	135	0.31851851851851853	23402	23404
C22109G(S:Q183E)	15	44	0.3409090909090909	22108	22114
