Covariants	Count	Max_count	Freq	Coverage_start	Coverage_end
C25416T(ORF3a:F8F)	232	262	0.8854961832061069	25381	25425
G22317T(S:G252V)	131	212	0.6179245283018868	22212	22347
C22664A(S:L368I) C22674T(S:S371F) T22679C(S:S373P) C22686T(S:S375F) A22688G(S:T376A) G22775A(S:D405N)	63	70	0.9	22589	22781
T21810C(S:V83A)	54	89	0.6067415730337079	21766	21824
T22200A(S:V213E) G22317T(S:G252V)	48	62	0.7741935483870968	22196	22347
C25000T(S:D1146D)	36	45	0.8	24937	25076
A23403G(S:D614G)	34	85	0.4	23325	23468
A24424T(S:Q954H) T24469A(S:N969K)	31	42	0.7380952380952381	24388	24537
T22882G(S:N440K) G22895C(S:V445P) T22896C(S:V445P) G22898A(S:G446S) T22917G(S:L452R) T22930A(S:F456L) T22942G(S:N460K) G22992A(S:S477N) C22995A(S:T478K) A23013C(S:E484A) T23018C(S:F486P) T23019C(S:F486P) T23031C(S:F490S) A23055G(S:Q498R) A23063T(S:N501Y) T23075C(S:Y505H)	30	75	0.4	22850	23097
C23854A(S:N764K)	25	33	0.7575757575757576	23690	23910
C23525T(S:H655Y) G23562A	23	42	0.5476190476190477	23411	23562
A23403G(S:D614G) C23525T(S:H655Y)	20	38	0.5263157894736842	23325	23561
G21987A(S:G142D) (21990,3)(S:DEL144) C22000A(S:H146Q)	20	33	0.6060606060606061	21953	22098
G21718T(S:Q52H) T21810C(S:V83A)	19	68	0.27941176470588236	21675	21824
T22882G(S:N440K) G22895C(S:V445P) T22896C(S:V445P) G22898A(S:G446S) T22930A(S:F456L) T22942G(S:N460K) G22992A(S:S477N) C22995A(S:T478K) A23013C(S:E484A) T23018C(S:F486P) T23019C(S:F486P) T23031C(S:F490S) A23055G(S:Q498R) A23063T(S:N501Y) T23075C(S:Y505H)	16	75	0.21333333333333335	22853	23097
T22200A(S:V213E)	14	74	0.1891891891891892	22129	22243
T23385A	12	98	0.12244897959183673	23250	23385
(23299,1)(S:DEL580) A23301T(S:Q580M) A23403G(S:D614G)	12	38	0.3157894736842105	23250	23468
C23525T(S:H655Y)	12	76	0.15789473684210525	23463	23561
A23403G(S:D614G) C23525T(S:H655Y) T23599G(S:N679K) C23604A(S:P681H)	12	16	0.75	23325	23664
