Covariants	Count	Max_count	Freq	Coverage_start	Coverage_end
A24424T(S:Q954H) T24469A(S:N969K)	93	164	0.5670731707317073	24416	24488
C23525T(S:H655Y) T23599G(S:N679K) C23604A(S:P681H)	65	114	0.5701754385964912	23501	23607
T23599G(S:N679K) C23604A(S:P681H)	46	243	0.18930041152263374	23579	23668
(25262,1)(S:DEL1235)	30	38	0.7894736842105263	25248	25263
T23599G(S:N679K) C23604A(S:P681H) C23664T(S:A701V)	29	123	0.23577235772357724	23579	23666
A24424T(S:Q954H)	24	165	0.14545454545454545	24406	24488
C23525T(S:H655Y)	17	148	0.11486486486486487	23471	23540
G22317T(S:G252V)	13	19	0.6842105263157895	22242	22329
(24981,1)(S:DEL1141) C25000T(S:D1146D)	10	13	0.7692307692307693	24849	25009
C25416T(ORF3a:F8F)	10	16	0.625	25371	25453
