Covariants	Count	Max_count	Freq	Coverage_start	Coverage_end
T23599G(S:N679K) C23604A(S:P681H)	153	347	0.4409221902017291	23593	23666
C23525T(S:H655Y) T23599G(S:N679K) C23604A(S:P681H)	56	117	0.47863247863247865	23505	23607
A24424T(S:Q954H) T24469A(S:N969K)	54	86	0.627906976744186	24406	24486
A23403G(S:D614G)	22	119	0.18487394957983194	23322	23405
C25416T(ORF3a:F8F)	22	54	0.4074074074074074	25371	25452
C23525T(S:H655Y)	14	173	0.08092485549132948	23471	23539
(23486,1)(S:DEL643) C23525T(S:H655Y) T23599G(S:N679K) C23604A(S:P681H)	14	99	0.1414141414141414	23471	23607
G22317T(S:G252V)	13	25	0.52	22249	22323
C23854A(S:N764K)	11	113	0.09734513274336283	23681	23859
(24981,1)(S:DEL1141) C25000T(S:D1146D)	11	28	0.39285714285714285	24849	25006
G22813T(S:K417N) T22882G(S:N440K) G22895C(S:V445P) T22896C(S:V445P) G22898A(S:G446S)	10	38	0.2631578947368421	22793	22898
