Covariants	Count	Max_count	Freq	Coverage_start	Coverage_end
C25416T(ORF3a:F8F)	130	272	0.47794117647058826	25377	25434
G22317T(S:G252V)	110	203	0.541871921182266	22207	22347
T21810C(S:V83A)	98	162	0.6049382716049383	21794	21825
C22664A(S:L368I) C22674T(S:S371F) T22679C(S:S373P) C22686T(S:S375F) A22688G(S:T376A) G22775A(S:D405N)	52	81	0.6419753086419753	22591	22781
C25000T(S:D1146D)	47	63	0.746031746031746	24926	25076
(21764,6)(S:DEL69/70)	42	151	0.2781456953642384	21674	21817
C23525T(S:H655Y) G23562A	36	85	0.4235294117647059	23411	23562
A24424T(S:Q954H) T24469A(S:N969K)	32	62	0.5161290322580645	24388	24537
T22882G(S:N440K) G22895C(S:V445P) T22896C(S:V445P) G22898A(S:G446S) T22942G(S:N460K) G22992A(S:S477N) C22995A(S:T478K) A23013C(S:E484A) T23018C(S:F486P) T23019C(S:F486P) T23031C(S:F490S) A23055G(S:Q498R) A23063T(S:N501Y) T23075C(S:Y505H)	26	59	0.4406779661016949	22850	23097
T23385A	25	91	0.27472527472527475	23250	23385
C22674T(S:S371F) T22679C(S:S373P) C22686T(S:S375F) A22688G(S:T376A) G22775A(S:D405N)	24	81	0.2962962962962963	22589	22781
C25118T(S:L1186F) G25269A	20	25	0.8	25117	25269
A23403G(S:D614G) C23525T(S:H655Y)	19	48	0.3958333333333333	23325	23561
(22304,'CAAGATGGATGG')(S:INS249QDGW)	18	196	0.09183673469387756	22207	22347
A23403G(S:D614G)	17	66	0.25757575757575757	23325	23468
A23403G(S:D614G) C23525T(S:H655Y) T23599G(S:N679K) C23604A(S:P681H)	16	22	0.7272727272727273	23325	23664
T22200A(S:V213E) G22317T(S:G252V)	15	20	0.75	22129	22347
C23854A(S:N764K)	15	18	0.8333333333333334	23690	23910
C23525T(S:H655Y)	14	124	0.11290322580645161	23411	23561
G21987A(S:G142D) T22099A(S:L179L)	14	18	0.7777777777777778	21949	22099
A24388T A24424T(S:Q954H) T24469A(S:N969K) A24539G	14	49	0.2857142857142857	24387	24539
G21987A(S:G142D) (21990,3)(S:DEL144) C22000A(S:H146Q)	14	42	0.3333333333333333	21949	22098
C23525T(S:H655Y) C23604A(S:P681H)	12	40	0.3	23411	23751
T22882G(S:N440K) A22893C(S:K444T) T22917G(S:L452R) T22942A(S:N460K) G22992A(S:S477N) C22995A(S:T478K) A23013C(S:E484A) T23018G(S:F486V) A23055G(S:Q498R) A23063T(S:N501Y) T23075C(S:Y505H)	10	59	0.1694915254237288	22850	23097
