Covariants	Count	Max_count	Freq	Coverage_start	Coverage_end
A23403G(S:D614G)	20	42	0.47619047619047616	23402	23404
C23202T(S:T547I)	13	15	0.8666666666666667	23169	23207
