Covariants	Count	Max_count	Freq	Coverage_start	Coverage_end
C25416T(ORF3a:F8F)	170	196	0.8673469387755102	25377	25434
G22317T(S:G252V)	128	213	0.6009389671361502	22210	22347
C23525T(S:H655Y) G23562A	60	71	0.8450704225352113	23411	23562
A23403G(S:D614G) C23525T(S:H655Y)	34	45	0.7555555555555555	23325	23561
T21810C(S:V83A)	31	70	0.44285714285714284	21765	21900
A22320G(S:D253G)	30	213	0.14084507042253522	22212	22339
G24794A(S:A1078T)	23	70	0.32857142857142857	24760	24878
A23403G(S:D614G)	18	71	0.2535211267605634	23325	23468
T22882G(S:N440K) G22895C(S:V445P) T22896C(S:V445P) G22898A(S:G446S) T22930A(S:F456L) T22942G(S:N460K) G22992A(S:S477N) C22995A(S:T478K) A23013C(S:E484A) T23018C(S:F486P) T23019C(S:F486P) T23031C(S:F490S) A23055G(S:Q498R) A23063T(S:N501Y) T23075C(S:Y505H)	16	36	0.4444444444444444	22850	23097
C25000T(S:D1146D)	16	21	0.7619047619047619	24926	25076
T23385A	15	86	0.1744186046511628	23250	23385
C23601T T23752A(S:S730S)	14	29	0.4827586206896552	23600	23752
C22624T(S:N354N) C22664A(S:L368I) C22674T(S:S371F) T22679C(S:S373P) C22686T(S:S375F) A22688G(S:T376A) G22775A(S:D405N)	12	23	0.5217391304347826	22589	22781
A24424T(S:Q954H) T24469A(S:N969K)	12	28	0.42857142857142855	24388	24537
C25118T(S:L1186F) G25269A	12	14	0.8571428571428571	25117	25269
C22664A(S:L368I) C22674T(S:S371F) T22679C(S:S373P) C22686T(S:S375F) A22688G(S:T376A) G22775A(S:D405N)	11	23	0.4782608695652174	22589	22781
T22197C(S:L212S) T22200A(S:V213E) A22320G(S:D253G)	11	20	0.55	22129	22347
A24388T A24424T(S:Q954H) T24469A(S:N969K) A24539G	11	26	0.4230769230769231	24386	24539
