Covariants	Count	Max_count	Freq	Coverage_start	Coverage_end
T23599G(S:N679K) C23604A(S:P681H)	165	322	0.5124223602484472	23593	23664
A24424T(S:Q954H) T24469A(S:N969K)	57	92	0.6195652173913043	24410	24488
C23525T(S:H655Y) T23599G(S:N679K) C23604A(S:P681H)	30	74	0.40540540540540543	23487	23606
G22317T(S:G252V)	26	60	0.43333333333333335	22249	22324
C23854A(S:N764K)	22	95	0.23157894736842105	23765	23856
T24469A(S:N969K)	20	137	0.145985401459854	24464	24541
A23403G(S:D614G)	18	140	0.12857142857142856	23333	23405
C25416T(ORF3a:F8F)	18	35	0.5142857142857142	25371	25464
A24424T(S:Q954H)	17	99	0.1717171717171717	24406	24424
(23334,1)(S:DEL592)	12	103	0.11650485436893204	23322	23336
G22813T(S:K417N) T22882G(S:N440K) G22895C(S:V445P) T22896C(S:V445P) G22898A(S:G446S)	11	50	0.22	22791	22898
A23403G(S:D614G) C23525T(S:H655Y)	10	61	0.16393442622950818	23333	23540
