Covariants	Count	Max_count	Freq	Coverage_start	Coverage_end
T23599G(S:N679K) C23604A(S:P681H)	86	269	0.31970260223048325	23579	23666
C23525T(S:H655Y) T23599G(S:N679K) C23604A(S:P681H)	37	126	0.29365079365079366	23487	23629
A24424T(S:Q954H) T24469A(S:N969K)	36	63	0.5714285714285714	24410	24487
T24469A(S:N969K)	28	123	0.22764227642276422	24464	24537
C25416T(ORF3a:F8F)	25	59	0.423728813559322	25381	25452
(23486,1)(S:DEL643) C23525T(S:H655Y) T23599G(S:N679K) C23604A(S:P681H)	23	104	0.22115384615384615	23471	23607
G22317T(S:G252V)	12	19	0.631578947368421	22242	22319
(23334,1)(S:DEL592)	12	63	0.19047619047619047	23268	23349
A24424T(S:Q954H)	12	64	0.1875	24406	24488
T23487G C23525T(S:H655Y) T23599G(S:N679K) C23604A(S:P681H)	11	105	0.10476190476190476	23486	23645
C23854A(S:N764K)	11	86	0.12790697674418605	23792	23860
G22813T(S:K417N) T22882G(S:N440K) G22895C(S:V445P) T22896C(S:V445P) G22898A(S:G446S)	10	36	0.2777777777777778	22800	22898
A23403G(S:D614G)	10	84	0.11904761904761904	23285	23455
C23525T(S:H655Y)	10	160	0.0625	23473	23553
