Covariants	Count	Max_count	Freq	Coverage_start	Coverage_end
T23599G(S:N679K) C23604A(S:P681H)	64	121	0.5289256198347108	23580	23666
T23599G(S:N679K) C23604A(S:P681H) G23699A(S:A713T)	17	86	0.19767441860465115	23579	23700
A24424T(S:Q954H) T24469A(S:N969K)	17	27	0.6296296296296297	24406	24488
C25416T(ORF3a:F8F)	12	25	0.48	25371	25452
