Covariants	Count	Max_count	Freq	Coverage_start	Coverage_end
T23599G(S:N679K) C23604A(S:P681H)	409	1089	0.3755739210284665	23584	23663
A24424T(S:Q954H) T24469A(S:N969K)	154	226	0.6814159292035398	24410	24488
C23525T(S:H655Y) T23599G(S:N679K) C23604A(S:P681H)	112	259	0.43243243243243246	23516	23604
T23599G(S:N679K) C23604A(S:P681H) C23673T(S:S704L)	76	731	0.1039671682626539	23580	23693
C25416T(ORF3a:F8F)	64	115	0.5565217391304348	25381	25442
T23599G(S:N679K) C23604A(S:P681H) C23664T(S:A701V)	53	794	0.06675062972292191	23579	23666
(25262,1)(S:DEL1235)	50	104	0.4807692307692308	25250	25295
T24469A(S:N969K)	44	335	0.13134328358208955	24464	24541
C25000T(S:D1146D)	37	115	0.3217391304347826	24998	25068
A23403G(S:D614G)	36	323	0.11145510835913312	23336	23413
(23334,1)(S:DEL592)	33	227	0.14537444933920704	23322	23336
G22813T(S:K417N) T22882G(S:N440K) G22895C(S:V445P) T22896C(S:V445P) G22898A(S:G446S)	31	90	0.34444444444444444	22791	22898
(23486,1)(S:DEL643) C23525T(S:H655Y) T23599G(S:N679K) C23604A(S:P681H)	27	223	0.1210762331838565	23471	23645
C23854A(S:N764K)	21	133	0.15789473684210525	23792	23887
G22317T(S:G252V)	21	49	0.42857142857142855	22256	22322
A24424T(S:Q954H)	20	235	0.0851063829787234	24406	24425
C23525T(S:H655Y)	19	430	0.044186046511627906	23485	23551
G22813T(S:K417N) T22882G(S:N440K)	19	132	0.14393939393939395	22791	22885
T23487G C23525T(S:H655Y) T23599G(S:N679K) C23604A(S:P681H)	16	224	0.07142857142857142	23486	23607
T23075C(S:Y505H)	15	32	0.46875	23074	23165
G22813T(S:K417N) T22882G(S:N440K) G22895C(S:V445P) T22896C(S:V445P)	15	108	0.1388888888888889	22791	22896
A23403G(S:D614G) C23525T(S:H655Y)	13	104	0.125	23351	23532
T22200A(S:V213E)	11	15	0.7333333333333333	22117	22214
(23334,1)(S:DEL592) A23403G(S:D614G)	10	168	0.05952380952380952	23322	23406
C22295T(S:H245Y) G22317T(S:G252V)	10	48	0.20833333333333334	22242	22324
