Covariants	Count	Max_count	Freq	Coverage_start	Coverage_end
T23599G(S:N679K) C23604A(S:P681H)	288	736	0.391304347826087	23579	23664
A24424T(S:Q954H) T24469A(S:N969K)	126	191	0.6596858638743456	24416	24488
C23525T(S:H655Y) T23599G(S:N679K) C23604A(S:P681H)	66	237	0.27848101265822783	23504	23607
C25416T(ORF3a:F8F)	52	104	0.5	25383	25446
A23403G(S:D614G)	42	299	0.14046822742474915	23342	23407
C23525T(S:H655Y)	34	389	0.08740359897172237	23471	23551
(23486,1)(S:DEL643) C23525T(S:H655Y) T23599G(S:N679K) C23604A(S:P681H)	34	209	0.16267942583732056	23471	23607
(23334,1)(S:DEL592)	33	240	0.1375	23322	23336
G22317T(S:G252V)	30	51	0.5882352941176471	22249	22330
T23599G(S:N679K) C23604A(S:P681H) C23635T(S:S691S)	29	723	0.040110650069156296	23579	23666
(23334,1)(S:DEL592) A23403G(S:D614G)	28	204	0.13725490196078433	23322	23408
G22813T(S:K417N) T22882G(S:N440K) G22895C(S:V445P) T22896C(S:V445P) G22898A(S:G446S)	27	85	0.3176470588235294	22791	22898
T23487G C23525T(S:H655Y) T23599G(S:N679K) C23604A(S:P681H)	26	209	0.12440191387559808	23486	23607
A24424T(S:Q954H)	24	196	0.12244897959183673	24413	24488
C21618T(S:T19I) (21632,9)(S:DEL25/27)	20	29	0.6896551724137931	21608	21668
C23854A(S:N764K)	18	178	0.10112359550561797	23792	23880
A23403G(S:D614G) C23525T(S:H655Y)	16	85	0.18823529411764706	23351	23532
T22200A(S:V213E)	16	23	0.6956521739130435	22117	22208
(24981,1)(S:DEL1141) C25000T(S:D1146D)	14	40	0.35	24849	25000
(25262,1)(S:DEL1235)	12	43	0.27906976744186046	25248	25323
G22813T(S:K417N) T22882G(S:N440K) G22895C(S:V445P) T22896C(S:V445P) G22898A(S:G446S) T22942G(S:N460K)	11	43	0.2558139534883721	22791	22968
T24469A(S:N969K)	11	240	0.04583333333333333	24464	24537
