Covariants	Count	Max_count	Freq	Coverage_start	Coverage_end
A23403G(S:D614G) C23525T(S:H655Y) T23599G(S:N679K) C23604A(S:P681H)	527	646	0.8157894736842105	23401	23605
C21618T(S:T19I) (21632,9)(S:DEL25/27)	416	495	0.8404040404040404	21592	21668
C25416T(ORF3a:F8F)	391	476	0.8214285714285714	25357	25422
T24469A(S:N969K)	177	408	0.4338235294117647	24468	24532
C25000T(S:D1146D)	170	202	0.8415841584158416	24913	25001
A24424T(S:Q954H) T24469A(S:N969K)	137	192	0.7135416666666666	24403	24477
G22992A(S:S477N) C22995A(S:T478K) A23013C(S:E484A) T23018C(S:F486P) T23019C(S:F486P) T23031C(S:F490S) A23055G(S:Q498R) A23063T(S:N501Y) T23075C(S:Y505H)	95	181	0.5248618784530387	22978	23106
G22992A(S:S477N) C22995A(S:T478K) A23013C(S:E484A) T23019C(S:F486S) T23031C(S:F490S) A23055G(S:Q498R) A23063T(S:N501Y) T23075C(S:Y505H)	51	181	0.281767955801105	22978	23195
A23403G(S:D614G)	44	721	0.06102635228848821	23271	23408
C21618T(S:T19I) (21632,9)(S:DEL25/27) T21810C(S:V83A)	43	48	0.8958333333333334	21603	21900
(24399,1)(S:DEL947) A24424T(S:Q954H) T24469A(S:N969K)	28	191	0.14659685863874344	24316	24524
C23525T(S:H655Y) T23599G(S:N679K) C23604A(S:P681H)	16	662	0.02416918429003021	23520	23605
A25397T(ORF3a:D2V) C25416T(ORF3a:F8F)	13	476	0.0273109243697479	25210	25434
T23599G(S:N679K) C23604A(S:P681H) C23854A(S:N764K)	12	21	0.5714285714285714	23579	23910
C25416T(ORF3a:F8F) C25584T(ORF3a:T64T)	10	12	0.8333333333333334	25383	25584
