Covariants	Count	Max_count	Freq	Coverage_start	Coverage_end
A22101T(S:E180V)	12	41	0.2926829268292683	22056	22101
T22942G(S:N460K)	12	22	0.5454545454545454	22940	22946
C22033A(S:F157L)	11	126	0.0873015873015873	22029	22071
