Covariants	Count	Max_count	Freq	Coverage_start	Coverage_end
T23599G(S:N679K) C23604A(S:P681H)	147	424	0.3466981132075472	23593	23660
A24424T(S:Q954H) T24469A(S:N969K)	69	132	0.5227272727272727	24406	24478
C23525T(S:H655Y) T23599G(S:N679K) C23604A(S:P681H)	55	166	0.3313253012048193	23485	23607
A24424T(S:Q954H)	30	132	0.22727272727272727	24415	24488
A23403G(S:D614G)	15	133	0.11278195488721804	23268	23425
(23334,1)(S:DEL592)	12	105	0.11428571428571428	23268	23350
(23486,1)(S:DEL643) C23525T(S:H655Y) T23599G(S:N679K) C23604A(S:P681H)	12	111	0.10810810810810811	23471	23645
