Covariants	Count	Max_count	Freq	Coverage_start	Coverage_end
C23525T(S:H655Y) G23562A	60	64	0.9375	23411	23562
G22317T(S:G252V)	44	94	0.46808510638297873	22207	22347
C25416T(ORF3a:F8F)	39	74	0.527027027027027	25377	25434
T23385A	19	39	0.48717948717948717	23250	23385
T21810C(S:V83A)	15	43	0.3488372093023256	21765	21900
(21764,6)(S:DEL69/70)	13	39	0.3333333333333333	21674	21817
T21810C(S:V83A) A21875G(S:I105V)	11	33	0.3333333333333333	21765	21900
(22485,2)(S:DEL309)	11	19	0.5789473684210527	22432	22542
