Covariants	Count	Max_count	Freq	Coverage_start	Coverage_end
T23599G(S:N679K) C23604A(S:P681H)	487	881	0.5527809307604994	23586	23660
A24424T(S:Q954H) T24469A(S:N969K)	170	300	0.5666666666666667	24413	24478
C23525T(S:H655Y) T23599G(S:N679K) C23604A(S:P681H)	88	179	0.49162011173184356	23501	23606
A24424T(S:Q954H)	51	306	0.16666666666666666	24416	24487
C21618T(S:T19I) (21632,9)(S:DEL25/27)	49	64	0.765625	21608	21662
(25262,1)(S:DEL1235)	47	69	0.6811594202898551	25248	25295
C25416T(ORF3a:F8F)	41	67	0.6119402985074627	25381	25451
C23525T(S:H655Y)	26	259	0.10038610038610038	23485	23552
G22813T(S:K417N) T22882G(S:N440K)	25	97	0.25773195876288657	22791	22883
T24469A(S:N969K)	24	355	0.0676056338028169	24464	24541
A23403G(S:D614G)	22	221	0.09954751131221719	23340	23411
(23334,1)(S:DEL592)	21	186	0.11290322580645161	23322	23336
G22317T(S:G252V)	16	33	0.48484848484848486	22256	22328
T23487G C23525T(S:H655Y) T23599G(S:N679K) C23604A(S:P681H)	15	148	0.10135135135135136	23486	23607
T23075C(S:Y505H)	14	25	0.56	23074	23156
G22813T(S:K417N)	12	109	0.11009174311926606	22791	22866
G22813T(S:K417N) T22882G(S:N440K) A22893C(S:K444T) G22898A(S:G446S) T22917G(S:L452R) G22927T(S:L455F) T22928C(S:F456L) T22942G(S:N460K)	12	45	0.26666666666666666	22791	22968
C23854A(S:N764K)	12	122	0.09836065573770492	23790	23858
