Covariants	Count	Max_count	Freq	Coverage_start	Coverage_end
T23599G(S:N679K) C23604A(S:P681H)	71	239	0.29707112970711297	23584	23666
A24424T(S:Q954H) T24469A(S:N969K)	42	67	0.6268656716417911	24413	24486
C23525T(S:H655Y) T23599G(S:N679K) C23604A(S:P681H)	40	119	0.33613445378151263	23504	23607
(23486,1)(S:DEL643) C23525T(S:H655Y) T23599G(S:N679K) C23604A(S:P681H)	16	87	0.1839080459770115	23471	23645
C23525T(S:H655Y)	13	158	0.08227848101265822	23485	23551
T24469A(S:N969K)	12	102	0.11764705882352941	24464	24541
G22813T(S:K417N) T22882G(S:N440K) G22895C(S:V445P) T22896C(S:V445P) G22898A(S:G446S) T22942G(S:N460K)	11	27	0.4074074074074074	22791	22949
C23277T(S:T572I) A23403G(S:D614G)	10	34	0.29411764705882354	23268	23429
A24424T(S:Q954H)	10	67	0.14925373134328357	24406	24488
