Covariants	Count	Max_count	Freq	Coverage_start	Coverage_end
T23599G(S:N679K) C23604A(S:P681H)	103	469	0.21961620469083157	23580	23664
C23525T(S:H655Y) T23599G(S:N679K) C23604A(S:P681H)	62	230	0.26956521739130435	23505	23607
A24424T(S:Q954H) T24469A(S:N969K)	47	103	0.4563106796116505	24416	24488
(23486,1)(S:DEL643) C23525T(S:H655Y) T23599G(S:N679K) C23604A(S:P681H)	25	170	0.14705882352941177	23471	23645
T23487G C23525T(S:H655Y) T23599G(S:N679K) C23604A(S:P681H)	24	171	0.14035087719298245	23486	23642
A24424T(S:Q954H)	21	103	0.20388349514563106	24406	24487
T23599G(S:N679K) C23604A(S:P681H) C23664T(S:A701V)	18	190	0.09473684210526316	23584	23668
A23403G(S:D614G)	17	161	0.10559006211180125	23268	23406
(23334,1)(S:DEL592)	13	115	0.11304347826086956	23268	23336
C25416T(ORF3a:F8F)	12	19	0.631578947368421	25381	25450
