Covariants	Count	Max_count	Freq	Coverage_start	Coverage_end
T23599G(S:N679K) C23604A(S:P681H)	50	97	0.5154639175257731	23580	23666
A24424T(S:Q954H) T24469A(S:N969K)	25	41	0.6097560975609756	24406	24488
T24469A(S:N969K)	10	59	0.1694915254237288	24464	24572
C25416T(ORF3a:F8F)	10	19	0.5263157894736842	25381	25452
