Covariants	Count	Max_count	Freq	Coverage_start	Coverage_end
A23403G(S:D614G)	8420	9550	0.881675392670157	23368	23403
C23123A(S:P521T)	2422	3989	0.6071697167209827	23122	23193
C23123A(S:P521T) A23403G(S:D614G)	708	982	0.7209775967413442	23122	23403
C23243T(S:P561S)	10	12901	0.0007751337105650725	23228	23244
