Covariants	Count	Max_count	Freq	Coverage_start	Coverage_end
T23599G(S:N679K) C23604A(S:P681H)	187	544	0.34375	23580	23636
A24424T(S:Q954H) T24469A(S:N969K)	111	221	0.502262443438914	24410	24488
(23486,1)(S:DEL643) C23525T(S:H655Y) T23599G(S:N679K) C23604A(S:P681H)	70	211	0.33175355450236965	23471	23607
C23525T(S:H655Y) T23599G(S:N679K) C23604A(S:P681H)	57	256	0.22265625	23505	23607
A24424T(S:Q954H)	33	224	0.14732142857142858	24406	24488
(25262,1)(S:DEL1235)	33	105	0.3142857142857143	25248	25295
C25416T(ORF3a:F8F)	30	55	0.5454545454545454	25381	25442
T23487G C23525T(S:H655Y) T23599G(S:N679K) C23604A(S:P681H)	25	212	0.1179245283018868	23486	23607
T24469A(S:N969K)	24	274	0.08759124087591241	24464	24565
C23854A(S:N764K)	22	161	0.13664596273291926	23681	23866
(23334,1)(S:DEL592)	21	123	0.17073170731707318	23322	23336
A23403G(S:D614G)	17	177	0.096045197740113	23345	23407
C25000T(S:D1146D)	17	52	0.3269230769230769	24984	25064
G22317T(S:G252V)	15	18	0.8333333333333334	22242	22321
G22813T(S:K417N) T22882G(S:N440K) G22895C(S:V445P) T22896C(S:V445P) G22898A(S:G446S)	13	45	0.28888888888888886	22809	22898
G22813T(S:K417N) T22882G(S:N440K) G22895C(S:V445P) T22896C(S:V445P) G22898A(S:G446S) T22942G(S:N460K)	12	29	0.41379310344827586	22791	22968
