Covariants	Count	Max_count	Freq	Coverage_start	Coverage_end
C22109G(S:Q183E)	17	22	0.7727272727272727	22073	22113
A23403G(S:D614G)	10	22	0.45454545454545453	23379	23404
