Covariants	Count	Max_count	Freq	Coverage_start	Coverage_end
T23599G(S:N679K) C23604A(S:P681H)	167	332	0.5030120481927711	23579	23664
A24424T(S:Q954H) T24469A(S:N969K)	40	63	0.6349206349206349	24415	24488
C25416T(ORF3a:F8F)	37	52	0.7115384615384616	25381	25451
C23525T(S:H655Y) T23599G(S:N679K) C23604A(S:P681H)	19	80	0.2375	23501	23608
T24469A(S:N969K)	18	114	0.15789473684210525	24464	24548
T23075C(S:Y505H)	14	23	0.6086956521739131	23074	23156
(23486,1)(S:DEL643) C23525T(S:H655Y) T23599G(S:N679K) C23604A(S:P681H)	13	71	0.18309859154929578	23471	23645
T23487G C23525T(S:H655Y) T23599G(S:N679K) C23604A(S:P681H)	12	71	0.16901408450704225	23486	23636
C23854A(S:N764K)	12	55	0.21818181818181817	23765	23888
(25262,1)(S:DEL1235)	11	43	0.2558139534883721	25248	25323
T23599G(S:N679K) C23604A(S:P681H) A23670T(S:N703I)	10	229	0.043668122270742356	23579	23703
