Covariants	Count	Max_count	Freq	Coverage_start	Coverage_end
T23599G(S:N679K) C23604A(S:P681H)	140	454	0.30837004405286345	23579	23666
A24424T(S:Q954H) T24469A(S:N969K)	72	132	0.5454545454545454	24406	24487
C23525T(S:H655Y) T23599G(S:N679K) C23604A(S:P681H)	39	159	0.24528301886792453	23505	23607
T23599G(S:N679K) C23604A(S:P681H) C23664T(S:A701V)	35	258	0.13565891472868216	23579	23666
(23334,1)(S:DEL592)	32	133	0.24060150375939848	23282	23336
T23487G C23525T(S:H655Y) T23599G(S:N679K) C23604A(S:P681H)	27	128	0.2109375	23486	23607
(23486,1)(S:DEL643) C23525T(S:H655Y) T23599G(S:N679K) C23604A(S:P681H)	25	127	0.1968503937007874	23471	23645
C25416T(ORF3a:F8F)	23	46	0.5	25371	25452
A24424T(S:Q954H)	22	137	0.16058394160583941	24413	24488
(25262,1)(S:DEL1235)	20	46	0.43478260869565216	25248	25263
G22317T(S:G252V)	13	20	0.65	22242	22331
A23403G(S:D614G)	11	169	0.0650887573964497	23322	23420
T24469A(S:N969K)	11	160	0.06875	24464	24557
C23525T(S:H655Y)	10	206	0.04854368932038835	23485	23553
