Covariants	Count	Max_count	Freq	Coverage_start	Coverage_end
C25416T(ORF3a:F8F)	43	69	0.6231884057971014	25377	25418
G22317T(S:G252V)	39	70	0.5571428571428572	22207	22347
C23525T(S:H655Y) G23562A	25	25	1.0	23411	23562
(21764,6)(S:DEL69/70)	14	30	0.4666666666666667	21674	21817
T21810C(S:V83A)	11	31	0.3548387096774194	21765	21900
