Covariants	Count	Max_count	Freq	Coverage_start	Coverage_end
G22317T(S:G252V)	160	226	0.7079646017699115	22238	22347
C25416T(ORF3a:F8F)	77	96	0.8020833333333334	25307	25419
T21810C(S:V83A)	30	73	0.410958904109589	21765	21915
C25000T(S:D1146D)	29	32	0.90625	24926	25076
C23525T(S:H655Y) G23562A	26	44	0.5909090909090909	23411	23562
T21802C(S:D80D) T21810C(S:V83A)	24	73	0.3287671232876712	21765	21915
T22200A(S:V213E) G22317T(S:G252V)	22	30	0.7333333333333333	22196	22347
C22664A(S:L368I) C22674T(S:S371F) T22679C(S:S373P) C22686T(S:S375F) A22688G(S:T376A) G22775A(S:D405N) A22786C(S:R408S)	19	45	0.4222222222222222	22589	22808
T22882G(S:N440K) G22895C(S:V445P) T22896C(S:V445P) G22898A(S:G446S) T22942G(S:N460K) G22992A(S:S477N) C22995G(S:T478R) A23013C(S:E484A) T23018C(S:F486P) T23019C(S:F486P) T23031C(S:F490S) A23055G(S:Q498R) A23063T(S:N501Y) T23075C(S:Y505H)	19	50	0.38	22850	23097
G22317T(S:G252V) T22325C(S:S255P)	19	226	0.084070796460177	22207	22347
T22882G(S:N440K) G22895C(S:V445P) T22896C(S:V445P) G22898A(S:G446S) T22942G(S:N460K) G22992A(S:S477N) C22995A(S:T478K) A23013C(S:E484A) T23018C(S:F486P) T23019C(S:F486P) T23031C(S:F490S) A23055G(S:Q498R) A23063T(S:N501Y) T23075C(S:Y505H)	16	50	0.32	22850	23097
T23385A	15	61	0.2459016393442623	23262	23385
A23403G(S:D614G) C23525T(S:H655Y)	15	31	0.4838709677419355	23325	23561
A23403G(S:D614G)	13	44	0.29545454545454547	23325	23448
G21987A(S:G142D) (21990,3)(S:DEL144) C22000A(S:H146Q)	13	25	0.52	21949	22098
G22599C(S:R346T) C22624T(S:N354N) C22664A(S:L368I) C22674T(S:S371F) T22679C(S:S373P) C22686T(S:S375F) A22688G(S:T376A) G22775A(S:D405N) A22786C(S:R408S)	11	45	0.24444444444444444	22589	22808
C23525T(S:H655Y)	10	75	0.13333333333333333	23436	23561
A24424T(S:Q954H) T24469A(S:N969K)	10	15	0.6666666666666666	24388	24621
