Covariants	Count	Max_count	Freq	Coverage_start	Coverage_end
C22109G(S:Q183E)	137	147	0.9319727891156463	22108	22111
C21772T(S:V70V)	27	102	0.2647058823529412	21743	21774
A22320G(S:D253G)	14	40	0.35	22294	22324
C22033A(S:F157L)	10	568	0.017605633802816902	22032	22067
