Covariants	Count	Max_count	Freq	Coverage_start	Coverage_end
T23599G(S:N679K) C23604A(S:P681H)	305	805	0.37888198757763975	23579	23661
A24424T(S:Q954H) T24469A(S:N969K)	226	351	0.6438746438746439	24406	24488
C23525T(S:H655Y) T23599G(S:N679K) C23604A(S:P681H)	143	357	0.4005602240896359	23501	23607
C25416T(ORF3a:F8F)	87	188	0.4627659574468085	25381	25442
(23486,1)(S:DEL643) C23525T(S:H655Y) T23599G(S:N679K) C23604A(S:P681H)	46	321	0.14330218068535824	23471	23607
T24469A(S:N969K)	40	455	0.08791208791208792	24464	24533
A24424T(S:Q954H)	40	355	0.11267605633802817	24406	24488
C23854A(S:N764K)	38	312	0.12179487179487179	23765	23860
C23525T(S:H655Y)	36	456	0.07894736842105263	23485	23551
T23487G C23525T(S:H655Y) T23599G(S:N679K) C23604A(S:P681H)	33	326	0.10122699386503067	23486	23644
A23403G(S:D614G)	32	201	0.15920398009950248	23287	23406
G22813T(S:K417N) T22882G(S:N440K) G22895C(S:V445P) T22896C(S:V445P) G22898A(S:G446S)	26	65	0.4	22799	22898
G22317T(S:G252V)	26	35	0.7428571428571429	22242	22322
C25000T(S:D1146D)	22	78	0.28205128205128205	24998	25065
(25262,1)(S:DEL1235)	18	111	0.16216216216216217	25248	25263
G22813T(S:K417N) T22882G(S:N440K) G22895C(S:V445P) T22896C(S:V445P) G22898A(S:G446S) T22942G(S:N460K)	15	33	0.45454545454545453	22791	22949
G22813T(S:K417N) T22882G(S:N440K) G22895C(S:V445P) T22896C(S:V445P)	13	82	0.15853658536585366	22791	22896
(24981,1)(S:DEL1141) C25000T(S:D1146D)	13	52	0.25	24936	25001
(23334,1)(S:DEL592) A23403G(S:D614G)	11	146	0.07534246575342465	23322	23423
