Covariants	Count	Max_count	Freq	Coverage_start	Coverage_end
A23403G(S:D614G)	47	129	0.3643410852713178	23402	23404
C23202T(S:T547I)	26	146	0.1780821917808219	23160	23207
