Covariants	Count	Max_count	Freq	Coverage_start	Coverage_end
C25416T(ORF3a:F8F)	247	323	0.7647058823529411	25381	25434
G22317T(S:G252V)	211	300	0.7033333333333334	22299	22347
C23525T(S:H655Y) G23562A	89	110	0.8090909090909091	23422	23562
A23403G(S:D614G)	83	134	0.6194029850746269	23325	23439
T23385A	61	198	0.30808080808080807	23250	23385
T21810C(S:V83A)	59	107	0.5514018691588785	21765	21817
C25000T(S:D1146D)	27	33	0.8181818181818182	24926	25076
A23403G(S:D614G) C23525T(S:H655Y)	24	40	0.6	23325	23561
A24424T(S:Q954H) T24469A(S:N969K)	22	50	0.44	24388	24538
T22200A(S:V213E) G22317T(S:G252V)	21	25	0.84	22129	22347
C22664A(S:L368I) C22674T(S:S371F) T22679C(S:S373P) C22686T(S:S375F) A22688G(S:T376A) G22775A(S:D405N)	19	41	0.4634146341463415	22589	22781
C22674T(S:S371F) T22679C(S:S373P) C22686T(S:S375F) A22688G(S:T376A) G22775A(S:D405N)	19	41	0.4634146341463415	22657	22781
G21987A(S:G142D) (21990,3)(S:DEL144) C22000A(S:H146Q)	19	37	0.5135135135135135	21949	22098
G22331A(S:G257S)	18	300	0.06	22306	22347
T22882G(S:N440K) G22895C(S:V445P) T22896C(S:V445P) G22898A(S:G446S) T22942G(S:N460K) G22992A(S:S477N) C22995A(S:T478K) A23013C(S:E484A) T23018C(S:F486P) T23019C(S:F486P) T23031C(S:F490S) A23055G(S:Q498R) A23063T(S:N501Y) T23075C(S:Y505H)	17	21	0.8095238095238095	22850	23097
C25118T(S:L1186F) G25269A	15	28	0.5357142857142857	25117	25269
C23525T(S:H655Y)	14	168	0.08333333333333333	23412	23561
A24388T A24424T(S:Q954H) T24469A(S:N969K) A24539G	13	42	0.30952380952380953	24387	24539
T21810C(S:V83A) T21880C(S:F106F)	11	86	0.12790697674418605	21765	21900
C23601T T23752A(S:S730S)	11	45	0.24444444444444444	23600	23752
