Covariants	Count	Max_count	Freq	Coverage_start	Coverage_end
A23403G(S:D614G)	14000	15065	0.9293063391968138	23368	23403
C21618T(S:T19I) (21632,9)(S:DEL25/27)	6495	6857	0.9472072334840309	21612	21652
C23854A(S:N764K)	3710	4617	0.8035520901017977	23830	23854
C23123A(S:P521T)	2514	7678	0.3274290179734306	23122	23193
G22317T(S:G252V)	2157	3713	0.5809318610288177	22316	22319
T23599G(S:N679K) C23604A(S:P681H)	1834	2660	0.6894736842105263	23598	23673
C21618T(S:T19I)	1552	8514	0.18228799624148462	21543	21618
T22200A(S:V213E)	878	1410	0.6226950354609929	22199	22273
T23599G(S:N679K) C23604A(S:P681H) C23854A(S:N764K)	658	707	0.9306930693069307	23598	23854
T22200A(S:V213E) G22317T(S:G252V)	445	1145	0.388646288209607	22199	22317
C23123A(S:P521T) A23403G(S:D614G)	442	1301	0.33973866256725593	23122	23403
(21632,9)(S:DEL25/27)	98	6857	0.014291964415925331	21611	21654
C21618T(S:T19I) (21632,9)(S:DEL25/27) T21633C(S:L24S)	87	6857	0.01268776432842351	21535	21654
C23604A(S:P681H)	54	2689	0.02008181480104128	23603	23675
C21618T(S:T19I) T21633C(S:L24S)	52	6911	0.007524236724063088	21553	21633
C25416T(ORF3a:F8F)	29	33	0.8787878787878788	25334	25418
G22577C(S:G339H) G22578A(S:G339H) G22599C(S:R346T) C22664A(S:L368I) C22674T(S:S371F) T22679C(S:S373P) C22686T(S:S375F) A22688G(S:T376A)	27	51	0.5294117647058824	22563	22699
G22577C(S:G339H) G22578A(S:G339H) G22599C(S:R346T)	20	83	0.24096385542168675	22541	22601
G22775A(S:D405N) A22786C(S:R408S) G22813T(S:K417N)	15	41	0.36585365853658536	22752	22814
C22664A(S:L368I) C22674T(S:S371F) T22679C(S:S373P) C22686T(S:S375F) A22688G(S:T376A)	15	94	0.1595744680851064	22652	22706
A23187G(S:N542S)	14	16286	0.0008596340415080437	23185	23286
C23604A(S:P681H) C23854A(S:N764K)	14	712	0.019662921348314606	23602	23854
(23276,'G')(S:INS573)	11	23888	0.00046048225050234425	23273	23373
C23243T(S:P561S)	11	20877	0.0005268956267662978	23242	23277
T23245C(S:P561P)	10	20517	0.0004874006921089828	23210	23260
A23403G(S:D614G) G23412A(S:C617Y)	10	12106	0.0008260366760284157	23362	23420
G23205A(S:G548D)	10	18754	0.0005332195798229711	23176	23216
