Covariants	Count	Max_count	Freq	Coverage_start	Coverage_end
C22109G(S:Q183E)	135	195	0.6923076923076923	22108	22112
T22942G(S:N460K)	85	141	0.6028368794326241	22940	22946
C22033A(S:F157L)	78	835	0.09341317365269461	22032	22060
A22101T(S:E180V)	46	338	0.13609467455621302	22064	22103
T23986C(S:D808D)	30	500	0.06	23985	23987
A23403G(S:D614G)	24	52	0.46153846153846156	23402	23404
C22109G(S:Q183E) G22113T(S:G184V)	23	193	0.11917098445595854	22074	22114
C22033A(S:F157L) C22109G(S:Q183E)	14	72	0.19444444444444445	22031	22112
G22317T(S:G252V)	13	88	0.14772727272727273	22316	22349
A22320G(S:D253G)	11	97	0.1134020618556701	22295	22347
