Covariants	Count	Max_count	Freq	Coverage_start	Coverage_end
T23599G(S:N679K) C23604A(S:P681H)	156	422	0.3696682464454976	23579	23666
A24424T(S:Q954H) T24469A(S:N969K)	60	100	0.6	24410	24488
C23525T(S:H655Y) T23599G(S:N679K) C23604A(S:P681H)	50	159	0.31446540880503143	23501	23607
T24469A(S:N969K)	35	177	0.1977401129943503	24464	24545
(25262,1)(S:DEL1235)	18	82	0.21951219512195122	25248	25263
C25000T(S:D1146D)	16	44	0.36363636363636365	24984	25065
(23486,1)(S:DEL643) C23525T(S:H655Y) T23599G(S:N679K) C23604A(S:P681H)	15	115	0.13043478260869565	23471	23606
T23487G C23525T(S:H655Y) T23599G(S:N679K) C23604A(S:P681H)	14	115	0.12173913043478261	23486	23645
A24424T(S:Q954H)	13	101	0.12871287128712872	24406	24488
C25416T(ORF3a:F8F) C25452T(ORF3a:I20I)	13	42	0.30952380952380953	25381	25452
C21855T(S:S98F) A21958G(S:E132E)	12	30	0.4	21842	21960
(23334,1)(S:DEL592) A23403G(S:D614G)	10	67	0.14925373134328357	23322	23408
