Covariants	Count	Max_count	Freq	Coverage_start	Coverage_end
T23599G(S:N679K) C23604A(S:P681H)	26	37	0.7027027027027027	23579	23666
A24424T(S:Q954H) T24469A(S:N969K)	19	41	0.4634146341463415	24406	24488
A24424T(S:Q954H)	13	41	0.3170731707317073	24406	24488
