Covariants	Count	Max_count	Freq	Coverage_start	Coverage_end
A23403G(S:D614G)	506	979	0.5168539325842697	23401	23403
A23403G(S:D614G) C23525T(S:H655Y)	234	422	0.5545023696682464	23402	23525
C23525T(S:H655Y)	204	831	0.24548736462093862	23507	23525
T24469A(S:N969K)	200	216	0.9259259259259259	24468	24533
C23525T(S:H655Y) T23599G(S:N679K) C23604A(S:P681H)	174	275	0.6327272727272727	23524	23605
C25416T(ORF3a:F8F)	90	115	0.782608695652174	25376	25418
A23403G(S:D614G) C23525T(S:H655Y) T23599G(S:N679K) C23604A(S:P681H)	75	96	0.78125	23402	23605
C21618T(S:T19I) (21632,9)(S:DEL25/27) G21718T(S:Q52H)	48	83	0.5783132530120482	21613	21724
C23525T(S:H655Y) T23599G(S:N679K)	47	347	0.13544668587896252	23516	23601
C21618T(S:T19I) (21632,9)(S:DEL25/27)	40	121	0.3305785123966942	21604	21654
T21810C(S:V83A)	38	105	0.3619047619047619	21808	21812
G23948T(S:D796Y)	35	39	0.8974358974358975	23946	23966
A23403G(S:D614G) C23525T(S:H655Y) T23599G(S:N679K)	25	128	0.1953125	23400	23601
C21618T(S:T19I) (21632,9)(S:DEL25/27) G21718T(S:Q52H) T21810C(S:V83A)	25	30	0.8333333333333334	21613	21812
G21718T(S:Q52H) T21810C(S:V83A)	22	61	0.36065573770491804	21715	21813
G21718T(S:Q52H)	20	132	0.15151515151515152	21685	21721
G25361A(S:G1267R) C25416T(ORF3a:F8F)	13	113	0.11504424778761062	25357	25461
C22480T(S:F306F) G22577C(S:G339H) G22578A(S:G339H) G22599C(S:R346T)	10	20	0.5	22438	22608
