Covariants	Count	Max_count	Freq	Coverage_start	Coverage_end
C22109G(S:Q183E)	13	15	0.8666666666666667	22080	22113
A23403G(S:D614G)	11	19	0.5789473684210527	23402	23404
