Covariants	Count	Max_count	Freq	Coverage_start	Coverage_end
T23599G(S:N679K) C23604A(S:P681H)	12	37	0.32432432432432434	23579	23664
A24424T(S:Q954H) T24469A(S:N969K)	12	17	0.7058823529411765	24410	24491
