Covariants	Count	Max_count	Freq	Coverage_start	Coverage_end
T23599G(S:N679K) C23604A(S:P681H)	105	149	0.7046979865771812	23579	23655
A24424T(S:Q954H) T24469A(S:N969K)	15	28	0.5357142857142857	24406	24487
