Covariants	Count	Max_count	Freq	Coverage_start	Coverage_end
A22101T(S:E180V)	19	45	0.4222222222222222	22057	22103
G23213T(S:V551F)	15	197	0.07614213197969544	23212	23260
T22942G(S:N460K)	14	31	0.45161290322580644	22940	22966
A23403G(S:D614G)	12	27	0.4444444444444444	23402	23404
C22109G(S:Q183E)	10	15	0.6666666666666666	22066	22113
