Covariants	Count	Max_count	Freq	Coverage_start	Coverage_end
C25416T(ORF3a:F8F)	711	753	0.9442231075697212	25378	25434
T21810C(S:V83A)	604	723	0.8354080221300139	21793	21823
G22317T(S:G252V)	536	768	0.6979166666666666	22300	22347
C22664A(S:L368I) C22674T(S:S371F) T22679C(S:S373P) C22686T(S:S375F) A22688G(S:T376A) G22775A(S:D405N)	188	197	0.9543147208121827	22657	22781
T22200A(S:V213E) G22317T(S:G252V)	126	143	0.8811188811188811	22130	22347
A23403G(S:D614G)	96	188	0.5106382978723404	23337	23467
T22882G(S:N440K) G22895C(S:V445P) T22896C(S:V445P) G22898A(S:G446S) T22942G(S:N460K) G22992A(S:S477N) C22995A(S:T478K) A23013C(S:E484A) T23018C(S:F486P) T23019C(S:F486P) T23031C(S:F490S) A23055G(S:Q498R) A23063T(S:N501Y) T23075C(S:Y505H)	93	116	0.8017241379310345	22850	23097
A24424T(S:Q954H) T24469A(S:N969K)	88	135	0.6518518518518519	24388	24537
C23525T(S:H655Y)	77	259	0.2972972972972973	23411	23559
T23385A	75	267	0.2808988764044944	23250	23385
C23525T(S:H655Y) G23562A	69	121	0.5702479338842975	23411	23562
G21987A(S:G142D) (21990,3)(S:DEL144) C22000A(S:H146Q)	62	99	0.6262626262626263	21949	22098
A23403G(S:D614G) C23525T(S:H655Y)	48	88	0.5454545454545454	23325	23561
C25000T(S:D1146D)	45	80	0.5625	24926	25076
T22200A(S:V213E)	32	171	0.1871345029239766	22129	22243
A24388T A24424T(S:Q954H) T24469A(S:N969K) A24539G	31	123	0.25203252032520324	24387	24539
C23601T T23752A(S:S730S)	26	88	0.29545454545454547	23600	23752
C25118T(S:L1186F) G25269A	21	43	0.4883720930232558	25117	25269
C22664A(S:L368I) C22674T(S:S371F) T22679C(S:S373P) C22686T(S:S375F) A22688G(S:T376A)	20	224	0.08928571428571429	22589	22736
T24976C(S:Y1138Y) C25000T(S:D1146D)	20	80	0.25	24926	25076
A24652T	20	371	0.05390835579514825	24651	24802
C23854A(S:N764K)	20	40	0.5	23690	23910
G22577C(S:G339H) G22578A(S:G339H) G22599C(S:R346T) C22642G(S:N360K)	17	26	0.6538461538461539	22491	22642
C23525T(S:H655Y) T23599G(S:N679K) C23604A(S:P681H)	17	44	0.38636363636363635	23513	23664
C23854A(S:N764K) G23868C(S:G769A)	14	40	0.35	23690	23910
A23403G(S:D614G) C23525T(S:H655Y) T23599G(S:N679K) C23604A(S:P681H)	14	24	0.5833333333333334	23325	23664
(21764,6)(S:DEL69/70)	13	690	0.01884057971014493	21674	21817
(24223,'T')(S:INS888)	13	67	0.19402985074626866	24198	24229
C21618T(S:T19I) (21632,9)(S:DEL25/27)	10	10	1.0	21576	21725
