Covariants	Count	Max_count	Freq	Coverage_start	Coverage_end
G22317T(S:G252V)	103	179	0.5754189944134078	22207	22347
C25416T(ORF3a:F8F)	85	195	0.4358974358974359	25377	25434
T21810C(S:V83A)	66	135	0.4888888888888889	21780	21825
C23525T(S:H655Y) G23562A	44	58	0.7586206896551724	23411	23562
(21764,6)(S:DEL69/70)	36	129	0.27906976744186046	21674	21774
A23403G(S:D614G)	31	60	0.5166666666666667	23326	23468
C25000T(S:D1146D)	29	31	0.9354838709677419	24926	25076
A23403G(S:D614G) C23525T(S:H655Y)	18	26	0.6923076923076923	23325	23561
G21987A(S:G142D) (21990,3)(S:DEL144) C22000A(S:H146Q)	15	29	0.5172413793103449	21949	22098
C22674T(S:S371F) T22679C(S:S373P) C22686T(S:S375F) A22688G(S:T376A) G22775A(S:D405N)	14	37	0.3783783783783784	22589	22781
A24424T(S:Q954H) T24469A(S:N969K)	13	22	0.5909090909090909	24388	24537
C23601T T23752A(S:S730S)	12	40	0.3	23600	23752
T23385A	12	74	0.16216216216216217	23250	23385
T22200A(S:V213E)	11	27	0.4074074074074074	22129	22243
G21987A(S:G142D) T22099A(S:L179L)	10	10	1.0	21949	22099
(21682,1)(S:DEL41) T21810C(S:V83A)	10	114	0.08771929824561403	21674	21900
(25422,1)(ORF3a:DEL11)	10	195	0.05128205128205128	25377	25518
