Covariants	Count	Max_count	Freq	Coverage_start	Coverage_end
G22317T(S:G252V)	127	156	0.8141025641025641	22207	22347
C25416T(ORF3a:F8F)	95	122	0.7786885245901639	25377	25434
T21810C(S:V83A)	61	108	0.5648148148148148	21766	21817
C23525T(S:H655Y) G23562A	49	58	0.8448275862068966	23411	23562
T23385A	30	55	0.5454545454545454	23250	23385
(21764,6)(S:DEL69/70)	22	100	0.22	21674	21817
A23403G(S:D614G)	17	24	0.7083333333333334	23325	23468
C22664A(S:L368I) C22674T(S:S371F) T22679C(S:S373P) C22686T(S:S375F) A22688G(S:T376A) G22775A(S:D405N)	11	19	0.5789473684210527	22589	22781
