Covariants	Count	Max_count	Freq	Coverage_start	Coverage_end
T23599G(S:N679K) C23604A(S:P681H)	55	136	0.40441176470588236	23580	23666
A24424T(S:Q954H) T24469A(S:N969K)	21	38	0.5526315789473685	24406	24488
