Covariants	Count	Max_count	Freq	Coverage_start	Coverage_end
G22317T(S:G252V)	106	197	0.5380710659898477	22207	22347
A22320G(S:D253G)	43	197	0.2182741116751269	22207	22347
C23525T(S:H655Y) G23562A	34	37	0.918918918918919	23411	23562
C25416T(ORF3a:F8F)	31	85	0.36470588235294116	25377	25428
T25414C(ORF3a:F8L) C25416T(ORF3a:F8L)	26	85	0.3058823529411765	25377	25434
C25416T(ORF3a:F8F) A25472C(ORF3a:D27A)	25	82	0.3048780487804878	25377	25517
C25317T(S:S1252F)	23	100	0.23	25215	25350
C23252T(S:Q564*)	20	100	0.2	23129	23272
(22277,1)(S:DEL240)	14	196	0.07142857142857142	22207	22347
T23385A	13	29	0.4482758620689655	23250	23385
