Covariants	Count	Max_count	Freq	Coverage_start	Coverage_end
C21618T(S:T19I) (21632,9)(S:DEL25/27)	28	39	0.717948717948718	21611	21674
A23403G(S:D614G)	17	19	0.8947368421052632	23360	23403
