Covariants	Count	Max_count	Freq	Coverage_start	Coverage_end
T23599G(S:N679K) C23604A(S:P681H)	21	81	0.25925925925925924	23590	23666
C23525T(S:H655Y) T23599G(S:N679K) C23604A(S:P681H)	17	40	0.425	23508	23607
A24424T(S:Q954H) T24469A(S:N969K)	12	19	0.631578947368421	24406	24541
