Covariants	Count	Max_count	Freq	Coverage_start	Coverage_end
(21764,6)(S:DEL69/70)	5247	5327	0.984982166322508	21756	21779
C21618T(S:T19I) (21632,9)(S:DEL25/27)	3732	3823	0.9761967041590374	21591	21651
(21632,9)(S:DEL25/27)	38	3824	0.00993723849372385	21621	21652
