Covariants	Count	Max_count	Freq	Coverage_start	Coverage_end
C21618T(S:T19I) (21632,9)(S:DEL25/27)	5044	6509	0.7749270241204486	21615	21652
A23403G(S:D614G)	4665	4872	0.9575123152709359	23367	23403
C23854A(S:N764K)	4464	5599	0.7972852295052688	23828	23854
T21810C(S:V83A)	4258	6858	0.620880723242928	21809	21810
T23599G(S:N679K) C23604A(S:P681H)	2626	3674	0.7147523135547088	23598	23674
C21618T(S:T19I) (21632,9)(S:DEL25/27) T21810C(S:V83A)	1136	1630	0.6969325153374233	21615	21810
T23599G(S:N679K) C23604A(S:P681H) C23854A(S:N764K)	854	901	0.9478357380688124	23598	23854
C21618T(S:T19I)	692	7238	0.09560652113843603	21545	21619
(21632,9)(S:DEL25/27)	121	6557	0.018453561079762086	21620	21654
C23604A(S:P681H)	54	3697	0.014606437652150393	23602	23679
(21632,9)(S:DEL25/27) T21810C(S:V83A)	51	1661	0.030704394942805538	21621	21812
C23304A(S:T581K)	31	7372	0.004205100379815518	23277	23306
C21618T(S:T19I) (21632,9)(S:DEL25/27) T21633C(S:L24S)	29	6509	0.004455369488400676	21533	21654
C21618T(S:T19I) T21633C(S:L24S)	16	6527	0.0024513559062356366	21533	21633
C23304A(S:T581K) A23403G(S:D614G)	14	3323	0.004213060487511285	23276	23403
A23691G(S:N710S)	11	8366	0.0013148458044465695	23690	23790
A21768C(S:H69P)	11	8058	0.001365103003226607	21669	21770
C23604A(S:P681H) C23854A(S:N764K)	10	906	0.011037527593818985	23602	23854
