Covariants	Count	Max_count	Freq	Coverage_start	Coverage_end
T23599G(S:N679K) C23604A(S:P681H)	45	112	0.4017857142857143	23579	23693
A24424T(S:Q954H) T24469A(S:N969K)	15	24	0.625	24406	24502
C23525T(S:H655Y) T23599G(S:N679K) C23604A(S:P681H)	10	26	0.38461538461538464	23485	23645
