Covariants	Count	Max_count	Freq	Coverage_start	Coverage_end
A24424T(S:Q954H) T24469A(S:N969K)	76	112	0.6785714285714286	24406	24488
C23525T(S:H655Y) T23599G(S:N679K) C23604A(S:P681H)	55	73	0.7534246575342466	23485	23607
T23599G(S:N679K) C23604A(S:P681H)	37	180	0.20555555555555555	23579	23665
T23599G(S:N679K) C23604A(S:P681H) C23664T(S:A701V)	25	107	0.2336448598130841	23579	23669
C25416T(ORF3a:F8F)	18	27	0.6666666666666666	25381	25442
G22317T(S:G252V)	16	20	0.8	22242	22324
(25262,1)(S:DEL1235)	14	26	0.5384615384615384	25119	25295
