Covariants	Count	Max_count	Freq	Coverage_start	Coverage_end
T23599G(S:N679K) C23604A(S:P681H)	53	93	0.5698924731182796	23579	23665
A24424T(S:Q954H) T24469A(S:N969K)	18	34	0.5294117647058824	24406	24488
C25416T(ORF3a:F8F)	11	13	0.8461538461538461	25381	25452
