Covariants	Count	Max_count	Freq	Coverage_start	Coverage_end
T23599G(S:N679K) C23604A(S:P681H)	77	112	0.6875	23579	23664
(25262,1)(S:DEL1235)	13	17	0.7647058823529411	25248	25335
A24424T(S:Q954H) T24469A(S:N969K)	10	23	0.43478260869565216	24406	24488
