Covariants	Count	Max_count	Freq	Coverage_start	Coverage_end
A23403G(S:D614G)	22	77	0.2857142857142857	23402	23404
C22109G(S:Q183E)	10	31	0.3225806451612903	22108	22112
