Covariants	Count	Max_count	Freq	Coverage_start	Coverage_end
T23599G(S:N679K) C23604A(S:P681H)	27	61	0.4426229508196721	23579	23660
T23599G(S:N679K) C23604A(S:P681H) C23638T(S:I692I)	15	59	0.2542372881355932	23580	23664
