Covariants	Count	Max_count	Freq	Coverage_start	Coverage_end
A24424T(S:Q954H) T24469A(S:N969K)	81	122	0.6639344262295082	24416	24488
T23599G(S:N679K) C23604A(S:P681H)	78	279	0.27956989247311825	23587	23666
C23525T(S:H655Y) T23599G(S:N679K) C23604A(S:P681H)	66	137	0.48175182481751827	23505	23607
C25416T(ORF3a:F8F)	29	45	0.6444444444444445	25381	25464
C23854A(S:N764K)	23	90	0.25555555555555554	23765	23867
A23403G(S:D614G)	20	92	0.21739130434782608	23322	23416
G22813T(S:K417N) T22882G(S:N440K) G22895C(S:V445P) T22896C(S:V445P) G22898A(S:G446S)	13	39	0.3333333333333333	22801	22898
(25262,1)(S:DEL1235)	13	35	0.37142857142857144	25248	25323
C23525T(S:H655Y)	10	180	0.05555555555555555	23471	23554
