Covariants	Count	Max_count	Freq	Coverage_start	Coverage_end
T23599G(S:N679K) C23604A(S:P681H)	208	491	0.42362525458248473	23582	23659
A24424T(S:Q954H) T24469A(S:N969K)	91	156	0.5833333333333334	24410	24488
(23334,1)(S:DEL592)	48	175	0.2742857142857143	23322	23338
(23486,1)(S:DEL643) C23525T(S:H655Y) T23599G(S:N679K) C23604A(S:P681H)	37	135	0.2740740740740741	23477	23642
C23525T(S:H655Y) T23599G(S:N679K) C23604A(S:P681H)	30	160	0.1875	23505	23607
A23403G(S:D614G)	28	176	0.1590909090909091	23270	23444
A24424T(S:Q954H)	21	157	0.1337579617834395	24406	24488
C25416T(ORF3a:F8F)	19	36	0.5277777777777778	25381	25458
T23599G(S:N679K) C23604A(S:P681H) C23664T(S:A701V)	14	309	0.045307443365695796	23579	23666
G22813T(S:K417N) T22882G(S:N440K)	13	37	0.35135135135135137	22791	22885
C23525T(S:H655Y)	12	200	0.06	23471	23553
(25262,1)(S:DEL1235)	12	32	0.375	25119	25295
(23334,1)(S:DEL592) A23403G(S:D614G)	11	116	0.09482758620689655	23322	23409
T23487G C23525T(S:H655Y) T23599G(S:N679K) C23604A(S:P681H)	11	137	0.08029197080291971	23486	23645
