Covariants	Count	Max_count	Freq	Coverage_start	Coverage_end
A24424T(S:Q954H) T24469A(S:N969K)	182	287	0.6341463414634146	24406	24487
T23599G(S:N679K) C23604A(S:P681H)	88	469	0.18763326226012794	23579	23659
C23525T(S:H655Y) T23599G(S:N679K) C23604A(S:P681H)	69	234	0.2948717948717949	23487	23607
C25416T(ORF3a:F8F)	66	107	0.616822429906542	25381	25451
A23403G(S:D614G)	36	260	0.13846153846153847	23322	23403
(23334,1)(S:DEL592)	36	203	0.17733990147783252	23268	23336
A24424T(S:Q954H)	33	289	0.11418685121107267	24406	24487
G22317T(S:G252V)	33	51	0.6470588235294118	22249	22324
(23486,1)(S:DEL643) C23525T(S:H655Y) T23599G(S:N679K) C23604A(S:P681H)	32	202	0.15841584158415842	23480	23640
T23599G(S:N679K) C23604A(S:P681H) C23664T(S:A701V)	23	196	0.11734693877551021	23580	23669
T23487G C23525T(S:H655Y) T23599G(S:N679K) C23604A(S:P681H)	21	204	0.10294117647058823	23486	23645
G22813T(S:K417N) T22882G(S:N440K) G22895C(S:V445P) T22896C(S:V445P) G22898A(S:G446S)	18	81	0.2222222222222222	22791	22898
C23525T(S:H655Y)	17	319	0.05329153605015674	23485	23553
C23854A(S:N764K)	17	110	0.15454545454545454	23765	23860
C25000T(S:D1146D)	17	70	0.24285714285714285	24984	25075
G22813T(S:K417N) T22882G(S:N440K)	15	111	0.13513513513513514	22791	22888
T24469A(S:N969K)	12	327	0.03669724770642202	24464	24551
G22813T(S:K417N) T22882G(S:N440K) G22895C(S:V445P) T22896C(S:V445P) G22898A(S:G446S) T22928C(S:F456L) T22942G(S:N460K)	11	54	0.2037037037037037	22803	22955
