Covariants	Count	Max_count	Freq	Coverage_start	Coverage_end
T23599G(S:N679K) C23604A(S:P681H)	88	178	0.4943820224719101	23580	23665
A24424T(S:Q954H) T24469A(S:N969K)	14	23	0.6086956521739131	24406	24487
