Covariants	Count	Max_count	Freq	Coverage_start	Coverage_end
C25416T(ORF3a:F8F)	28	33	0.8484848484848485	25378	25434
G22317T(S:G252V)	22	27	0.8148148148148148	22207	22347
T21810C(S:V83A)	12	16	0.75	21765	21868
