Covariants	Count	Max_count	Freq	Coverage_start	Coverage_end
T23599G(S:N679K) C23604A(S:P681H)	274	687	0.3988355167394469	23594	23666
A24424T(S:Q954H) T24469A(S:N969K)	117	197	0.5939086294416244	24413	24487
T24469A(S:N969K)	72	390	0.18461538461538463	24464	24538
C23525T(S:H655Y) T23599G(S:N679K) C23604A(S:P681H)	68	208	0.3269230769230769	23505	23607
C25416T(ORF3a:F8F)	40	93	0.43010752688172044	25381	25470
(23486,1)(S:DEL643) C23525T(S:H655Y) T23599G(S:N679K) C23604A(S:P681H)	31	173	0.1791907514450867	23471	23607
A24424T(S:Q954H)	27	202	0.13366336633663367	24406	24487
A23403G(S:D614G)	27	219	0.1232876712328767	23322	23429
(25262,1)(S:DEL1235)	26	125	0.208	25248	25264
C25000T(S:D1146D)	24	72	0.3333333333333333	24984	25069
C23854A(S:N764K)	22	256	0.0859375	23811	23854
C23525T(S:H655Y)	21	350	0.06	23471	23551
T23487G C23525T(S:H655Y) T23599G(S:N679K) C23604A(S:P681H)	21	174	0.1206896551724138	23486	23642
T23599G(S:N679K) C23604A(S:P681H) C23625T(S:A688V)	20	674	0.02967359050445104	23579	23666
G22813T(S:K417N) T22882G(S:N440K) G22895C(S:V445P) T22896C(S:V445P) G22898A(S:G446S) T22942G(S:N460K)	19	35	0.5428571428571428	22791	22968
A23403G(S:D614G) C23525T(S:H655Y)	13	80	0.1625	23349	23532
G22813T(S:K417N) T22882G(S:N440K) G22895C(S:V445P) T22896C(S:V445P) G22898A(S:G446S)	13	52	0.25	22800	22898
(23334,1)(S:DEL592) A23403G(S:D614G)	11	144	0.0763888888888889	23322	23415
(24981,1)(S:DEL1141) C25000T(S:D1146D)	10	38	0.2631578947368421	24849	25000
