Covariants	Count	Max_count	Freq	Coverage_start	Coverage_end
C25416T(ORF3a:F8F)	217	230	0.9434782608695652	25377	25434
G22317T(S:G252V)	213	283	0.7526501766784452	22227	22339
T21810C(S:V83A)	45	96	0.46875	21778	21900
T23385A	38	113	0.336283185840708	23250	23385
A24424T(S:Q954H) T24469A(S:N969K)	36	49	0.7346938775510204	24388	24469
C23525T(S:H655Y) G23562A	36	50	0.72	23411	23562
G21718T(S:Q52H) T21810C(S:V83A)	36	64	0.5625	21674	21900
C23525T(S:H655Y)	34	106	0.32075471698113206	23413	23554
C23854A(S:N764K)	23	28	0.8214285714285714	23690	23910
T22200A(S:V213E) G22317T(S:G252V)	22	25	0.88	22129	22347
T22882G(S:N440K) G22895C(S:V445P) T22896C(S:V445P) G22898A(S:G446S) T22930A(S:F456L) T22942G(S:N460K) G22992A(S:S477N) C22995A(S:T478K) A23013C(S:E484A) T23018C(S:F486P) T23019C(S:F486P) T23031C(S:F490S) A23055G(S:Q498R) A23063T(S:N501Y) T23075C(S:Y505H)	22	42	0.5238095238095238	22850	23097
A23403G(S:D614G)	21	68	0.3088235294117647	23326	23451
A23403G(S:D614G) G23417A(S:E619K)	21	68	0.3088235294117647	23325	23468
G21987A(S:G142D) (21990,3)(S:DEL144) C22000A(S:H146Q)	18	33	0.5454545454545454	21949	22098
C22664A(S:L368I) C22674T(S:S371F) T22679C(S:S373P) C22686T(S:S375F) A22688G(S:T376A) G22775A(S:D405N)	17	24	0.7083333333333334	22657	22781
G22317T(S:G252V) T22342C(S:A260A)	16	281	0.05693950177935943	22207	22347
C25000T(S:D1146D)	14	22	0.6363636363636364	24926	25076
A22871G(S:N437D) T22882G(S:N440K) G22895C(S:V445P) T22896C(S:V445P) G22898A(S:G446S) T22930A(S:F456L) T22942G(S:N460K) G22992A(S:S477N) C22995A(S:T478K) A23013C(S:E484A) T23018C(S:F486P) T23019C(S:F486P) T23031C(S:F490S) A23055G(S:Q498R) A23063T(S:N501Y) T23075C(S:Y505H)	13	42	0.30952380952380953	22850	23097
C22664A(S:L368I) C22674T(S:S371F) T22679C(S:S373P) C22686T(S:S375F) A22688G(S:T376A)	13	39	0.3333333333333333	22589	22736
T22200A(S:V213E)	12	42	0.2857142857142857	22128	22243
C23601T T23752A(S:S730S)	11	34	0.3235294117647059	23600	23752
A23403G(S:D614G) C23525T(S:H655Y)	10	23	0.43478260869565216	23325	23561
(24605,1)(S:DEL1016)	10	141	0.07092198581560284	24572	24720
(25135,1)(S:DEL1192)	10	30	0.3333333333333333	25118	25268
