Covariants	Count	Max_count	Freq	Coverage_start	Coverage_end
T23599G(S:N679K) C23604A(S:P681H)	183	366	0.5	23579	23664
A24424T(S:Q954H) T24469A(S:N969K)	40	72	0.5555555555555556	24406	24488
C23525T(S:H655Y) T23599G(S:N679K) C23604A(S:P681H)	35	82	0.4268292682926829	23505	23604
(25262,1)(S:DEL1235)	28	49	0.5714285714285714	25248	25272
T24469A(S:N969K)	27	131	0.20610687022900764	24464	24535
A24424T(S:Q954H)	16	73	0.2191780821917808	24406	24488
(23486,1)(S:DEL643) C23525T(S:H655Y) T23599G(S:N679K) C23604A(S:P681H)	10	63	0.15873015873015872	23471	23607
T23599G(S:N679K) C23604A(S:P681H) G23611A(S:R683R)	10	356	0.028089887640449437	23579	23666
