Covariants	Count	Max_count	Freq	Coverage_start	Coverage_end
C23854A(S:N764K)	1087	1707	0.6367896895137668	23829	23854
C21618T(S:T19I) (21632,9)(S:DEL25/27)	775	807	0.9603469640644362	21591	21652
T23599G(S:N679K) C23604A(S:P681H)	729	1355	0.5380073800738008	23598	23659
T23599G(S:N679K) C23604A(S:P681H) C23854A(S:N764K)	559	591	0.9458544839255499	23598	23854
C21618T(S:T19I)	180	1002	0.17964071856287425	21541	21618
G21987A(S:G142D) (21990,3)(S:DEL144) C22000A(S:H146Q)	93	259	0.3590733590733591	21980	22006
A22101T(S:E180V) C22109G(S:Q183E)	54	263	0.20532319391634982	22080	22109
G21987A(S:G142D) (21990,3)(S:DEL144) C22000A(S:H146Q) T22200A(S:V213E)	44	89	0.4943820224719101	21978	22210
A22101T(S:E180V) C22109G(S:Q183E) T22200A(S:V213E)	39	141	0.2765957446808511	22080	22201
G21987A(S:G142D) (21990,3)(S:DEL144) C22000A(S:H146Q) A22101T(S:E180V) C22109G(S:Q183E)	36	157	0.22929936305732485	21974	22109
T22200A(S:V213E)	32	166	0.1927710843373494	22163	22200
G21987A(S:G142D) A22101T(S:E180V) C22109G(S:Q183E)	23	157	0.1464968152866242	21901	22109
G21987A(S:G142D) T22200A(S:V213E)	21	89	0.23595505617977527	21901	22211
C23525T(S:H655Y) T23542C(S:Y660Y)	20	46	0.43478260869565216	23477	23552
C23604A(S:P681H)	19	1362	0.013950073421439061	23602	23659
(21632,9)(S:DEL25/27)	19	807	0.023543990086741014	21584	21654
T24469A(S:N969K)	16	16	1.0	24460	24534
A23403G(S:D614G)	12	48	0.25	23385	23410
A23403G(S:D614G) C23525T(S:H655Y) T23542C(S:Y660Y)	11	33	0.3333333333333333	23396	23543
