Covariants	Count	Max_count	Freq	Coverage_start	Coverage_end
A23403G(S:D614G)	33	42	0.7857142857142857	23366	23403
T21810C(S:V83A)	25	29	0.8620689655172413	21804	21854
C23854A(S:N764K)	20	24	0.8333333333333334	23805	23854
C21618T(S:T19I) (21632,9)(S:DEL25/27)	16	22	0.7272727272727273	21611	21654
