Covariants	Count	Max_count	Freq	Coverage_start	Coverage_end
A24424T(S:Q954H) T24469A(S:N969K)	18	22	0.8181818181818182	24406	24491
C23525T(S:H655Y) T23599G(S:N679K) C23604A(S:P681H)	10	16	0.625	23485	23608
T23599G(S:N679K) C23604A(S:P681H)	10	39	0.2564102564102564	23579	23666
