Covariants	Count	Max_count	Freq	Coverage_start	Coverage_end
T23599G(S:N679K) C23604A(S:P681H)	123	277	0.44404332129963897	23593	23662
A24424T(S:Q954H) T24469A(S:N969K)	46	86	0.5348837209302325	24416	24488
C23525T(S:H655Y) T23599G(S:N679K) C23604A(S:P681H)	27	61	0.4426229508196721	23499	23607
T23599G(S:N679K) C23604A(S:P681H) C23664T(S:A701V)	23	200	0.115	23579	23664
A24424T(S:Q954H)	21	87	0.2413793103448276	24406	24487
(25262,1)(S:DEL1235)	16	36	0.4444444444444444	25248	25295
C25416T(ORF3a:F8F)	12	21	0.5714285714285714	25381	25441
T24469A(S:N969K)	10	111	0.09009009009009009	24464	24564
