Covariants	Count	Max_count	Freq	Coverage_start	Coverage_end
T23599G(S:N679K) C23604A(S:P681H)	114	224	0.5089285714285714	23579	23662
C23525T(S:H655Y) T23599G(S:N679K) C23604A(S:P681H)	19	51	0.37254901960784315	23508	23607
