Covariants	Count	Max_count	Freq	Coverage_start	Coverage_end
T23599G(S:N679K) C23604A(S:P681H)	335	698	0.4799426934097421	23580	23660
A24424T(S:Q954H) T24469A(S:N969K)	68	113	0.6017699115044248	24413	24488
T23599G(S:N679K) C23604A(S:P681H) C23635T(S:S691S)	45	688	0.06540697674418605	23579	23666
C25416T(ORF3a:F8F)	44	113	0.3893805309734513	25381	25452
C23525T(S:H655Y) T23599G(S:N679K) C23604A(S:P681H)	40	124	0.3225806451612903	23501	23607
T24469A(S:N969K)	33	210	0.15714285714285714	24464	24537
C23854A(S:N764K)	29	185	0.15675675675675677	23765	23859
C25000T(S:D1146D)	26	60	0.43333333333333335	24992	25070
T23075C(S:Y505H)	25	38	0.6578947368421053	23074	23154
(25262,1)(S:DEL1235)	21	92	0.22826086956521738	25248	25326
A23403G(S:D614G) C23525T(S:H655Y)	20	117	0.17094017094017094	23351	23525
A23403G(S:D614G)	19	219	0.0867579908675799	23345	23424
T23335C A23403G(S:D614G)	14	120	0.11666666666666667	23334	23417
A24424T(S:Q954H)	14	118	0.11864406779661017	24406	24488
C21618T(S:T19I) (21632,9)(S:DEL25/27)	13	17	0.7647058823529411	21596	21681
T23487G C23525T(S:H655Y) T23599G(S:N679K) C23604A(S:P681H)	11	110	0.1	23486	23607
