Covariants	Count	Max_count	Freq	Coverage_start	Coverage_end
A24424T(S:Q954H) T24469A(S:N969K)	129	204	0.6323529411764706	24416	24478
T23599G(S:N679K) C23604A(S:P681H)	121	522	0.23180076628352492	23579	23662
C23525T(S:H655Y) T23599G(S:N679K) C23604A(S:P681H)	69	240	0.2875	23505	23606
T23487G C23525T(S:H655Y) T23599G(S:N679K) C23604A(S:P681H)	40	189	0.21164021164021163	23486	23607
A23403G(S:D614G)	32	192	0.16666666666666666	23345	23406
A24424T(S:Q954H)	27	208	0.12980769230769232	24406	24488
(23486,1)(S:DEL643) C23525T(S:H655Y) T23599G(S:N679K) C23604A(S:P681H)	23	188	0.12234042553191489	23471	23645
C23525T(S:H655Y)	20	306	0.06535947712418301	23485	23551
C25416T(ORF3a:F8F)	18	34	0.5294117647058824	25381	25453
(23334,1)(S:DEL592)	15	146	0.10273972602739725	23322	23337
T24469A(S:N969K)	13	241	0.05394190871369295	24464	24537
G22317T(S:G252V)	10	17	0.5882352941176471	22249	22321
(25262,1)(S:DEL1235)	10	30	0.3333333333333333	25248	25263
