Covariants	Count	Max_count	Freq	Coverage_start	Coverage_end
T23599G(S:N679K) C23604A(S:P681H)	148	651	0.22734254992319508	23579	23660
A24424T(S:Q954H) T24469A(S:N969K)	103	157	0.6560509554140127	24415	24491
C23525T(S:H655Y) T23599G(S:N679K) C23604A(S:P681H)	94	162	0.5802469135802469	23485	23607
T23599G(S:N679K) C23604A(S:P681H) C23664T(S:A701V)	87	483	0.18012422360248448	23580	23666
T23599G(S:N679K) C23604A(S:P681H) C23673T(S:S704L)	74	433	0.17090069284064666	23580	23678
T24469A(S:N969K)	50	274	0.18248175182481752	24464	24532
C25416T(ORF3a:F8F)	47	93	0.5053763440860215	25381	25452
(25262,1)(S:DEL1235)	36	57	0.631578947368421	25248	25265
T22200A(S:V213E)	32	39	0.8205128205128205	22117	22208
C23525T(S:H655Y)	21	239	0.08786610878661087	23471	23551
T23075C(S:Y505H)	20	31	0.6451612903225806	23074	23156
A23403G(S:D614G)	19	91	0.2087912087912088	23339	23420
A24424T(S:Q954H)	18	159	0.11320754716981132	24406	24486
T23599G(S:N679K) C23604A(S:P681H) (23641,1)(S:DEL694) C23664T(S:A701V)	17	483	0.035196687370600416	23579	23664
C23854A(S:N764K)	12	48	0.25	23765	23859
C25000T(S:D1146D)	12	29	0.41379310344827586	24984	25066
(24981,1)(S:DEL1141) C25000T(S:D1146D)	11	12	0.9166666666666666	24849	25000
