Covariants	Count	Max_count	Freq	Coverage_start	Coverage_end
T23599G(S:N679K) C23604A(S:P681H)	80	267	0.299625468164794	23579	23664
A24424T(S:Q954H) T24469A(S:N969K)	53	95	0.5578947368421052	24412	24488
C23525T(S:H655Y) T23599G(S:N679K) C23604A(S:P681H)	47	131	0.35877862595419846	23505	23607
(23486,1)(S:DEL643) C23525T(S:H655Y) T23599G(S:N679K) C23604A(S:P681H)	22	114	0.19298245614035087	23471	23607
A24424T(S:Q954H)	19	97	0.1958762886597938	24406	24488
C23525T(S:H655Y)	18	168	0.10714285714285714	23471	23551
C25416T(ORF3a:F8F)	18	40	0.45	25371	25451
G22317T(S:G252V)	13	19	0.6842105263157895	22242	22326
(25262,1)(S:DEL1235)	13	34	0.38235294117647056	25130	25263
T23487G C23525T(S:H655Y) T23599G(S:N679K) C23604A(S:P681H)	11	114	0.09649122807017543	23486	23608
