Covariants	Count	Max_count	Freq	Coverage_start	Coverage_end
T23599G(S:N679K) C23604A(S:P681H)	210	510	0.4117647058823529	23593	23666
A24424T(S:Q954H) T24469A(S:N969K)	78	132	0.5909090909090909	24415	24488
C23525T(S:H655Y) T23599G(S:N679K) C23604A(S:P681H)	64	159	0.4025157232704403	23485	23607
C25416T(ORF3a:F8F)	62	119	0.5210084033613446	25381	25469
C23525T(S:H655Y)	27	245	0.11020408163265306	23471	23551
(25262,1)(S:DEL1235)	25	92	0.2717391304347826	25248	25263
A23403G(S:D614G)	22	151	0.1456953642384106	23344	23425
(23486,1)(S:DEL643) C23525T(S:H655Y) T23599G(S:N679K) C23604A(S:P681H)	20	136	0.14705882352941177	23471	23645
A24424T(S:Q954H)	18	138	0.13043478260869565	24406	24488
C25000T(S:D1146D)	18	55	0.32727272727272727	24984	25028
C21618T(S:T19I) (21632,9)(S:DEL25/27)	16	22	0.7272727272727273	21596	21676
T24469A(S:N969K)	16	167	0.09580838323353294	24464	24541
C23854A(S:N764K)	13	121	0.10743801652892562	23765	23867
G22813T(S:K417N) T22882G(S:N440K) G22895C(S:V445P) T22896C(S:V445P) G22898A(S:G446S)	12	34	0.35294117647058826	22791	22898
C22295A(S:H245N) G22332A(S:G257D)	11	27	0.4074074074074074	22272	22340
(24981,1)(S:DEL1141) C25000T(S:D1146D)	11	37	0.2972972972972973	24858	25009
