Covariants	Count	Max_count	Freq	Coverage_start	Coverage_end
A24424T(S:Q954H) T24469A(S:N969K)	42	62	0.6774193548387096	24406	24498
T23599G(S:N679K) C23604A(S:P681H)	26	86	0.3023255813953488	23579	23662
C23525T(S:H655Y) T23599G(S:N679K) C23604A(S:P681H)	20	37	0.5405405405405406	23485	23607
C25416T(ORF3a:F8F)	11	19	0.5789473684210527	25371	25442
