Covariants	Count	Max_count	Freq	Coverage_start	Coverage_end
C22033A(S:F157L)	20	69	0.2898550724637681	22031	22067
C22109G(S:Q183E)	10	24	0.4166666666666667	22075	22113
