Covariants	Count	Max_count	Freq	Coverage_start	Coverage_end
T23599G(S:N679K) C23604A(S:P681H)	24	98	0.24489795918367346	23579	23666
A24424T(S:Q954H) T24469A(S:N969K)	21	34	0.6176470588235294	24406	24488
T23599G(S:N679K) C23604A(S:P681H) C23673T(S:S704L)	10	47	0.2127659574468085	23579	23693
