Covariants	Count	Max_count	Freq	Coverage_start	Coverage_end
T21810C(S:V83A)	164	268	0.6119402985074627	21809	21811
C23854A(S:N764K)	158	201	0.7860696517412935	23812	23854
T23599G(S:N679K) C23604A(S:P681H)	100	141	0.7092198581560284	23598	23685
C21618T(S:T19I) (21632,9)(S:DEL25/27)	82	144	0.5694444444444444	21613	21692
T22200A(S:V213E)	65	120	0.5416666666666666	22198	22273
C25000T(S:D1146D)	51	61	0.8360655737704918	24995	25000
A23403G(S:D614G)	44	71	0.6197183098591549	23384	23403
C21618T(S:T19I) (21632,9)(S:DEL25/27) T21810C(S:V83A)	43	62	0.6935483870967742	21613	21812
T23599G(S:N679K) C23604A(S:P681H) C23854A(S:N764K)	27	32	0.84375	23598	23854
T22200A(S:V213E) G22317T(S:G252V)	25	51	0.49019607843137253	22198	22319
G22317T(S:G252V)	22	98	0.22448979591836735	22229	22317
T22200A(S:V213E) G22317T(S:G252V) A22330T(S:S256S) A22339C(S:T259T)	17	19	0.8947368421052632	22193	22339
G22317T(S:G252V) A22330T(S:S256S) A22339C(S:T259T)	14	34	0.4117647058823529	22238	22339
G22317T(S:G252V) A22330T(S:S256S)	11	52	0.21153846153846154	22238	22331
