Covariants	Count	Max_count	Freq	Coverage_start	Coverage_end
A24424T(S:Q954H) T24469A(S:N969K)	59	81	0.7283950617283951	24406	24488
T23599G(S:N679K) C23604A(S:P681H)	58	129	0.4496124031007752	23579	23663
T23599G(S:N679K) C23604A(S:P681H) (23675,1)(S:DEL706)	17	46	0.3695652173913043	23579	23684
C25416T(ORF3a:F8F)	14	30	0.4666666666666667	25381	25443
(24253,1)(S:DEL898)	11	21	0.5238095238095238	24239	24262
