Covariants	Count	Max_count	Freq	Coverage_start	Coverage_end
A24424T(S:Q954H) T24469A(S:N969K)	18	25	0.72	24406	24488
G23401T(S:Q613H) A23403G(S:D614G)	10	53	0.18867924528301888	23268	23421
C23525T(S:H655Y) T23599G(S:N679K) C23604A(S:P681H)	10	28	0.35714285714285715	23501	23607
