Covariants	Count	Max_count	Freq	Coverage_start	Coverage_end
C25416T(ORF3a:F8F)	247	263	0.9391634980988594	25377	25434
G22317T(S:G252V)	123	192	0.640625	22298	22347
T21810C(S:V83A)	75	100	0.75	21765	21825
C25000T(S:D1146D)	73	85	0.8588235294117647	24927	25076
C22664A(S:L368I) C22674T(S:S371F) T22679C(S:S373P) C22686T(S:S375F) A22688G(S:T376A) G22775A(S:D405N)	59	70	0.8428571428571429	22589	22781
A24424T(S:Q954H) T24469A(S:N969K)	36	52	0.6923076923076923	24388	24621
T22882G(S:N440K) G22895C(S:V445P) T22896C(S:V445P) G22898A(S:G446S) T22928C(S:F456L) T22942G(S:N460K) G22992A(S:S477N) C22995A(S:T478K) A23013C(S:E484A) T23018C(S:F486P) T23019C(S:F486P) T23031C(S:F490S) A23055G(S:Q498R) A23063T(S:N501Y) T23075C(S:Y505H)	35	70	0.5	22850	23097
T22200A(S:V213E) G22317T(S:G252V)	34	48	0.7083333333333334	22129	22347
C23525T(S:H655Y) G23562A	33	62	0.532258064516129	23411	23562
A23403G(S:D614G) C23525T(S:H655Y)	30	51	0.5882352941176471	23325	23561
T23289C(S:V576A) A23403G(S:D614G)	29	47	0.6170212765957447	23250	23468
A23403G(S:D614G)	28	109	0.25688073394495414	23382	23468
C23664T(S:A701V)	25	87	0.28735632183908044	23601	23836
G21987A(S:G142D) (21990,3)(S:DEL144) C22000A(S:H146Q)	23	32	0.71875	21949	22098
C24734A(S:H1058N)	21	68	0.3088235294117647	24652	24802
T24850C(S:V1096V)	16	102	0.1568627450980392	24738	24878
C23525T(S:H655Y)	13	113	0.11504424778761062	23466	23561
(21711,1)(S:DEL51) A21713T(S:T51S) T21810C(S:V83A)	11	81	0.13580246913580246	21674	21900
C23854A(S:N764K)	11	12	0.9166666666666666	23690	23910
T22882G(S:N440K) G22895C(S:V445P) T22896C(S:V445P) G22898A(S:G446S) T22930A(S:F456L) T22942G(S:N460K) G22992A(S:S477N) C22995G(S:T478R) A23013C(S:E484A) T23018C(S:F486P) T23019C(S:F486P) T23031C(S:F490S) A23055G(S:Q498R) A23063T(S:N501Y) T23075C(S:Y505H)	11	70	0.15714285714285714	22850	23094
A23403G(S:D614G) C23525T(S:H655Y) T23599G(S:N679K) C23604A(S:P681H)	10	15	0.6666666666666666	23325	23664
C23601T T23752A(S:S730S)	10	58	0.1724137931034483	23600	23752
T22882G(S:N440K) G22895C(S:V445P) T22896C(S:V445P) G22898A(S:G446S) T22928C(S:F456L) T22942G(S:N460K) G22992A(S:S477N) C22995A(S:T478K)	10	80	0.125	22850	23000
