Covariants	Count	Max_count	Freq	Coverage_start	Coverage_end
T23599G(S:N679K) C23604A(S:P681H)	286	571	0.500875656742557	23584	23660
A24424T(S:Q954H) T24469A(S:N969K)	56	89	0.6292134831460674	24406	24488
T23599G(S:N679K) C23604A(S:P681H) G23611T(S:R683R)	35	557	0.06283662477558348	23579	23666
C23525T(S:H655Y) T23599G(S:N679K) C23604A(S:P681H)	34	89	0.38202247191011235	23508	23605
(25262,1)(S:DEL1235)	23	40	0.575	25248	25263
C23854A(S:N764K)	18	90	0.2	23765	23867
A24424T(S:Q954H)	18	89	0.20224719101123595	24406	24488
C25000T(S:D1146D)	12	16	0.75	24984	25019
T23487G C23525T(S:H655Y) T23599G(S:N679K) C23604A(S:P681H)	10	74	0.13513513513513514	23486	23607
