Covariants	Count	Max_count	Freq	Coverage_start	Coverage_end
T23599G(S:N679K) C23604A(S:P681H)	58	177	0.327683615819209	23580	23659
A24424T(S:Q954H) T24469A(S:N969K)	21	30	0.7	24410	24487
C23525T(S:H655Y) T23599G(S:N679K) C23604A(S:P681H)	19	53	0.3584905660377358	23486	23607
A23403G(S:D614G)	13	84	0.15476190476190477	23272	23406
T23599G(S:N679K) C23604A(S:P681H) C23664T(S:A701V)	12	113	0.10619469026548672	23579	23674
(23334,1)(S:DEL592) A23403G(S:D614G)	10	60	0.16666666666666666	23322	23406
