Covariants	Count	Max_count	Freq	Coverage_start	Coverage_end
C21618T(S:T19I) (21632,9)(S:DEL25/27)	6052	6915	0.8751988430947216	21591	21652
G21604T(S:Q14H) C21618T(S:T19I) (21632,9)(S:DEL25/27)	699	6915	0.10108459869848156	21591	21652
(21764,6)(S:DEL69/70)	288	290	0.993103448275862	21756	21779
(21632,9)(S:DEL25/27)	71	6915	0.010267534345625452	21591	21653
G21604T(S:Q14H) (21632,9)(S:DEL25/27)	15	6915	0.0021691973969631237	21590	21654
