Covariants	Count	Max_count	Freq	Coverage_start	Coverage_end
T23599G(S:N679K) C23604A(S:P681H)	414	1397	0.2963493199713672	23587	23645
A24424T(S:Q954H) T24469A(S:N969K)	304	555	0.5477477477477477	24417	24481
C23525T(S:H655Y) T23599G(S:N679K) C23604A(S:P681H)	190	580	0.3275862068965517	23508	23604
A24424T(S:Q954H)	130	562	0.2313167259786477	24413	24487
C25416T(ORF3a:F8F)	116	242	0.4793388429752066	25381	25442
A23403G(S:D614G)	89	645	0.13798449612403102	23352	23403
T23487G C23525T(S:H655Y) T23599G(S:N679K) C23604A(S:P681H)	85	481	0.17671517671517672	23486	23607
(23334,1)(S:DEL592)	71	524	0.13549618320610687	23322	23336
(23486,1)(S:DEL643) C23525T(S:H655Y) T23599G(S:N679K) C23604A(S:P681H)	70	476	0.14705882352941177	23477	23607
T23599G(S:N679K) C23604A(S:P681H) C23664T(S:A701V)	57	716	0.07960893854748603	23587	23665
G22317T(S:G252V)	57	105	0.5428571428571428	22256	22319
G22813T(S:K417N) T22882G(S:N440K) G22895C(S:V445P) T22896C(S:V445P) G22898A(S:G446S)	56	232	0.2413793103448276	22801	22898
C23525T(S:H655Y)	38	698	0.054441260744985676	23485	23551
(25262,1)(S:DEL1235)	36	101	0.3564356435643564	25248	25273
(23334,1)(S:DEL592) A23403G(S:D614G)	33	380	0.0868421052631579	23323	23404
G22813T(S:K417N) T22882G(S:N440K)	33	295	0.11186440677966102	22791	22882
T24469A(S:N969K)	31	681	0.04552129221732746	24464	24541
(24253,1)(S:DEL898)	25	218	0.11467889908256881	24226	24260
C23854A(S:N764K)	24	250	0.096	23775	23856
G22813T(S:K417N) T22882G(S:N440K) G22895C(S:V445P) T22896C(S:V445P) G22898A(S:G446S) T22928C(S:F456L) T22942G(S:N460K)	22	148	0.14864864864864866	22808	22966
G22813T(S:K417N) T22882G(S:N440K) G22895C(S:V445P) T22896C(S:V445P)	22	259	0.08494208494208494	22791	22897
A22320G(S:D253G)	20	103	0.1941747572815534	22242	22324
G22813T(S:K417N) T22882G(S:N440K) G22895C(S:V445P) T22896C(S:V445P) G22898A(S:G446S) T22942G(S:N460K)	20	148	0.13513513513513514	22806	22946
(24110,1)(S:DEL851)	20	73	0.273972602739726	24016	24116
C25000T(S:D1146D)	19	64	0.296875	24998	25006
(24320,1)(S:DEL921)	13	202	0.06435643564356436	24217	24321
(24981,1)(S:DEL1141) C25000T(S:D1146D)	12	41	0.2926829268292683	24849	25004
A23013C(S:E484A) T23018C(S:F486P) T23019C(S:F486P) T23031C(S:F490S) A23055G(S:Q498R) A23063T(S:N501Y) T23075C(S:Y505H)	11	17	0.6470588235294118	23005	23085
T23599G(S:N679K) C23604A(S:P681H) (23641,1)(S:DEL694) C23664T(S:A701V)	10	716	0.013966480446927373	23579	23666
T22200A(S:V213E)	10	14	0.7142857142857143	22117	22210
