Covariants	Count	Max_count	Freq	Coverage_start	Coverage_end
T23599G(S:N679K) C23604A(S:P681H)	153	302	0.5066225165562914	23579	23662
C23525T(S:H655Y) T23599G(S:N679K) C23604A(S:P681H)	24	42	0.5714285714285714	23501	23607
A24424T(S:Q954H) T24469A(S:N969K)	24	34	0.7058823529411765	24406	24487
