Covariants	Count	Max_count	Freq	Coverage_start	Coverage_end
C22109G(S:Q183E)	71	86	0.8255813953488372	22072	22113
C22033A(S:F157L)	16	364	0.04395604395604396	22031	22067
T22942G(S:N460K)	14	26	0.5384615384615384	22940	22946
