Covariants	Count	Max_count	Freq	Coverage_start	Coverage_end
A23403G(S:D614G)	95	289	0.328719723183391	23402	23404
C22109G(S:Q183E)	30	68	0.4411764705882353	22108	22113
G21718T(S:Q52H)	26	62	0.41935483870967744	21717	21746
