Covariants	Count	Max_count	Freq	Coverage_start	Coverage_end
C22033A(S:F157L)	127	279	0.4551971326164875	22032	22066
C22109G(S:Q183E)	118	146	0.8082191780821918	22108	22113
C22033A(S:F157L) C22109G(S:Q183E)	21	34	0.6176470588235294	22032	22113
T21810C(S:V83A)	16	17	0.9411764705882353	21761	21810
T22942G(S:N460K)	16	52	0.3076923076923077	22940	22965
G21718T	11	14	0.7857142857142857	21717	21755
