Covariants	Count	Max_count	Freq	Coverage_start	Coverage_end
C21618T(S:T19I) (21632,9)(S:DEL25/27)	748	769	0.9726918075422627	21591	21652
(21764,6)(S:DEL69/70)	651	663	0.9819004524886877	21756	21779
