Covariants	Count	Max_count	Freq	Coverage_start	Coverage_end
T23599G(S:N679K) C23604A(S:P681H)	236	490	0.4816326530612245	23580	23664
C23525T(S:H655Y) T23599G(S:N679K) C23604A(S:P681H)	38	116	0.3275862068965517	23508	23607
A24424T(S:Q954H) T24469A(S:N969K)	33	58	0.5689655172413793	24416	24488
A23403G(S:D614G)	23	213	0.107981220657277	23345	23426
C25416T(ORF3a:F8F)	19	34	0.5588235294117647	25381	25452
T23487G C23525T(S:H655Y) T23599G(S:N679K) C23604A(S:P681H)	15	85	0.17647058823529413	23486	23607
(25262,1)(S:DEL1235)	15	40	0.375	25248	25295
(23334,1)(S:DEL592) A23403G(S:D614G)	12	101	0.1188118811881188	23322	23406
G22317T(S:G252V)	11	20	0.55	22272	22324
(23334,1)(S:DEL592)	11	121	0.09090909090909091	23268	23336
A23403G(S:D614G) C23525T(S:H655Y)	10	59	0.1694915254237288	23333	23532
A24424T(S:Q954H)	10	66	0.15151515151515152	24406	24488
