Covariants	Count	Max_count	Freq	Coverage_start	Coverage_end
C21618T(S:T19I) (21632,9)(S:DEL25/27)	6431	6597	0.9748370471426406	21591	21652
(21632,9)(S:DEL25/27)	55	6597	0.008337122934667273	21590	21652
