Covariants	Count	Max_count	Freq	Coverage_start	Coverage_end
C25416T(ORF3a:F8F)	68	94	0.723404255319149	25377	25434
G22317T(S:G252V)	53	102	0.5196078431372549	22210	22347
C23525T(S:H655Y) G23562A	29	33	0.8787878787878788	23411	23562
T21810C(S:V83A)	23	44	0.5227272727272727	21798	21900
T23385A	14	23	0.6086956521739131	23250	23385
C25000T(S:D1146D)	14	15	0.9333333333333333	24927	25076
T22288C(S:L242L) G22317T(S:G252V)	13	100	0.13	22207	22347
A21717G(S:Q52R) (21764,6)(S:DEL69/70)	11	30	0.36666666666666664	21674	21817
