Covariants	Count	Max_count	Freq	Coverage_start	Coverage_end
T23599G(S:N679K) C23604A(S:P681H)	45	111	0.40540540540540543	23579	23666
A24424T(S:Q954H) T24469A(S:N969K)	30	57	0.5263157894736842	24406	24488
A24424T(S:Q954H)	16	57	0.2807017543859649	24406	24488
