Covariants	Count	Max_count	Freq	Coverage_start	Coverage_end
A23403G(S:D614G) C23525T(S:H655Y) T23599G(S:N679K) C23604A(S:P681H)	308	367	0.8392370572207084	23398	23607
C21618T(S:T19I) (21632,9)(S:DEL25/27)	99	225	0.44	21565	21653
C21618T(S:T19I) (21632,9)(S:DEL25/27) T21810C(S:V83A)	96	118	0.8135593220338984	21607	21900
G22992A(S:S477N) C22995A(S:T478K) A23013C(S:E484A) T23018C(S:F486P) T23019C(S:F486P) C23029T(S:Y489Y) T23031C(S:F490S) A23055G(S:Q498R) A23063T(S:N501Y) T23075C(S:Y505H) A23267G(S:I569V)	70	89	0.7865168539325843	22978	23277
A23403G(S:D614G)	10	379	0.026385224274406333	23250	23470
