Covariants	Count	Max_count	Freq	Coverage_start	Coverage_end
A23403G(S:D614G)	52	165	0.3151515151515151	23402	23403
C22109G(S:Q183E)	15	27	0.5555555555555556	22108	22113
