Covariants	Count	Max_count	Freq	Coverage_start	Coverage_end
G22317T(S:G252V)	30	38	0.7894736842105263	22207	22347
C25416T(ORF3a:F8F)	18	19	0.9473684210526315	25377	25422
