Covariants	Count	Max_count	Freq	Coverage_start	Coverage_end
G22317T(S:G252V)	142	350	0.4057142857142857	22307	22347
T21810C(S:V83A)	86	117	0.7350427350427351	21765	21824
C25416T(ORF3a:F8F)	76	173	0.4393063583815029	25377	25434
C23525T(S:H655Y) G23562A	52	77	0.6753246753246753	23411	23562
C22674T(S:S371F) T22679C(S:S373P) C22686T(S:S375F) A22688G(S:T376A) G22775A(S:D405N)	42	79	0.5316455696202531	22589	22781
A23403G(S:D614G)	39	83	0.46987951807228917	23325	23468
G21987A(S:G142D) (21990,3)(S:DEL144) C22000A(S:H146Q)	34	62	0.5483870967741935	21949	22098
T22882G(S:N440K) G22895C(S:V445P) T22896C(S:V445P) G22898A(S:G446S) T22942G(S:N460K) G22992A(S:S477N) C22995A(S:T478K) A23013C(S:E484A) T23018C(S:F486P) T23019C(S:F486P) T23031C(S:F490S) A23055G(S:Q498R) A23063T(S:N501Y) T23075C(S:Y505H)	31	48	0.6458333333333334	22850	23097
C22664A(S:L368I) C22674T(S:S371F) T22679C(S:S373P) C22686T(S:S375F) A22688G(S:T376A) G22775A(S:D405N)	28	79	0.35443037974683544	22657	22781
A23403G(S:D614G) C23525T(S:H655Y)	27	43	0.627906976744186	23334	23561
A24424T(S:Q954H) T24469A(S:N969K)	26	36	0.7222222222222222	24388	24526
T23385A	22	104	0.21153846153846154	23250	23385
(21764,6)(S:DEL69/70)	21	114	0.18421052631578946	21674	21817
A22320G(S:D253G)	21	350	0.06	22207	22347
G21987A(S:G142D) T22099A(S:L179L)	19	19	1.0	21949	22099
T22200A(S:V213E) G22317T(S:G252V)	18	30	0.6	22129	22347
C25000T(S:D1146D)	15	23	0.6521739130434783	24926	25076
A23403G(S:D614G) C23525T(S:H655Y) T23599G(S:N679K) C23604A(S:P681H)	14	16	0.875	23325	23664
C22269T(S:T236I) G22317T(S:G252V)	13	330	0.03939393939393939	22207	22340
C22290T(S:A243V)	12	330	0.03636363636363636	22207	22347
T22200A(S:V213E)	12	44	0.2727272727272727	22129	22243
C23854A(S:N764K)	11	12	0.9166666666666666	23772	23910
(25371,1)(S:DEL1271)	10	108	0.09259259259259259	25308	25406
