Covariants	Count	Max_count	Freq	Coverage_start	Coverage_end
A24424T(S:Q954H) T24469A(S:N969K)	41	58	0.7068965517241379	24410	24488
C23525T(S:H655Y) T23599G(S:N679K) C23604A(S:P681H)	26	68	0.38235294117647056	23505	23607
C25416T(ORF3a:F8F)	14	21	0.6666666666666666	25380	25451
G22317T(S:G252V)	12	19	0.631578947368421	22242	22323
T23599G(S:N679K) C23604A(S:P681H)	10	96	0.10416666666666667	23579	23669
