Covariants	Count	Max_count	Freq	Coverage_start	Coverage_end
C21618T(S:T19I) (21632,9)(S:DEL25/27)	1900	2552	0.7445141065830722	21591	21652
(21764,6)(S:DEL69/70)	529	531	0.9962335216572504	21756	21779
C21618T(S:T19I) C21627T(S:T22I) (21632,9)(S:DEL25/27)	410	2552	0.16065830721003135	21591	21652
A21617C(S:T19L) C21618T(S:T19L) (21632,9)(S:DEL25/27)	148	2552	0.05799373040752351	21591	21654
(21632,9)(S:DEL25/27)	21	2552	0.008228840125391849	21591	21654
