Covariants	Count	Max_count	Freq	Coverage_start	Coverage_end
G22317T(S:G252V)	107	176	0.6079545454545454	22210	22339
C25416T(ORF3a:F8F)	102	159	0.6415094339622641	25377	25434
C23525T(S:H655Y) G23562A	37	64	0.578125	23411	23562
T21810C(S:V83A)	29	90	0.32222222222222224	21776	21817
(21764,6)(S:DEL69/70)	26	83	0.3132530120481928	21674	21817
A22320G(S:D253G)	26	176	0.14772727272727273	22207	22347
A23403G(S:D614G)	26	48	0.5416666666666666	23325	23468
T23385A	19	69	0.2753623188405797	23250	23385
C25416T(ORF3a:F8F) G25471C(ORF3a:D27H)	16	136	0.11764705882352941	25377	25518
G21987A(S:G142D) (21990,3)(S:DEL144) C22000A(S:H146Q)	15	16	0.9375	21949	22098
C23525T(S:H655Y) T23599G(S:N679K) C23604A(S:P681H)	15	23	0.6521739130434783	23512	23663
A23403G(S:D614G) C23525T(S:H655Y)	14	20	0.7	23325	23561
T22200A(S:V213E) G22317T(S:G252V)	12	17	0.7058823529411765	22129	22347
T21810C(S:V83A) C21855T(S:S98F)	11	66	0.16666666666666666	21765	21900
C23601T T23752A(S:S730S)	11	22	0.5	23600	23752
T22882G(S:N440K) G22895C(S:V445P) T22896C(S:V445P) G22898A(S:G446S) T22942G(S:N460K) G22992A(S:S477N) C22995A(S:T478K) A23013C(S:E484A) T23018C(S:F486P) T23019C(S:F486P) T23031C(S:F490S) A23055G(S:Q498R) A23063T(S:N501Y) T23075C(S:Y505H)	10	12	0.8333333333333334	22850	23097
