Covariants	Count	Max_count	Freq	Coverage_start	Coverage_end
T23599G(S:N679K) C23604A(S:P681H)	20	61	0.32786885245901637	23579	23668
C23525T(S:H655Y) T23599G(S:N679K) C23604A(S:P681H)	14	26	0.5384615384615384	23485	23607
A24424T(S:Q954H) T24469A(S:N969K)	11	20	0.55	24410	24488
