Covariants	Count	Max_count	Freq	Coverage_start	Coverage_end
C21618T(S:T19I) (21632,9)(S:DEL25/27)	4032	4150	0.971566265060241	21591	21652
(21764,6)(S:DEL69/70)	1403	1421	0.9873328641801549	21756	21779
(21632,9)(S:DEL25/27)	39	4150	0.009397590361445784	21591	21654
