Covariants	Count	Max_count	Freq	Coverage_start	Coverage_end
T23599G(S:N679K) C23604A(S:P681H)	56	143	0.3916083916083916	23593	23666
(23486,1)(S:DEL643) C23525T(S:H655Y) T23599G(S:N679K) C23604A(S:P681H)	13	47	0.2765957446808511	23471	23645
A24424T(S:Q954H) T24469A(S:N969K)	13	22	0.5909090909090909	24406	24488
C23525T(S:H655Y) T23599G(S:N679K) C23604A(S:P681H)	12	52	0.23076923076923078	23485	23607
T23487G C23525T(S:H655Y) T23599G(S:N679K) C23604A(S:P681H)	10	47	0.2127659574468085	23486	23607
