Covariants	Count	Max_count	Freq	Coverage_start	Coverage_end
T23599G(S:N679K) C23604A(S:P681H)	287	767	0.3741851368970013	23579	23659
A24424T(S:Q954H) T24469A(S:N969K)	134	225	0.5955555555555555	24406	24488
C25416T(ORF3a:F8F)	79	156	0.5064102564102564	25384	25442
T23487G C23525T(S:H655Y) T23599G(S:N679K) C23604A(S:P681H)	64	233	0.27467811158798283	23486	23607
C23525T(S:H655Y) T23599G(S:N679K) C23604A(S:P681H)	63	288	0.21875	23508	23607
A24424T(S:Q954H)	45	235	0.19148936170212766	24406	24487
A23403G(S:D614G)	43	406	0.10591133004926108	23345	23406
G22813T(S:K417N) T22882G(S:N440K) G22895C(S:V445P) T22896C(S:V445P) G22898A(S:G446S) T22942G(S:N460K)	34	75	0.4533333333333333	22791	22944
(23486,1)(S:DEL643) C23525T(S:H655Y) T23599G(S:N679K) C23604A(S:P681H)	32	233	0.13733905579399142	23471	23607
G22317T(S:G252V)	30	59	0.5084745762711864	22306	22329
(23334,1)(S:DEL592) A23403G(S:D614G)	28	205	0.13658536585365855	23322	23409
C23854A(S:N764K)	27	322	0.08385093167701864	23765	23861
(25262,1)(S:DEL1235)	23	195	0.11794871794871795	25119	25295
G22813T(S:K417N) T22882G(S:N440K) G22895C(S:V445P) T22896C(S:V445P) G22898A(S:G446S)	22	102	0.21568627450980393	22791	22898
C25000T(S:D1146D)	21	79	0.26582278481012656	24984	25007
C23525T(S:H655Y)	16	498	0.0321285140562249	23485	23551
(23334,1)(S:DEL592)	14	221	0.06334841628959276	23322	23352
(24981,1)(S:DEL1141) C25000T(S:D1146D)	12	57	0.21052631578947367	24858	25009
C21618T(S:T19I) (21632,9)(S:DEL25/27)	11	23	0.4782608695652174	21596	21671
A23403G(S:D614G) C23525T(S:H655Y)	10	144	0.06944444444444445	23333	23532
