Covariants	Count	Max_count	Freq	Coverage_start	Coverage_end
C25416T(ORF3a:F8F)	96	124	0.7741935483870968	25377	25434
G22317T(S:G252V)	71	83	0.8554216867469879	22207	22345
C23525T(S:H655Y) G23562A	28	54	0.5185185185185185	23411	23562
C25000T(S:D1146D)	27	30	0.9	24926	25062
A23403G(S:D614G)	24	32	0.75	23325	23468
G21718T(S:Q52H) T21810C(S:V83A)	22	41	0.5365853658536586	21674	21900
T21810C(S:V83A)	22	58	0.3793103448275862	21765	21900
C22664A(S:L368I) C22674T(S:S371F) T22679C(S:S373P) C22686T(S:S375F) A22688G(S:T376A) G22775A(S:D405N)	18	21	0.8571428571428571	22589	22781
T22882G(S:N440K) G22895C(S:V445P) T22896C(S:V445P) G22898A(S:G446S) T22930A(S:F456L) T22942G(S:N460K) G22992A(S:S477N) C22995A(S:T478K) A23013C(S:E484A) T23018C(S:F486P) T23019C(S:F486P) T23031C(S:F490S) A23055G(S:Q498R) A23063T(S:N501Y) T23075C(S:Y505H)	12	24	0.5	22850	23097
A24388T A24424T(S:Q954H) T24469A(S:N969K) A24539G	11	17	0.6470588235294118	24387	24539
C25416T(ORF3a:F8F) G25494T(ORF3a:T34T)	11	108	0.10185185185185185	25306	25518
