Covariants	Count	Max_count	Freq	Coverage_start	Coverage_end
A24424T(S:Q954H) T24469A(S:N969K)	22	48	0.4583333333333333	24406	24488
A24424T(S:Q954H)	11	48	0.22916666666666666	24406	24488
