Covariants	Count	Max_count	Freq	Coverage_start	Coverage_end
T23599G(S:N679K) C23604A(S:P681H)	46	70	0.6571428571428571	23584	23665
A24424T(S:Q954H) T24469A(S:N969K)	10	15	0.6666666666666666	24406	24502
