Covariants	Count	Max_count	Freq	Coverage_start	Coverage_end
T23599G(S:N679K) C23604A(S:P681H)	199	452	0.44026548672566373	23593	23666
A24424T(S:Q954H) T24469A(S:N969K)	89	140	0.6357142857142857	24410	24486
T24469A(S:N969K)	57	261	0.21839080459770116	24464	24536
C23525T(S:H655Y) T23599G(S:N679K) C23604A(S:P681H)	50	143	0.34965034965034963	23504	23607
C25416T(ORF3a:F8F) G25459T(ORF3a:A23S)	31	70	0.44285714285714284	25381	25462
T23487G C23525T(S:H655Y) T23599G(S:N679K) C23604A(S:P681H)	25	124	0.20161290322580644	23486	23607
C23854A(S:N764K)	24	112	0.21428571428571427	23792	23856
A23403G(S:D614G)	23	179	0.12849162011173185	23268	23444
C25000T(S:D1146D)	22	46	0.4782608695652174	24989	25004
(23486,1)(S:DEL643) C23525T(S:H655Y) T23599G(S:N679K) C23604A(S:P681H)	21	124	0.1693548387096774	23471	23645
A24424T(S:Q954H)	20	143	0.13986013986013987	24406	24488
T22200A(S:V213E)	13	20	0.65	22117	22214
G22317T(S:G252V)	13	18	0.7222222222222222	22293	22326
A23403G(S:D614G) C23525T(S:H655Y)	13	54	0.24074074074074073	23387	23532
T23075C(S:Y505H)	13	30	0.43333333333333335	23074	23156
C25416T(ORF3a:F8F)	13	77	0.16883116883116883	25371	25451
(23334,1)(S:DEL592)	12	132	0.09090909090909091	23322	23336
(23334,1)(S:DEL592) A23403G(S:D614G)	12	114	0.10526315789473684	23322	23408
(25262,1)(S:DEL1235)	11	60	0.18333333333333332	25248	25272
