Covariants	Count	Max_count	Freq	Coverage_start	Coverage_end
C25416T(ORF3a:F8F)	91	95	0.9578947368421052	25377	25434
A23403G(S:D614G)	76	92	0.8260869565217391	23325	23439
T21810C(S:V83A)	75	83	0.9036144578313253	21808	21823
G22317T(S:G252V)	53	113	0.4690265486725664	22207	22344
G22317T(S:G252V) C22414T(S:T284T) C22448T	26	68	0.38235294117647056	22207	22448
A24424T(S:Q954H) T24469A(S:N969K)	19	25	0.76	24388	24537
C22664A(S:L368I) (22669,1)(S:DEL370) A22671T(S:N370F) C22674T(S:S371F) T22679C(S:S373P) C22686T(S:S375F) A22688G(S:T376A) G22775A(S:D405N)	17	36	0.4722222222222222	22589	22781
T22882G(S:N440K) G22895C(S:V445P) T22896C(S:V445P) G22898A(S:G446S) T22942G(S:N460K) G22992A(S:S477N) C22995G(S:T478R) A23013C(S:E484A) T23018C(S:F486P) T23019C(S:F486P) T23031C(S:F490S) A23055G(S:Q498R) A23063T(S:N501Y) T23075C(S:Y505H)	17	31	0.5483870967741935	22850	23097
C25000T(S:D1146D)	17	19	0.8947368421052632	24940	25076
C22664A(S:L368I) C22674T(S:S371F) T22679C(S:S373P) C22686T(S:S375F) A22688G(S:T376A) G22775A(S:D405N)	15	36	0.4166666666666667	22660	22781
(24680,'T')(S:INS1041)	11	98	0.11224489795918367	24652	24878
