Covariants	Count	Max_count	Freq	Coverage_start	Coverage_end
T23599G(S:N679K) C23604A(S:P681H)	67	103	0.6504854368932039	23579	23659
A24424T(S:Q954H) T24469A(S:N969K)	10	21	0.47619047619047616	24406	24488
