Covariants	Count	Max_count	Freq	Coverage_start	Coverage_end
T23599G(S:N679K) C23604A(S:P681H)	313	527	0.5939278937381404	23580	23662
A24424T(S:Q954H) T24469A(S:N969K)	67	114	0.5877192982456141	24417	24488
A24424T(S:Q954H)	24	115	0.20869565217391303	24410	24488
C23525T(S:H655Y) T23599G(S:N679K) C23604A(S:P681H)	20	68	0.29411764705882354	23505	23605
(25262,1)(S:DEL1235)	20	37	0.5405405405405406	25248	25295
(23334,1)(S:DEL592)	13	84	0.15476190476190477	23273	23356
C25416T(ORF3a:F8F)	13	18	0.7222222222222222	25381	25446
A23403G(S:D614G)	10	116	0.08620689655172414	23342	23408
