Covariants	Count	Max_count	Freq	Coverage_start	Coverage_end
T23599G(S:N679K) C23604A(S:P681H)	63	226	0.27876106194690264	23579	23662
A24424T(S:Q954H) T24469A(S:N969K)	24	50	0.48	24406	24488
C23525T(S:H655Y) T23599G(S:N679K) C23604A(S:P681H)	20	92	0.21739130434782608	23485	23607
(23486,1)(S:DEL643) C23525T(S:H655Y) T23599G(S:N679K) C23604A(S:P681H)	18	82	0.21951219512195122	23471	23607
T23599G(S:N679K) C23604A(S:P681H) A23670G(S:N703S)	15	115	0.13043478260869565	23581	23687
T23487G C23525T(S:H655Y) T23599G(S:N679K) C23604A(S:P681H)	14	83	0.1686746987951807	23486	23608
C25416T(ORF3a:F8F)	13	17	0.7647058823529411	25381	25452
A24424T(S:Q954H)	10	50	0.2	24406	24488
