Covariants	Count	Max_count	Freq	Coverage_start	Coverage_end
T23599G(S:N679K) C23604A(S:P681H)	253	834	0.30335731414868106	23580	23663
A24424T(S:Q954H) T24469A(S:N969K)	100	175	0.5714285714285714	24413	24487
C23525T(S:H655Y) T23599G(S:N679K) C23604A(S:P681H)	92	292	0.3150684931506849	23501	23607
T24469A(S:N969K)	72	362	0.19889502762430938	24464	24541
C23595T(S:T678I) T23599G(S:N679K) C23604A(S:P681H)	71	825	0.08606060606060606	23593	23663
A23403G(S:D614G)	45	280	0.16071428571428573	23342	23426
C25416T(ORF3a:F8F)	41	100	0.41	25381	25452
(23486,1)(S:DEL643) C23525T(S:H655Y) T23599G(S:N679K) C23604A(S:P681H)	40	259	0.15444015444015444	23471	23608
C23854A(S:N764K)	31	274	0.11313868613138686	23765	23858
G22813T(S:K417N) T22882G(S:N440K) G22895C(S:V445P) T22896C(S:V445P) G22898A(S:G446S)	29	82	0.35365853658536583	22799	22898
T23487G C23525T(S:H655Y) T23599G(S:N679K) C23604A(S:P681H)	26	259	0.10038610038610038	23486	23607
(25262,1)(S:DEL1235)	24	71	0.3380281690140845	25248	25263
C25000T(S:D1146D)	24	80	0.3	24990	25023
C23525T(S:H655Y) C23595T(S:T678I) T23599G(S:N679K) C23604A(S:P681H)	23	292	0.07876712328767123	23505	23608
G22317T(S:G252V)	23	48	0.4791666666666667	22242	22324
(23334,1)(S:DEL592)	23	212	0.10849056603773585	23322	23336
C23525T(S:H655Y)	23	429	0.053613053613053616	23485	23540
C21618T(S:T19I) (21632,9)(S:DEL25/27)	18	24	0.75	21596	21667
G22813T(S:K417N) T22882G(S:N440K) G22895C(S:V445P) T22896C(S:V445P) G22898A(S:G446S) T22942G(S:N460K)	17	41	0.4146341463414634	22791	22942
A24424T(S:Q954H)	17	176	0.09659090909090909	24406	24486
(23486,1)(S:DEL643) C23525T(S:H655Y) C23595T(S:T678I) T23599G(S:N679K) C23604A(S:P681H)	13	259	0.05019305019305019	23471	23607
T22882G(S:N440K) G22895C(S:V445P) T22896C(S:V445P) G22898A(S:G446S) T22942G(S:N460K)	12	113	0.10619469026548672	22874	22959
(24320,1)(S:DEL921)	12	73	0.1643835616438356	24217	24321
(23334,1)(S:DEL592) A23403G(S:D614G)	10	177	0.05649717514124294	23322	23405
A23403G(S:D614G) C23525T(S:H655Y)	10	87	0.11494252873563218	23351	23535
