Covariants	Count	Max_count	Freq	Coverage_start	Coverage_end
T23599G(S:N679K) C23604A(S:P681H)	285	528	0.5397727272727273	23580	23659
A24424T(S:Q954H) T24469A(S:N969K)	71	109	0.6513761467889908	24410	24488
(25262,1)(S:DEL1235)	52	157	0.33121019108280253	25248	25264
C23525T(S:H655Y) T23599G(S:N679K) C23604A(S:P681H)	46	107	0.42990654205607476	23501	23607
T24469A(S:N969K)	38	182	0.2087912087912088	24464	24541
G23401T(S:Q613H) A23403G(S:D614G)	26	126	0.20634920634920634	23282	23425
C23854A(S:N764K)	14	136	0.10294117647058823	23681	23873
G22813T(S:K417N) T22882G(S:N440K) G22895C(S:V445P) T22896C(S:V445P) G22898A(S:G446S)	13	43	0.3023255813953488	22791	22898
C25000T(S:D1146D)	13	44	0.29545454545454547	24984	25069
C25416T(ORF3a:F8F)	13	29	0.4482758620689655	25381	25464
G22813T(S:K417N) T22882G(S:N440K) G22895C(S:V445P) T22896C(S:V445P) G22898A(S:G446S) T22942G(S:N460K)	11	22	0.5	22791	22968
(23486,1)(S:DEL643) C23525T(S:H655Y) T23599G(S:N679K) C23604A(S:P681H)	10	86	0.11627906976744186	23471	23645
