Covariants	Count	Max_count	Freq	Coverage_start	Coverage_end
T23599G(S:N679K) C23604A(S:P681H)	178	317	0.5615141955835962	23579	23659
A24424T(S:Q954H) T24469A(S:N969K)	40	73	0.547945205479452	24406	24488
C23525T(S:H655Y) T23599G(S:N679K) C23604A(S:P681H)	21	52	0.40384615384615385	23488	23604
(25262,1)(S:DEL1235)	14	27	0.5185185185185185	25248	25295
A24424T(S:Q954H)	12	73	0.1643835616438356	24406	24488
C25416T(ORF3a:F8F)	12	28	0.42857142857142855	25381	25452
