Covariants	Count	Max_count	Freq	Coverage_start	Coverage_end
G22317T(S:G252V)	231	249	0.927710843373494	22240	22342
T21810C(S:V83A)	68	82	0.8292682926829268	21765	21900
C25416T(ORF3a:F8F)	66	93	0.7096774193548387	25381	25434
T23385A	44	130	0.3384615384615385	23250	23385
A23403G(S:D614G)	34	83	0.40963855421686746	23325	23468
C23525T(S:H655Y) G23562A	25	29	0.8620689655172413	23411	23562
C24700T(S:G1046G)	25	106	0.2358490566037736	24652	24802
G21987A(S:G142D) (21990,3)(S:DEL144) C22000A(S:H146Q)	18	18	1.0	21949	22098
C25416T(ORF3a:F8F) C25418T(ORF3a:T9I)	18	93	0.1935483870967742	25306	25456
A23403G(S:D614G) C23422T(S:V620V)	16	83	0.1927710843373494	23325	23468
(23393,'T')(S:INS612) A23403G(S:D614G)	16	83	0.1927710843373494	23250	23468
C23601T T23752A(S:S730S)	16	23	0.6956521739130435	23600	23752
A24424T(S:Q954H) T24469A(S:N969K)	13	24	0.5416666666666666	24388	24537
C25000T(S:D1146D)	13	16	0.8125	24926	25076
