Covariants	Count	Max_count	Freq	Coverage_start	Coverage_end
C25416T(ORF3a:F8F)	165	189	0.873015873015873	25381	25434
G22317T(S:G252V)	129	180	0.7166666666666667	22207	22347
T21810C(S:V83A)	60	130	0.46153846153846156	21803	21821
T22882G(S:N440K) G22895C(S:V445P) T22896C(S:V445P) G22898A(S:G446S) T22942G(S:N460K) G22992A(S:S477N) C22995G(S:T478R) A23013C(S:E484A) T23018C(S:F486P) T23019C(S:F486P) T23031C(S:F490S) A23055G(S:Q498R) A23063T(S:N501Y) T23075C(S:Y505H)	54	93	0.5806451612903226	22850	23097
A23403G(S:D614G)	43	92	0.4673913043478261	23325	23444
A24424T(S:Q954H) T24469A(S:N969K)	37	45	0.8222222222222222	24388	24538
C25000T(S:D1146D)	34	48	0.7083333333333334	24973	25076
C21781A(S:T73T) T21810C(S:V83A)	31	129	0.24031007751937986	21764	21900
C22664A(S:L368I) C22674T(S:S371F) T22679C(S:S373P) C22686T(S:S375F) A22688G(S:T376A) G22775A(S:D405N)	30	33	0.9090909090909091	22589	22781
C23525T(S:H655Y) G23562A	29	42	0.6904761904761905	23411	23562
T22200A(S:V213E) G22317T(S:G252V)	28	35	0.8	22196	22347
G21718T(S:Q52H) T21810C(S:V83A)	26	102	0.2549019607843137	21674	21900
C23525T(S:H655Y)	24	94	0.2553191489361702	23411	23561
A23403G(S:D614G) C23525T(S:H655Y)	20	37	0.5405405405405406	23325	23561
T22882G(S:N440K) G22895C(S:V445P) T22896C(S:V445P) G22898A(S:G446S) G22918T(S:L452L) T22930A(S:F456L) T22942G(S:N460K) G22992A(S:S477N) C22995A(S:T478K) A23013C(S:E484A) T23018C(S:F486P) T23019C(S:F486P) T23031C(S:F490S) A23055G(S:Q498R) A23063T(S:N501Y) T23075C(S:Y505H)	11	93	0.11827956989247312	22850	23097
G21987A(S:G142D) (21990,3)(S:DEL144) C22000A(S:H146Q)	10	12	0.8333333333333334	21949	22098
C23202T(S:T547I)	10	66	0.15151515151515152	23129	23277
