Covariants	Count	Max_count	Freq	Coverage_start	Coverage_end
C25416T(ORF3a:F8F)	127	209	0.6076555023923444	25377	25434
G22317T(S:G252V)	97	191	0.5078534031413613	22307	22339
C23525T(S:H655Y) G23562A	56	64	0.875	23411	23562
A23403G(S:D614G)	49	74	0.6621621621621622	23325	23467
(21764,6)(S:DEL69/70)	48	109	0.44036697247706424	21674	21817
T21810C(S:V83A)	45	119	0.37815126050420167	21782	21884
T23385A	39	123	0.3170731707317073	23250	23385
T22882G(S:N440K) G22895C(S:V445P) T22896C(S:V445P) G22898A(S:G446S) T22942G(S:N460K) G22992A(S:S477N) C22995A(S:T478K) A23013C(S:E484A) T23018C(S:F486P) T23019C(S:F486P) T23031C(S:F490S) A23055G(S:Q498R) A23063T(S:N501Y) T23075C(S:Y505H)	18	26	0.6923076923076923	22850	23097
C22642T(S:N360N) C22664A(S:L368I) C22674T(S:S371F) T22679C(S:S373P) C22686T(S:S375F) A22688G(S:T376A) G22775A(S:D405N)	14	32	0.4375	22589	22781
C22314A(S:P251H) G22317T(S:G252V)	13	191	0.06806282722513089	22207	22347
C23601T T23752A(S:S730S)	13	32	0.40625	23600	23752
C25000T(S:D1146D)	12	13	0.9230769230769231	24926	25076
A23403G(S:D614G) C23525T(S:H655Y)	10	13	0.7692307692307693	23325	23561
A24424T(S:Q954H) T24469A(S:N969K)	10	21	0.47619047619047616	24388	24621
