Covariants	Count	Max_count	Freq	Coverage_start	Coverage_end
C22109G(S:Q183E)	19	25	0.76	22075	22113
A23403G(S:D614G)	17	35	0.4857142857142857	23402	23404
T22942G(S:N460K)	13	24	0.5416666666666666	22940	22946
