Covariants	Count	Max_count	Freq	Coverage_start	Coverage_end
A24424T(S:Q954H) T24469A(S:N969K)	388	645	0.6015503875968993	24410	24488
C23525T(S:H655Y) T23599G(S:N679K) C23604A(S:P681H)	267	621	0.42995169082125606	23508	23607
A24424T(S:Q954H)	86	645	0.13333333333333333	24406	24488
C25416T(ORF3a:F8F)	77	159	0.48427672955974843	25371	25438
G22317T(S:G252V)	71	115	0.6173913043478261	22306	22324
(23486,1)(S:DEL643) C23525T(S:H655Y) T23599G(S:N679K) C23604A(S:P681H)	64	537	0.1191806331471136	23471	23607
A23403G(S:D614G)	63	339	0.18584070796460178	23296	23425
C23525T(S:H655Y)	54	696	0.07758620689655173	23485	23551
G22813T(S:K417N) T22882G(S:N440K) G22895C(S:V445P) T22896C(S:V445P) G22898A(S:G446S)	53	213	0.24882629107981222	22801	22898
(25262,1)(S:DEL1235)	45	191	0.2356020942408377	25183	25263
(23334,1)(S:DEL592)	41	338	0.12130177514792899	23268	23336
G22813T(S:K417N) T22882G(S:N440K) G22895C(S:V445P) T22896C(S:V445P) G22898A(S:G446S) T22928C(S:F456L) T22942G(S:N460K)	39	135	0.28888888888888886	22791	22968
C23854A(S:N764K)	37	212	0.17452830188679244	23681	23859
G22813T(S:K417N) T22882G(S:N440K)	36	294	0.12244897959183673	22801	22882
T23487G C23525T(S:H655Y) T23599G(S:N679K) C23604A(S:P681H)	35	542	0.06457564575645756	23486	23607
G22813T(S:K417N) T22882G(S:N440K) G22895C(S:V445P) T22896C(S:V445P)	25	252	0.0992063492063492	22796	22896
C23525T(S:H655Y) A23539T(S:S659S) T23599G(S:N679K) C23604A(S:P681H)	15	621	0.024154589371980676	23505	23607
C25380T(S:T1273I) C25416T(ORF3a:F8F)	15	159	0.09433962264150944	25371	25437
G25166C(S:E1202Q)	12	263	0.045627376425855515	25119	25209
(24981,1)(S:DEL1141) C25000T(S:D1146D)	11	73	0.1506849315068493	24849	25006
G22813T(S:K417N) T22882G(S:N440K) G22895C(S:V445P) T22896C(S:V445P) G22898A(S:G446S) G22927T(S:L455F) T22928C(S:F456L) T22942G(S:N460K)	11	135	0.08148148148148149	22791	22942
