Covariants	Count	Max_count	Freq	Coverage_start	Coverage_end
T23599G(S:N679K) C23604A(S:P681H)	252	705	0.3574468085106383	23580	23659
A24424T(S:Q954H) T24469A(S:N969K)	213	318	0.6698113207547169	24406	24487
C23525T(S:H655Y) T23599G(S:N679K) C23604A(S:P681H)	89	287	0.31010452961672474	23505	23607
C25416T(ORF3a:F8F)	79	126	0.626984126984127	25381	25451
(23486,1)(S:DEL643) C23525T(S:H655Y) T23599G(S:N679K) C23604A(S:P681H)	52	240	0.21666666666666667	23477	23607
G22317T(S:G252V)	49	74	0.6621621621621622	22256	22322
A23403G(S:D614G)	46	302	0.152317880794702	23351	23426
T23487G C23525T(S:H655Y) T23599G(S:N679K) C23604A(S:P681H)	46	241	0.1908713692946058	23486	23645
G22813T(S:K417N) T22882G(S:N440K) G22895C(S:V445P) T22896C(S:V445P) G22898A(S:G446S)	39	123	0.3170731707317073	22791	22898
(25262,1)(S:DEL1235)	33	82	0.4024390243902439	25248	25295
(23334,1)(S:DEL592)	32	241	0.13278008298755187	23285	23336
G22813T(S:K417N) T22882G(S:N440K) G22895C(S:V445P) T22896C(S:V445P) G22898A(S:G446S) T22942G(S:N460K)	30	75	0.4	22808	22947
A24424T(S:Q954H)	28	326	0.08588957055214724	24416	24488
C23525T(S:H655Y)	25	370	0.06756756756756757	23485	23540
T24469A(S:N969K)	25	416	0.06009615384615385	24464	24541
C23854A(S:N764K)	24	220	0.10909090909090909	23765	23858
(23334,1)(S:DEL592) A23403G(S:D614G)	21	203	0.10344827586206896	23322	23408
(24981,1)(S:DEL1141) C25000T(S:D1146D)	14	36	0.3888888888888889	24849	25000
T23599G(S:N679K) C23604A(S:P681H) G23608A(S:R682R)	13	697	0.018651362984218076	23579	23666
C25000T(S:D1146D)	13	48	0.2708333333333333	24984	25009
G22813T(S:K417N) T22882G(S:N440K) G22895C(S:V445P) T22896C(S:V445P)	12	141	0.0851063829787234	22791	22897
A23013C(S:E484A) T23018C(S:F486P) T23019C(S:F486P) T23031C(S:F490S) A23055G(S:Q498R) A23063T(S:N501Y) T23075C(S:Y505H)	10	17	0.5882352941176471	23005	23098
C21618T(S:T19I) (21632,9)(S:DEL25/27)	10	15	0.6666666666666666	21596	21652
