Covariants	Count	Max_count	Freq	Coverage_start	Coverage_end
T23599G(S:N679K) C23604A(S:P681H)	19	94	0.20212765957446807	23579	23666
A24424T(S:Q954H) T24469A(S:N969K)	17	30	0.5666666666666667	24413	24488
T23599G(S:N679K) C23604A(S:P681H) C23664T(S:A701V)	12	47	0.2553191489361702	23579	23666
C23525T(S:H655Y) T23599G(S:N679K) C23604A(S:P681H)	11	39	0.28205128205128205	23485	23638
