Covariants	Count	Max_count	Freq	Coverage_start	Coverage_end
A23403G(S:D614G)	71	211	0.33649289099526064	23402	23404
C22109G(S:Q183E)	36	106	0.33962264150943394	22108	22112
