Covariants	Count	Max_count	Freq	Coverage_start	Coverage_end
C23854A(S:N764K)	1008	1561	0.6457399103139013	23828	23854
T23599G(S:N679K) C23604A(S:P681H)	818	1338	0.6113602391629297	23598	23659
T23599G(S:N679K) C23604A(S:P681H) C23854A(S:N764K)	476	493	0.9655172413793104	23598	23854
C25416T(ORF3a:F8F)	389	404	0.9628712871287128	25385	25437
C23604A(S:P681H)	15	1352	0.011094674556213017	23602	23662
