Covariants	Count	Max_count	Freq	Coverage_start	Coverage_end
T21810C(S:V83A)	23	42	0.5476190476190477	21803	21825
C21618T(S:T19I) (21632,9)(S:DEL25/27)	21	34	0.6176470588235294	21611	21692
C21618T(S:T19I) (21632,9)(S:DEL25/27) T21810C(S:V83A)	10	15	0.6666666666666666	21611	21812
