Covariants	Count	Max_count	Freq	Coverage_start	Coverage_end
C25000T(S:D1146D)	596	692	0.861271676300578	24989	25000
C25416T(ORF3a:F8F)	513	599	0.8564273789649416	25357	25438
C21618T(S:T19I) (21632,9)(S:DEL25/27)	341	494	0.6902834008097166	21565	21654
C21618T(S:T19I) (21632,9)(S:DEL25/27) T21810C(S:V83A)	124	138	0.8985507246376812	21605	21863
G22992A(S:S477N) C22995A(S:T478K) A23013C(S:E484A) T23018C(S:F486P) T23019C(S:F486P) T23031C(S:F490S) A23055G(S:Q498R) A23063T(S:N501Y) T23075C(S:Y505H)	88	118	0.7457627118644068	22978	23116
C25416T(ORF3a:F8F) C25584T(ORF3a:T64T)	22	24	0.9166666666666666	25381	25584
A24424T(S:Q954H) T24469A(S:N969K)	20	25	0.8	24359	24541
