Covariants	Count	Max_count	Freq	Coverage_start	Coverage_end
G22317T(S:G252V)	173	201	0.8606965174129353	22298	22347
C25416T(ORF3a:F8F)	132	136	0.9705882352941176	25381	25434
T23385A	38	63	0.6031746031746031	23250	23385
T21810C(S:V83A)	32	62	0.5161290322580645	21765	21900
C23525T(S:H655Y) G23562A	21	25	0.84	23411	23562
A23403G(S:D614G)	17	21	0.8095238095238095	23325	23468
C23525T(S:H655Y)	13	43	0.3023255813953488	23411	23561
