Covariants	Count	Max_count	Freq	Coverage_start	Coverage_end
T21810C(S:V83A)	2828	6665	0.42430607651912977	21809	21810
C25416T(ORF3a:F8F)	2259	2331	0.9691119691119691	25385	25416
C21618T(S:T19I) (21632,9)(S:DEL25/27)	1928	4968	0.38808373590982287	21616	21645
C21618T(S:T19I) (21632,9)(S:DEL25/27) T21810C(S:V83A)	1702	2376	0.7163299663299664	21616	21810
C25000T(S:D1146D)	1523	1888	0.8066737288135594	24999	25000
G21718T(S:Q52H)	894	7816	0.11438075742067554	21715	21721
G21718T(S:Q52H) T21810C(S:V83A)	871	4669	0.18654958235168131	21717	21810
C21618T(S:T19I) (21632,9)(S:DEL25/27) G21718T(S:Q52H)	837	4143	0.20202751629254165	21615	21719
C21618T(S:T19I) (21632,9)(S:DEL25/27) G21718T(S:Q52H) T21810C(S:V83A)	205	2376	0.08627946127946128	21614	21811
A23055G(S:Q498R) A23063T(S:N501Y) T23075C(S:Y505H)	89	240	0.37083333333333335	23054	23116
(21632,9)(S:DEL25/27)	72	5014	0.014359792580773833	21620	21652
T23031C(S:F490S) A23055G(S:Q498R) A23063T(S:N501Y) T23075C(S:Y505H)	66	142	0.4647887323943662	23030	23116
A23063T(S:N501Y) T23075C(S:Y505H)	65	305	0.21311475409836064	23060	23157
(21632,9)(S:DEL25/27) T21810C(S:V83A)	45	2399	0.018757815756565235	21620	21812
(21632,9)(S:DEL25/27) G21718T(S:Q52H)	44	4189	0.010503700167104321	21627	21719
(21632,9)(S:DEL25/27) G21718T(S:Q52H) T21810C(S:V83A)	41	2399	0.01709045435598166	21620	21812
T23075C(S:Y505H)	35	339	0.10324483775811209	23074	23149
A23013C(S:E484A) T23018C(S:F486P) T23019C(S:F486P) T23031C(S:F490S) A23055G(S:Q498R) A23063T(S:N501Y) T23075C(S:Y505H)	29	68	0.4264705882352941	23008	23107
G22992A(S:S477N) C22995G(S:T478R) A23013C(S:E484A) T23018C(S:F486P) T23019C(S:F486P) T23031C(S:F490S) A23055G(S:Q498R)	24	41	0.5853658536585366	22978	23177
A25372G(S:L1270L) C25416T(ORF3a:F8F)	14	2252	0.006216696269982238	25326	25418
A25372G(S:L1270L)	10	3438	0.0029086678301337987	25288	25376
G22577C(S:G339H) G22578A(S:G339H) C22593T(S:A344V) G22599C(S:R346T)	10	30	0.3333333333333333	22471	22607
