Covariants	Count	Max_count	Freq	Coverage_start	Coverage_end
T23599G(S:N679K) C23604A(S:P681H) C23664T(S:A701V)	82	201	0.4079601990049751	23580	23664
A24424T(S:Q954H) T24469A(S:N969K)	53	88	0.6022727272727273	24407	24487
T23599G(S:N679K) C23604A(S:P681H)	52	298	0.174496644295302	23579	23666
C23525T(S:H655Y) T23599G(S:N679K) C23604A(S:P681H)	25	81	0.30864197530864196	23505	23607
(23486,1)(S:DEL643) C23525T(S:H655Y) T23599G(S:N679K) C23604A(S:P681H)	19	73	0.2602739726027397	23471	23607
T24469A(S:N969K)	18	143	0.1258741258741259	24464	24538
(25262,1)(S:DEL1235)	18	47	0.3829787234042553	25252	25292
T23599G(S:N679K) C23604A(S:P681H) (23641,1)(S:DEL694) C23664T(S:A701V)	17	201	0.0845771144278607	23579	23664
C23525T(S:H655Y)	14	117	0.11965811965811966	23471	23551
A24424T(S:Q954H)	14	90	0.15555555555555556	24406	24488
T23487G C23525T(S:H655Y) T23599G(S:N679K) C23604A(S:P681H)	10	74	0.13513513513513514	23486	23645
