Covariants	Count	Max_count	Freq	Coverage_start	Coverage_end
C21618T(S:T19I) (21632,9)(S:DEL25/27)	1554	1597	0.9730745147150908	21591	21652
C21618T(S:T19I)	499	2134	0.2338331771321462	21541	21618
G21987A(S:G142D) (21990,3)(S:DEL144) C22000A(S:H146Q)	374	884	0.4230769230769231	21979	22006
C22109G(S:Q183E)	165	743	0.22207267833109018	22101	22109
G21987A(S:G142D) (21990,3)(S:DEL144) C22000A(S:H146Q) C22109G(S:Q183E)	143	453	0.31567328918322296	21979	22109
C22109G(S:Q183E) T22200A(S:V213E)	76	342	0.2222222222222222	22100	22201
G21987A(S:G142D) (21990,3)(S:DEL144) C22000A(S:H146Q) T22200A(S:V213E)	75	193	0.38860103626943004	21980	22208
T22200A(S:V213E)	64	439	0.14578587699316628	22163	22200
C22109G(S:Q183E) T22200A(S:V213E) G22241T(S:V227L)	60	151	0.3973509933774834	22085	22243
G21987A(S:G142D) C22109G(S:Q183E)	59	453	0.13024282560706402	21902	22109
T22200A(S:V213E) G22241T(S:V227L)	51	198	0.25757575757575757	22163	22241
G21987A(S:G142D) (21990,3)(S:DEL144) C22000A(S:H146Q) T22200A(S:V213E) G22241T(S:V227L)	45	77	0.5844155844155844	21978	22243
(21632,9)(S:DEL25/27)	34	1597	0.021289918597370068	21583	21654
G21987A(S:G142D)	29	908	0.031938325991189426	21905	21987
C22000A(S:H146Q)	20	914	0.02188183807439825	21996	22079
C22664A(S:L368I) C22674T(S:S371F) T22679C(S:S373P) C22686T(S:S375F) A22688G(S:T376A)	19	42	0.4523809523809524	22643	22704
G21987A(S:G142D) T22200A(S:V213E)	16	193	0.08290155440414508	21902	22211
G21987A(S:G142D) C22000A(S:H146Q)	15	884	0.016968325791855202	21901	22089
G22577C(S:G339H) G22578A(S:G339H) G22599C(S:R346T)	15	58	0.25862068965517243	22566	22607
G21987A(S:G142D) T22200A(S:V213E) G22241T(S:V227L)	11	77	0.14285714285714285	21901	22243
G21987A(S:G142D) (21990,3)(S:DEL144) C22109G(S:Q183E)	10	453	0.02207505518763797	21963	22109
