Covariants	Count	Max_count	Freq	Coverage_start	Coverage_end
A24424T(S:Q954H) T24469A(S:N969K)	37	65	0.5692307692307692	24406	24488
C23525T(S:H655Y) T23599G(S:N679K) C23604A(S:P681H)	19	33	0.5757575757575758	23485	23607
C25416T(ORF3a:F8F)	18	41	0.43902439024390244	25381	25459
A23403G(S:D614G)	17	73	0.2328767123287671	23285	23429
C23854A(S:N764K)	13	87	0.14942528735632185	23681	23879
