Covariants	Count	Max_count	Freq	Coverage_start	Coverage_end
A24424T(S:Q954H) T24469A(S:N969K)	183	306	0.5980392156862745	24410	24481
T23599G(S:N679K) C23604A(S:P681H) C23664T(S:A701V)	165	314	0.5254777070063694	23582	23665
C23525T(S:H655Y) T23599G(S:N679K) C23604A(S:P681H)	78	228	0.34210526315789475	23508	23604
A24424T(S:Q954H)	57	308	0.18506493506493507	24406	24487
(23334,1)(S:DEL592)	27	173	0.15606936416184972	23322	23339
C25416T(ORF3a:F8F)	26	41	0.6341463414634146	25381	25444
T23487G C23525T(S:H655Y) T23599G(S:N679K) C23604A(S:P681H)	26	194	0.13402061855670103	23486	23607
(23486,1)(S:DEL643) C23525T(S:H655Y) T23599G(S:N679K) C23604A(S:P681H)	25	193	0.12953367875647667	23471	23645
T23599G(S:N679K) C23604A(S:P681H) C23673T(S:S704L)	24	281	0.08540925266903915	23580	23696
A23403G(S:D614G)	23	207	0.1111111111111111	23342	23413
C23525T(S:H655Y)	22	305	0.07213114754098361	23505	23551
T23599G(S:N679K) C23604A(S:P681H)	19	580	0.032758620689655175	23579	23660
C25000T(S:D1146D)	19	45	0.4222222222222222	24992	25071
G22813T(S:K417N) T22882G(S:N440K)	17	85	0.2	22791	22882
G22813T(S:K417N) T22882G(S:N440K) G22895C(S:V445P) T22896C(S:V445P) G22898A(S:G446S)	16	46	0.34782608695652173	22801	22898
(23334,1)(S:DEL592) A23403G(S:D614G)	12	127	0.09448818897637795	23322	23406
G22813T(S:K417N) T22882G(S:N440K) G22895C(S:V445P) T22896C(S:V445P)	12	65	0.18461538461538463	22791	22897
