Covariants	Count	Max_count	Freq	Coverage_start	Coverage_end
T23599G(S:N679K) C23604A(S:P681H)	536	1187	0.45155855096882896	23596	23655
A24424T(S:Q954H) T24469A(S:N969K)	197	264	0.7462121212121212	24415	24487
C23525T(S:H655Y) T23599G(S:N679K) C23604A(S:P681H)	101	290	0.3482758620689655	23505	23607
C25416T(ORF3a:F8F)	76	150	0.5066666666666667	25383	25452
T24469A(S:N969K)	47	399	0.11779448621553884	24464	24538
A23403G(S:D614G)	40	280	0.14285714285714285	23352	23405
(23486,1)(S:DEL643) C23525T(S:H655Y) T23599G(S:N679K) C23604A(S:P681H)	33	236	0.13983050847457626	23471	23607
C23854A(S:N764K)	31	251	0.12350597609561753	23792	23888
A23403G(S:D614G) C23525T(S:H655Y)	27	106	0.25471698113207547	23351	23532
(25262,1)(S:DEL1235)	24	128	0.1875	25248	25264
T23487G C23525T(S:H655Y) T23599G(S:N679K) C23604A(S:P681H)	22	237	0.09282700421940929	23486	23645
(23334,1)(S:DEL592)	20	201	0.09950248756218906	23322	23336
(23334,1)(S:DEL592) A23403G(S:D614G)	20	178	0.11235955056179775	23322	23406
C25000T(S:D1146D)	19	72	0.2638888888888889	24998	25009
A24424T(S:Q954H)	16	274	0.058394160583941604	24416	24488
C23525T(S:H655Y)	15	460	0.03260869565217391	23471	23552
T23599G(S:N679K) C23604A(S:P681H) C23701T(S:A713A)	13	699	0.01859799713876967	23579	23727
C21618T(S:T19I) (21632,9)(S:DEL25/27)	11	24	0.4583333333333333	21596	21671
G22813T(S:K417N) T22882G(S:N440K) G22895C(S:V445P) T22896C(S:V445P) G22898A(S:G446S) T22942G(S:N460K)	10	18	0.5555555555555556	22791	22968
T23075C(S:Y505H)	10	17	0.5882352941176471	23074	23156
G22813T(S:K417N) T22882G(S:N440K) G22895C(S:V445P) T22896C(S:V445P) G22898A(S:G446S)	10	36	0.2777777777777778	22791	22898
