Covariants	Count	Max_count	Freq	Coverage_start	Coverage_end
T23599G(S:N679K) C23604A(S:P681H)	777	1580	0.4917721518987342	23593	23659
T23599G(S:N679K) C23604A(S:P681H) C23613T(S:A684V)	186	1570	0.11847133757961784	23580	23666
A24424T(S:Q954H) T24469A(S:N969K)	77	131	0.5877862595419847	24410	24488
T24469A(S:N969K)	75	323	0.23219814241486067	24464	24535
C25000T(S:D1146D)	53	108	0.49074074074074076	24992	25065
C23854A(S:N764K)	36	219	0.1643835616438356	23765	23873
C23525T(S:H655Y) T23599G(S:N679K) C23604A(S:P681H)	32	142	0.22535211267605634	23505	23607
C25416T(ORF3a:F8F)	31	81	0.38271604938271603	25381	25434
(25262,1)(S:DEL1235)	29	109	0.26605504587155965	25248	25263
(23486,1)(S:DEL643) C23525T(S:H655Y) T23599G(S:N679K) C23604A(S:P681H)	28	124	0.22580645161290322	23471	23607
T22200A(S:V213E)	17	36	0.4722222222222222	22117	22208
A23403G(S:D614G) C23525T(S:H655Y)	17	132	0.12878787878787878	23344	23540
A24424T(S:Q954H)	17	154	0.11038961038961038	24406	24425
A23403G(S:D614G)	16	248	0.06451612903225806	23345	23405
(23334,1)(S:DEL592) A23403G(S:D614G)	15	150	0.1	23322	23405
T23075C(S:Y505H)	15	26	0.5769230769230769	23074	23156
G21987A(S:G142D) (21990,3)(S:DEL144) (21999,1)(S:DEL147)	15	257	0.058365758754863814	21842	22001
T23335C A23403G(S:D614G)	13	152	0.08552631578947369	23334	23420
T23487G C23525T(S:H655Y) T23599G(S:N679K) C23604A(S:P681H)	12	124	0.0967741935483871	23486	23607
(24981,1)(S:DEL1141) C25000T(S:D1146D)	12	29	0.41379310344827586	24849	25002
C23525T(S:H655Y)	11	316	0.03481012658227848	23471	23540
C23525T(S:H655Y) T23599G(S:N679K) C23604A(S:P681H) C23613T(S:A684V)	11	132	0.08333333333333333	23485	23645
T23599G(S:N679K) C23604A(S:P681H) C23649T(S:T696I)	11	1442	0.0076282940360610264	23579	23666
(23334,1)(S:DEL592)	11	161	0.06832298136645963	23322	23382
T23335C	10	163	0.06134969325153374	23334	23425
G22813T(S:K417N) T22882G(S:N440K) G22895C(S:V445P) T22896C(S:V445P) G22898A(S:G446S)	10	30	0.3333333333333333	22791	22898
