Covariants	Count	Max_count	Freq	Coverage_start	Coverage_end
T23599G(S:N679K) C23604A(S:P681H)	24	66	0.36363636363636365	23579	23666
T23599G(S:N679K) C23604A(S:P681H) C23635T(S:S691S)	19	66	0.2878787878787879	23579	23666
C25416T(ORF3a:F8F)	11	18	0.6111111111111112	25381	25469
