Covariants	Count	Max_count	Freq	Coverage_start	Coverage_end
T23599G(S:N679K) C23604A(S:P681H)	293	789	0.37135614702154623	23579	23665
A24424T(S:Q954H) T24469A(S:N969K)	130	217	0.5990783410138248	24410	24488
C23525T(S:H655Y) T23599G(S:N679K) C23604A(S:P681H)	66	222	0.2972972972972973	23505	23607
C25416T(ORF3a:F8F)	57	108	0.5277777777777778	25381	25451
(23486,1)(S:DEL643) C23525T(S:H655Y) T23599G(S:N679K) C23604A(S:P681H)	47	183	0.2568306010928962	23471	23607
A23403G(S:D614G)	41	308	0.1331168831168831	23351	23421
(25262,1)(S:DEL1235)	38	147	0.2585034013605442	25252	25295
C23854A(S:N764K)	33	261	0.12643678160919541	23765	23858
A24424T(S:Q954H)	31	224	0.13839285714285715	24406	24488
T23599G(S:N679K) C23604A(S:P681H) C23635T(S:S691S)	23	779	0.029525032092426188	23579	23694
(23334,1)(S:DEL592)	21	253	0.08300395256916997	23322	23352
G22317T(S:G252V)	20	34	0.5882352941176471	22249	22319
(23334,1)(S:DEL592) A23403G(S:D614G)	19	214	0.08878504672897196	23323	23408
C25000T(S:D1146D)	19	72	0.2638888888888889	24992	25070
C21618T(S:T19I) (21632,9)(S:DEL25/27)	15	20	0.75	21596	21681
T24469A(S:N969K)	15	274	0.05474452554744526	24464	24541
G22813T(S:K417N) T22882G(S:N440K) G22895C(S:V445P) T22896C(S:V445P) G22898A(S:G446S)	14	50	0.28	22801	22898
T23075C(S:Y505H)	13	27	0.48148148148148145	23074	23156
T23487G C23525T(S:H655Y) T23599G(S:N679K) C23604A(S:P681H)	12	183	0.06557377049180328	23486	23645
T22200A(S:V213E)	12	18	0.6666666666666666	22117	22214
T23335C(S:S591S) A23403G(S:D614G)	12	216	0.05555555555555555	23334	23426
C23525T(S:H655Y)	11	332	0.03313253012048193	23471	23551
(24981,1)(S:DEL1141) C25000T(S:D1146D)	10	48	0.20833333333333334	24849	25000
G22813T(S:K417N) T22882G(S:N440K)	10	66	0.15151515151515152	22791	22888
