Covariants	Count	Max_count	Freq	Coverage_start	Coverage_end
T23599G(S:N679K) C23604A(S:P681H)	58	132	0.4393939393939394	23580	23668
C23525T(S:H655Y) T23599G(S:N679K) C23604A(S:P681H)	12	38	0.3157894736842105	23485	23636
