Covariants	Count	Max_count	Freq	Coverage_start	Coverage_end
T23599G(S:N679K) C23604A(S:P681H)	291	493	0.59026369168357	23579	23664
C23595T(S:T678I) T23599G(S:N679K) C23604A(S:P681H)	36	482	0.07468879668049792	23579	23666
T24469A(S:N969K)	15	34	0.4411764705882353	24464	24565
C25000T(S:D1146D)	11	24	0.4583333333333333	24984	25071
C25416T(ORF3a:F8F)	11	21	0.5238095238095238	25381	25472
(25262,1)(S:DEL1235)	10	12	0.8333333333333334	25248	25348
