Covariants	Count	Max_count	Freq	Coverage_start	Coverage_end
G22317T(S:G252V)	118	206	0.5728155339805825	22210	22347
C25416T(ORF3a:F8F)	112	170	0.6588235294117647	25377	25434
T21810C(S:V83A)	111	144	0.7708333333333334	21793	21822
C23525T(S:H655Y) G23562A	51	59	0.864406779661017	23411	23562
T22882G(S:N440K) G22895C(S:V445P) T22896C(S:V445P) G22898A(S:G446S) T22942G(S:N460K) G22992A(S:S477N) C22995A(S:T478K) A23013C(S:E484A) T23018C(S:F486P) T23019C(S:F486P) T23031C(S:F490S) A23055G(S:Q498R) A23063T(S:N501Y) T23075C(S:Y505H)	46	76	0.6052631578947368	22850	23097
A22320G(S:D253G)	41	206	0.19902912621359223	22207	22347
C25416T(ORF3a:F8F) C25460T(ORF3a:A23V)	29	141	0.20567375886524822	25377	25491
C22664A(S:L368I) C22674T(S:S371F) T22679C(S:S373P) C22686T(S:S375F) A22688G(S:T376A) G22775A(S:D405N)	29	46	0.6304347826086957	22657	22781
T23385A	22	70	0.3142857142857143	23250	23385
C25000T(S:D1146D)	22	28	0.7857142857142857	24926	25076
G21987A(S:G142D) (21990,3)(S:DEL144) C22000A(S:H146Q)	20	22	0.9090909090909091	21949	22098
C23601T T23752A(S:S730S)	16	50	0.32	23600	23752
A24424T(S:Q954H) T24469A(S:N969K)	16	22	0.7272727272727273	24388	24621
A23403G(S:D614G)	15	45	0.3333333333333333	23339	23439
C22624T(S:N354N) C22664A(S:L368I) C22674T(S:S371F) T22679C(S:S373P) C22686T(S:S375F) A22688G(S:T376A) G22775A(S:D405N)	14	45	0.3111111111111111	22589	22781
C21772T(S:V70V) T21810C(S:V83A)	14	143	0.0979020979020979	21674	21900
T22200A(S:V213E) G22317T(S:G252V)	13	25	0.52	22196	22347
C23854A(S:N764K)	13	16	0.8125	23690	23910
C25416T(ORF3a:F8F) C25480T(ORF3a:R30C)	13	141	0.09219858156028368	25377	25518
A23403G(S:D614G) C23525T(S:H655Y)	12	16	0.75	23325	23561
