Covariants	Count	Max_count	Freq	Coverage_start	Coverage_end
T23599G(S:N679K) C23604A(S:P681H)	84	161	0.5217391304347826	23580	23664
A24424T(S:Q954H) T24469A(S:N969K)	13	17	0.7647058823529411	24410	24488
