Covariants	Count	Max_count	Freq	Coverage_start	Coverage_end
T21810C(S:V83A)	10	28	0.35714285714285715	21798	21849
C23854A(S:N764K)	10	13	0.7692307692307693	23781	23854
