Covariants	Count	Max_count	Freq	Coverage_start	Coverage_end
T21810C(S:V83A)	119	239	0.497907949790795	21765	21817
C25416T(ORF3a:F8F)	118	286	0.4125874125874126	25381	25434
G22317T(S:G252V)	104	208	0.5	22207	22347
(21764,6)(S:DEL69/70)	80	227	0.3524229074889868	21674	21817
A23403G(S:D614G)	68	119	0.5714285714285714	23325	23439
C23525T(S:H655Y) G23562A	58	95	0.6105263157894737	23411	23562
C22295A(S:H245N)	52	196	0.2653061224489796	22207	22347
C25000T(S:D1146D)	42	47	0.8936170212765957	24926	25076
T22882G(S:N440K) G22895C(S:V445P) T22896C(S:V445P) G22898A(S:G446S) T22942G(S:N460K) G22992A(S:S477N) C22995A(S:T478K) A23013C(S:E484A) T23018C(S:F486P) T23019C(S:F486P) T23031C(S:F490S) A23055G(S:Q498R) A23063T(S:N501Y) T23075C(S:Y505H)	39	51	0.7647058823529411	22850	23097
C22674T(S:S371F) T22679C(S:S373P) C22686T(S:S375F) A22688G(S:T376A) G22775A(S:D405N)	37	58	0.6379310344827587	22589	22781
T23385A	34	155	0.21935483870967742	23250	23385
A24424T(S:Q954H) T24469A(S:N969K)	28	44	0.6363636363636364	24388	24621
C23854A(S:N764K)	21	23	0.9130434782608695	23690	23910
A23403G(S:D614G) C23525T(S:H655Y) T23599G(S:N679K) C23604A(S:P681H)	21	24	0.875	23325	23664
A23403G(S:D614G) C23525T(S:H655Y)	19	49	0.3877551020408163	23325	23561
G21987A(S:G142D) (21990,3)(S:DEL144) C22000A(S:H146Q)	17	26	0.6538461538461539	21949	22098
C22664A(S:L368I) C22674T(S:S371F) T22679C(S:S373P) C22686T(S:S375F) A22688G(S:T376A) G22775A(S:D405N)	16	58	0.27586206896551724	22589	22781
A24388T A24424T(S:Q954H) T24469A(S:N969K) A24539G	12	41	0.2926829268292683	24387	24539
T22200G(S:V213G)	10	38	0.2631578947368421	22128	22243
A24652T	10	159	0.06289308176100629	24651	24802
