Covariants	Count	Max_count	Freq	Coverage_start	Coverage_end
C25416T(ORF3a:F8F)	250	298	0.8389261744966443	25381	25434
G22317T(S:G252V)	174	254	0.6850393700787402	22207	22347
C25000T(S:D1146D)	75	79	0.9493670886075949	24926	25076
C23525T(S:H655Y) G23562A	69	95	0.7263157894736842	23411	23562
T21810C(S:V83A)	63	121	0.5206611570247934	21765	21900
A23403G(S:D614G)	54	96	0.5625	23377	23467
T22200A(S:V213E) G22317T(S:G252V)	35	46	0.7608695652173914	22129	22347
C22664A(S:L368I) C22674T(S:S371F) T22679C(S:S373P) C22686T(S:S375F) A22688G(S:T376A) G22775A(S:D405N)	35	35	1.0	22589	22781
T22882G(S:N440K) G22895C(S:V445P) T22896C(S:V445P) G22898A(S:G446S) T22930A(S:F456L) T22942G(S:N460K) G22992A(S:S477N) C22995G(S:T478R) A23013C(S:E484A) T23018C(S:F486P) T23019C(S:F486P) T23031C(S:F490S) A23055G(S:Q498R) A23063T(S:N501Y) T23075C(S:Y505H)	28	70	0.4	22850	23097
T22882G(S:N440K) G22895C(S:V445P) T22896C(S:V445P) G22898A(S:G446S) T22930A(S:F456L) T22942G(S:N460K) G22992A(S:S477N) C22995A(S:T478K) A23013C(S:E484A) T23018C(S:F486P) T23019C(S:F486P) T23031C(S:F490S) A23055G(S:Q498R) A23063T(S:N501Y) T23075C(S:Y505H)	28	70	0.4	22850	23097
G21718T(S:Q52H) T21810C(S:V83A)	28	92	0.30434782608695654	21674	21900
T23385A	26	126	0.20634920634920634	23250	23385
C23525T(S:H655Y)	24	143	0.16783216783216784	23468	23561
C23854A(S:N764K)	24	25	0.96	23690	23910
C25416T(ORF3a:F8F) (25517,'T')(ORF3a:INS43)	24	263	0.09125475285171103	25377	25526
G21987A(S:G142D) (21990,3)(S:DEL144) C22000A(S:H146Q)	20	43	0.46511627906976744	21949	22098
A23403G(S:D614G) C23525T(S:H655Y)	18	42	0.42857142857142855	23325	23561
G21987A(S:G142D) (21990,3)(S:DEL144) C22000A(S:H146Q) A22005C(S:N148T)	16	43	0.37209302325581395	21949	22098
C23601T T23752A(S:S730S)	12	47	0.2553191489361702	23600	23752
G21686T(S:V42F) G21718T(S:Q52H) T21810C(S:V83A)	12	92	0.13043478260869565	21674	21900
A23403G(S:D614G) C23525T(S:H655Y) T23599G(S:N679K) C23604A(S:P681H)	10	14	0.7142857142857143	23325	23663
A24424T(S:Q954H) T24469A(S:N969K)	10	19	0.5263157894736842	24388	24538
