Covariants	Count	Max_count	Freq	Coverage_start	Coverage_end
G22317T(S:G252V)	677	822	0.8236009732360098	22306	22325
C25416T(ORF3a:F8F)	334	506	0.6600790513833992	25377	25421
C23525T(S:H655Y) G23562A	194	217	0.8940092165898618	23411	23562
T21810C(S:V83A)	173	248	0.6975806451612904	21766	21900
A23403G(S:D614G)	146	183	0.7978142076502732	23325	23467
T23385A	120	317	0.3785488958990536	23250	23385
G21987A(S:G142D) (21990,3)(S:DEL144) C22000A(S:H146Q)	55	77	0.7142857142857143	21949	22098
C23601T T23752A(S:S730S)	35	70	0.5	23600	23752
T22200A(S:V213E)	34	63	0.5396825396825397	22129	22243
C23525T(S:H655Y)	26	265	0.09811320754716982	23470	23561
A24388T A24424T(S:Q954H) T24469A(S:N969K) A24539G	22	28	0.7857142857142857	24387	24539
(21764,6)(S:DEL69/70)	22	219	0.1004566210045662	21674	21817
T22200A(S:V213E) G22317T(S:G252V)	22	26	0.8461538461538461	22129	22347
T22882G(S:N440K) G22895C(S:V445P) T22896C(S:V445P) G22898A(S:G446S) T22942G(S:N460K) G22992A(S:S477N) C22995A(S:T478K) A23013C(S:E484A) T23018C(S:F486P) T23019C(S:F486P) T23031C(S:F490S) A23055G(S:Q498R) A23063T(S:N501Y) T23075C(S:Y505H)	20	29	0.6896551724137931	22850	23097
A24694C(S:G1044G)	19	261	0.07279693486590039	24652	24720
A24652T	19	259	0.07335907335907337	24651	24802
C25000T(S:D1146D)	17	26	0.6538461538461539	24927	25076
C25282T(S:C1240C)	16	144	0.1111111111111111	25213	25355
C25390T C25416T(ORF3a:F8F)	15	506	0.029644268774703556	25306	25456
G25395A(ORF3a:M1I) C25416T(ORF3a:F8F)	15	506	0.029644268774703556	25306	25518
A25408T	14	520	0.026923076923076925	25215	25409
A23403G(S:D614G) C23525T(S:H655Y)	13	20	0.65	23325	23561
C25118T(S:L1186F) G25269A	12	31	0.3870967741935484	25117	25269
T23350C(S:S596S) T23385A	10	317	0.031545741324921134	23250	23385
