Covariants	Count	Max_count	Freq	Coverage_start	Coverage_end
T23599G(S:N679K) C23604A(S:P681H)	103	181	0.569060773480663	23579	23664
T24469A(S:N969K)	44	91	0.4835164835164835	24464	24535
T23075C(S:Y505H)	21	24	0.875	23074	23154
T23599G(S:N679K) C23604A(S:P681H) C23664T(S:A701V)	13	173	0.07514450867052024	23579	23672
