Covariants	Count	Max_count	Freq	Coverage_start	Coverage_end
G23948T(S:D796Y)	106	150	0.7066666666666667	23941	23963
C24064T(S:I834I)	56	178	0.3146067415730337	24060	24076
G23948T(S:D796Y) C24064T(S:I834I)	40	116	0.3448275862068966	23942	24068
