Covariants	Count	Max_count	Freq	Coverage_start	Coverage_end
A23403G(S:D614G)	26	73	0.3561643835616438	23379	23404
C22109G(S:Q183E)	13	48	0.2708333333333333	22082	22114
G25234A(S:L1224L)	13	81	0.16049382716049382	25208	25236
