Covariants	Count	Max_count	Freq	Coverage_start	Coverage_end
T23599G(S:N679K) C23604A(S:P681H)	130	404	0.3217821782178218	23579	23663
A24424T(S:Q954H) T24469A(S:N969K)	74	117	0.6324786324786325	24406	24487
C23525T(S:H655Y) T23599G(S:N679K) C23604A(S:P681H)	53	143	0.3706293706293706	23501	23606
T23599G(S:N679K) C23604A(S:P681H) C23664T(S:A701V)	28	231	0.12121212121212122	23593	23678
A24424T(S:Q954H)	25	120	0.20833333333333334	24415	24486
T23487G C23525T(S:H655Y) T23599G(S:N679K) C23604A(S:P681H)	19	119	0.15966386554621848	23486	23607
C25416T(ORF3a:F8F)	15	23	0.6521739130434783	25381	25452
G22813T(S:K417N) T22882G(S:N440K) G22895C(S:V445P) T22896C(S:V445P) G22898A(S:G446S)	12	42	0.2857142857142857	22791	22898
A23403G(S:D614G)	12	93	0.12903225806451613	23270	23406
(23334,1)(S:DEL592)	10	91	0.10989010989010989	23322	23336
