Covariants	Count	Max_count	Freq	Coverage_start	Coverage_end
(21764,6)(S:DEL69/70)	1734	1756	0.9874715261958997	21756	21779
C21618T(S:T19I) (21632,9)(S:DEL25/27) C21646T(S:Y28Y)	1004	1975	0.5083544303797468	21591	21657
C21618T(S:T19I) (21632,9)(S:DEL25/27)	932	1975	0.4718987341772152	21591	21651
