Covariants	Count	Max_count	Freq	Coverage_start	Coverage_end
C25416T(ORF3a:F8F)	133	138	0.9637681159420289	25377	25434
G22317T(S:G252V)	110	125	0.88	22207	22340
C23525T(S:H655Y) G23562A	40	51	0.7843137254901961	23411	23562
T21810C(S:V83A)	22	40	0.55	21764	21900
T23385A	22	61	0.36065573770491804	23250	23385
A23403G(S:D614G)	22	36	0.6111111111111112	23343	23468
C25000T(S:D1146D)	18	21	0.8571428571428571	24926	25076
C22664A(S:L368I) C22674T(S:S371F) T22679C(S:S373P) C22686T(S:S375F) A22688G(S:T376A) G22775A(S:D405N)	15	16	0.9375	22589	22781
