Covariants	Count	Max_count	Freq	Coverage_start	Coverage_end
T23599G(S:N679K) C23604A(S:P681H)	183	429	0.42657342657342656	23593	23664
A24424T(S:Q954H) T24469A(S:N969K)	68	119	0.5714285714285714	24415	24488
C23525T(S:H655Y) T23599G(S:N679K) C23604A(S:P681H)	55	134	0.41044776119402987	23499	23637
C25416T(ORF3a:F8F)	46	82	0.5609756097560976	25383	25453
(25262,1)(S:DEL1235)	28	49	0.5714285714285714	25248	25295
T23487G C23525T(S:H655Y) T23599G(S:N679K) C23604A(S:P681H)	27	121	0.2231404958677686	23486	23607
G22317T(S:G252V)	26	38	0.6842105263157895	22256	22341
(23334,1)(S:DEL592)	26	89	0.29213483146067415	23322	23352
A24424T(S:Q954H)	20	123	0.16260162601626016	24406	24488
(23486,1)(S:DEL643) C23525T(S:H655Y) T23599G(S:N679K) C23604A(S:P681H)	17	121	0.14049586776859505	23471	23607
(24253,1)(S:DEL898)	17	74	0.22972972972972974	24233	24263
(24981,1)(S:DEL1141) C25000T(S:D1146D)	14	21	0.6666666666666666	24849	25004
C23854A(S:N764K)	13	113	0.11504424778761062	23765	23864
T23599G(S:N679K) C23604A(S:P681H) G23621A(S:V687I)	11	425	0.02588235294117647	23579	23700
A23403G(S:D614G)	10	107	0.09345794392523364	23296	23405
C25000T(S:D1146D)	10	35	0.2857142857142857	24984	25065
