Covariants	Count	Max_count	Freq	Coverage_start	Coverage_end
C23854A(S:N764K)	217	318	0.6823899371069182	23822	23854
A23403G(S:D614G)	165	187	0.8823529411764706	23362	23403
C25000T(S:D1146D)	92	120	0.7666666666666667	24991	25000
T21810C(S:V83A)	70	106	0.660377358490566	21808	21812
T23599G(S:N679K) C23604A(S:P681H)	62	174	0.3563218390804598	23597	23676
T23599G(S:N679K) C23604A(S:P681H) C23664T(S:A701V)	41	174	0.23563218390804597	23593	23677
C21618T(S:T19I) (21632,9)(S:DEL25/27)	31	57	0.543859649122807	21613	21654
C23664T(S:A701V) C23854A(S:N764K)	28	145	0.19310344827586207	23652	23854
C23664T(S:A701V)	26	382	0.06806282722513089	23650	23738
T23599G(S:N679K) C23604A(S:P681H) C23854A(S:N764K)	22	38	0.5789473684210527	23593	23854
C23123T(S:P521S)	18	81	0.2222222222222222	23122	23213
C23757T(S:T732I)	16	440	0.03636363636363636	23744	23763
C23757T(S:T732I) C23854A(S:N764K)	16	244	0.06557377049180328	23748	23854
T23599G(S:N679K) C23604A(S:P681H) A23614T(S:A684A) C23757T(S:T732I)	12	126	0.09523809523809523	23593	23757
C21618T(S:T19I) (21632,9)(S:DEL25/27) T21810C(S:V83A)	12	20	0.6	21613	21813
T23599G(S:N679K) C23604A(S:P681H) A23614T(S:A684A)	11	174	0.06321839080459771	23593	23693
C21618T(S:T19I) (21632,9)(S:DEL25/27) G21718T(S:Q52H)	10	48	0.20833333333333334	21613	21762
