Covariants	Count	Max_count	Freq	Coverage_start	Coverage_end
T23599G(S:N679K) C23604A(S:P681H)	114	369	0.3089430894308943	23580	23666
A24424T(S:Q954H) T24469A(S:N969K)	71	139	0.5107913669064749	24415	24487
C23525T(S:H655Y) T23599G(S:N679K) C23604A(S:P681H)	66	193	0.34196891191709844	23505	23607
C25416T(ORF3a:F8F)	38	69	0.5507246376811594	25371	25453
G22317T(S:G252V)	28	40	0.7	22256	22324
T23487G C23525T(S:H655Y) T23599G(S:N679K) C23604A(S:P681H)	28	160	0.175	23486	23607
A24424T(S:Q954H)	25	142	0.176056338028169	24410	24488
(25262,1)(S:DEL1235)	25	86	0.29069767441860467	25248	25286
(23486,1)(S:DEL643) C23525T(S:H655Y) T23599G(S:N679K) C23604A(S:P681H)	22	160	0.1375	23471	23607
A23403G(S:D614G)	21	143	0.14685314685314685	23285	23420
G22813T(S:K417N) T22882G(S:N440K) G22895C(S:V445P) T22896C(S:V445P) G22898A(S:G446S)	19	60	0.31666666666666665	22791	22898
G22813T(S:K417N) T22882G(S:N440K) G22895C(S:V445P) T22896C(S:V445P)	12	73	0.1643835616438356	22791	22897
C23525T(S:H655Y)	12	229	0.05240174672489083	23487	23553
C23854A(S:N764K)	12	129	0.09302325581395349	23681	23860
(23334,1)(S:DEL592)	11	118	0.09322033898305085	23268	23337
