Covariants	Count	Max_count	Freq	Coverage_start	Coverage_end
C21618T(S:T19I) (21632,9)(S:DEL25/27)	1617	1761	0.9182282793867121	21589	21659
A24424T(S:Q954H) T24469A(S:N969K)	668	787	0.8487928843710292	24348	24514
C25000T(S:D1146D)	546	1007	0.5422045680238332	24934	25001
C25416T(ORF3a:F8F)	497	636	0.7814465408805031	25357	25434
G22992A(S:S477N) C22995A(S:T478K) A23013C(S:E484A) T23018C(S:F486P) T23019C(S:F486P) T23031C(S:F490S) A23055G(S:Q498R) A23063T(S:N501Y) T23075C(S:Y505H)	394	781	0.5044814340588989	22978	23105
C25000T(S:D1146D) A25003T(S:S1147S)	300	978	0.3067484662576687	24993	25078
G22992A(S:S477N) C22995A(S:T478K) A23013C(S:E484A) T23018C(S:F486P) T23019C(S:F486P) T23031C(S:F490S) A23055G(S:Q498R) A23063T(S:N501Y) T23075C(S:Y505H) T23269C(S:I569I)	211	749	0.2817089452603471	22978	23286
G22992A(S:S477N) C22995G(S:T478R) A23013C(S:E484A) T23018C(S:F486P) T23019C(S:F486P) T23031C(S:F490S) A23055G(S:Q498R) A23063T(S:N501Y) T23075C(S:Y505H) C23123A(S:P521T)	58	776	0.07474226804123711	22978	23195
T24469A(S:N969K)	48	832	0.057692307692307696	24468	24541
C25416T(ORF3a:F8F) (25440,1)(ORF3a:DEL17)	45	605	0.0743801652892562	25357	25529
A23403G(S:D614G) C23525T(S:H655Y) T23599G(S:N679K) C23604A(S:P681H)	28	39	0.717948717948718	23270	23607
C25416T(ORF3a:F8F) C25584T(ORF3a:T64T)	25	33	0.7575757575757576	25378	25584
C21440T(ORF1b:S2658F) C21618T(S:T19I) (21632,9)(S:DEL25/27)	15	1615	0.009287925696594427	21439	21655
T23269C(S:I569I)	14	838	0.016706443914081145	23185	23323
T23599G(S:N679K) C23604A(S:P681H) C23854A(S:N764K)	12	13	0.9230769230769231	23579	23910
