Covariants	Count	Max_count	Freq	Coverage_start	Coverage_end
C22109G(S:Q183E)	123	137	0.8978102189781022	22108	22111
C22033A(S:F157L)	47	434	0.10829493087557604	22032	22066
G22051A(S:A163A)	25	556	0.044964028776978415	22046	22053
C23280T(S:T573I)	18	1060	0.016981132075471698	23276	23304
G21770A(S:V70I)	14	197	0.07106598984771574	21735	21799
T22942G(S:N460K)	13	32	0.40625	22940	22943
T21810C(S:V83A)	11	12	0.9166666666666666	21776	21813
A22101T(S:E180V)	10	202	0.04950495049504951	22053	22102
T23986C(S:D808D)	10	179	0.055865921787709494	23985	24014
