Covariants	Count	Max_count	Freq	Coverage_start	Coverage_end
C25416T(ORF3a:F8F)	61	63	0.9682539682539683	25381	25434
G22317T(S:G252V)	50	60	0.8333333333333334	22207	22347
T21810C(S:V83A)	17	25	0.68	21765	21900
C23525T(S:H655Y) G23562A	12	19	0.631578947368421	23411	23562
