Covariants	Count	Max_count	Freq	Coverage_start	Coverage_end
C21618T(S:T19I) (21632,9)(S:DEL25/27)	2217	2438	0.9093519278096801	21591	21652
(21764,6)(S:DEL69/70)	1090	1105	0.9864253393665159	21756	21779
G21593T(S:V11F) C21618T(S:T19I) (21632,9)(S:DEL25/27)	165	2438	0.06767842493847416	21591	21662
(21632,9)(S:DEL25/27)	25	2438	0.010254306808859722	21590	21652
