Covariants	Count	Max_count	Freq	Coverage_start	Coverage_end
A24424T(S:Q954H) T24469A(S:N969K)	67	117	0.5726495726495726	24410	24488
T23599G(S:N679K) C23604A(S:P681H)	60	257	0.23346303501945526	23579	23661
C23525T(S:H655Y) T23599G(S:N679K) C23604A(S:P681H)	47	132	0.3560606060606061	23499	23605
A24424T(S:Q954H)	26	118	0.22033898305084745	24406	24488
(23486,1)(S:DEL643) C23525T(S:H655Y) T23599G(S:N679K) C23604A(S:P681H)	21	115	0.1826086956521739	23471	23607
C25416T(ORF3a:F8F)	21	38	0.5526315789473685	25381	25442
T23487G C23525T(S:H655Y) T23599G(S:N679K) C23604A(S:P681H)	13	115	0.11304347826086956	23486	23645
