Covariants	Count	Max_count	Freq	Coverage_start	Coverage_end
T23599G(S:N679K) C23604A(S:P681H)	284	445	0.6382022471910113	23581	23608
A24424T(S:Q954H) T24469A(S:N969K)	160	292	0.547945205479452	24413	24488
(23334,1)(S:DEL592)	96	186	0.5161290322580645	23322	23336
A24424T(S:Q954H)	79	292	0.2705479452054795	24410	24487
(25262,1)(S:DEL1235)	17	19	0.8947368421052632	25248	25325
T23599G(S:N679K) C23604A(S:P681H) (23675,1)(S:DEL706)	11	238	0.046218487394957986	23579	23686
