Covariants	Count	Max_count	Freq	Coverage_start	Coverage_end
C23854A(S:N764K)	11	34	0.3235294117647059	23774	23854
C23757T(S:T732I)	10	52	0.19230769230769232	23687	23778
