Covariants	Count	Max_count	Freq	Coverage_start	Coverage_end
G24558T(S:G999V)	52	178	0.29213483146067415	24557	24593
A23403G(S:D614G)	22	68	0.3235294117647059	23402	23404
