Covariants	Count	Max_count	Freq	Coverage_start	Coverage_end
A24424T(S:Q954H) T24469A(S:N969K)	85	126	0.6746031746031746	24406	24488
T23599G(S:N679K) C23604A(S:P681H)	70	241	0.29045643153526973	23579	23660
C23525T(S:H655Y) T23599G(S:N679K) C23604A(S:P681H)	58	96	0.6041666666666666	23493	23607
T24469A(S:N969K)	29	183	0.15846994535519127	24464	24546
C25416T(ORF3a:F8F)	22	31	0.7096774193548387	25381	25444
G22317T(S:G252V)	18	25	0.72	22242	22324
T23599G(S:N679K) C23604A(S:P681H) C23664T(S:A701V)	17	140	0.12142857142857143	23579	23672
G22813T(S:K417N) T22882G(S:N440K)	15	41	0.36585365853658536	22791	22885
A23403G(S:D614G)	14	58	0.2413793103448276	23268	23444
(25262,1)(S:DEL1235)	14	25	0.56	25248	25263
C25000T(S:D1146D)	13	24	0.5416666666666666	24984	25064
