Covariants	Count	Max_count	Freq	Coverage_start	Coverage_end
C23854A(S:N764K)	2005	2764	0.725397973950796	23830	23854
T23599G(S:N679K) C23604A(S:P681H)	942	1658	0.5681544028950543	23598	23673
T23599G(S:N679K) C23604A(S:P681H) C23854A(S:N764K)	632	663	0.9532428355957768	23598	23854
C23604A(S:P681H)	19	1668	0.011390887290167866	23602	23679
