Covariants	Count	Max_count	Freq	Coverage_start	Coverage_end
G22317T(S:G252V)	120	171	0.7017543859649122	22207	22339
C25416T(ORF3a:F8F)	65	70	0.9285714285714286	25381	25434
T23385A	34	78	0.4358974358974359	23250	23385
A23403G(S:D614G)	33	43	0.7674418604651163	23325	23468
C23525T(S:H655Y) G23562A	30	37	0.8108108108108109	23411	23562
T21810C(S:V83A)	15	40	0.375	21765	21900
C23525T(S:H655Y)	11	59	0.1864406779661017	23419	23553
C22311A(S:T250N) G22317T(S:G252V)	10	171	0.05847953216374269	22207	22347
