Covariants	Count	Max_count	Freq	Coverage_start	Coverage_end
A23403G(S:D614G)	31	96	0.3229166666666667	23378	23404
C22109G(S:Q183E)	12	46	0.2608695652173913	22108	22114
