Covariants	Count	Max_count	Freq	Coverage_start	Coverage_end
G22317T(S:G252V)	38	52	0.7307692307692307	22207	22347
C23525T(S:H655Y) G23562A	24	33	0.7272727272727273	23411	23562
T21810C(S:V83A)	19	43	0.4418604651162791	21765	21900
C25416T(ORF3a:F8F)	15	53	0.2830188679245283	25377	25434
