Covariants	Count	Max_count	Freq	Coverage_start	Coverage_end
G22317T(S:G252V)	493	567	0.8694885361552028	22227	22325
C25416T(ORF3a:F8F)	458	567	0.8077601410934744	25381	25434
C23525T(S:H655Y) G23562A	172	227	0.7577092511013216	23411	23562
T21810C(S:V83A)	129	234	0.5512820512820513	21766	21900
T23385A	96	237	0.4050632911392405	23250	23385
A23403G(S:D614G)	90	131	0.6870229007633588	23331	23468
T21810C(S:V83A) T21880C(S:F106F)	39	189	0.20634920634920634	21794	21900
T23599G(S:N679K) C23604A(S:P681H)	30	42	0.7142857142857143	23514	23664
T22200A(S:V213E)	27	45	0.6	22129	22243
C22664A(S:L368I) C22674T(S:S371F) T22679C(S:S373P) C22686T(S:S375F) A22688G(S:T376A) G22775A(S:D405N)	27	31	0.8709677419354839	22589	22781
T22882G(S:N440K) G22895C(S:V445P) T22896C(S:V445P) G22898A(S:G446S) T22942G(S:N460K) G22992A(S:S477N) C22995A(S:T478K) A23013C(S:E484A) T23018C(S:F486P) T23019C(S:F486P) T23031C(S:F490S) A23055G(S:Q498R) A23063T(S:N501Y) T23075C(S:Y505H)	26	31	0.8387096774193549	22850	23097
G21987A(S:G142D) (21990,3)(S:DEL144) C22000A(S:H146Q)	26	31	0.8387096774193549	21958	22098
C23525T(S:H655Y)	24	293	0.08191126279863481	23463	23561
C25000T(S:D1146D)	21	28	0.75	24926	25073
A24652T	20	188	0.10638297872340426	24651	24802
A23403G(S:D614G) C23525T(S:H655Y)	20	24	0.8333333333333334	23325	23561
A24424T(S:Q954H) T24469A(S:N969K)	19	45	0.4222222222222222	24388	24534
A24388T A24424T(S:Q954H) T24469A(S:N969K) A24539G	13	32	0.40625	24387	24539
A23403G(S:D614G) C23410T(S:N616N)	11	131	0.08396946564885496	23250	23468
C23601T T23752A(S:S730S)	10	46	0.21739130434782608	23600	23752
C23854A(S:N764K)	10	12	0.8333333333333334	23690	23910
