Covariants	Count	Max_count	Freq	Coverage_start	Coverage_end
T23599G(S:N679K) C23604A(S:P681H)	450	1108	0.40613718411552346	23580	23660
A24424T(S:Q954H) T24469A(S:N969K)	156	245	0.636734693877551	24410	24487
C23525T(S:H655Y) T23599G(S:N679K) C23604A(S:P681H)	108	350	0.30857142857142855	23505	23605
C25416T(ORF3a:F8F)	58	105	0.5523809523809524	25381	25443
(23486,1)(S:DEL643) C23525T(S:H655Y) T23599G(S:N679K) C23604A(S:P681H)	54	293	0.18430034129692832	23471	23607
A23403G(S:D614G)	53	335	0.1582089552238806	23351	23405
(25262,1)(S:DEL1235)	44	116	0.3793103448275862	25248	25263
T24469A(S:N969K)	38	351	0.10826210826210826	24464	24541
A24424T(S:Q954H)	37	248	0.14919354838709678	24413	24487
T23487G C23525T(S:H655Y) T23599G(S:N679K) C23604A(S:P681H)	37	294	0.12585034013605442	23486	23607
C25000T(S:D1146D)	32	111	0.2882882882882883	24992	25004
G22813T(S:K417N) T22882G(S:N440K) G22895C(S:V445P) T22896C(S:V445P) G22898A(S:G446S)	29	104	0.27884615384615385	22791	22898
(23334,1)(S:DEL592)	23	271	0.08487084870848709	23322	23336
T23599G(S:N679K) C23604A(S:P681H) C23664T(S:A701V)	22	715	0.03076923076923077	23579	23666
C23854A(S:N764K)	22	214	0.102803738317757	23794	23861
C23525T(S:H655Y)	19	475	0.04	23485	23551
G22813T(S:K417N) T22882G(S:N440K)	16	146	0.1095890410958904	22791	22883
G22813T(S:K417N) T22882G(S:N440K) G22895C(S:V445P) T22896C(S:V445P)	15	124	0.12096774193548387	22791	22896
G22317T(S:G252V)	14	28	0.5	22242	22325
G22813T(S:K417N) T22882G(S:N440K) G22895C(S:V445P) T22896C(S:V445P) G22898A(S:G446S) T22942G(S:N460K)	13	64	0.203125	22800	22968
(24981,1)(S:DEL1141) C25000T(S:D1146D)	11	83	0.13253012048192772	24835	25020
(23334,1)(S:DEL592) A23403G(S:D614G)	10	219	0.045662100456621	23322	23408
