Covariants	Count	Max_count	Freq	Coverage_start	Coverage_end
A22320G(S:D253G)	36	78	0.46153846153846156	22319	22324
T22942G(S:N460K)	28	42	0.6666666666666666	22940	22942
C22033A(S:F157L)	24	113	0.21238938053097345	22032	22067
C22109G(S:Q183E)	23	93	0.24731182795698925	22108	22110
A23403G(S:D614G)	17	53	0.32075471698113206	23379	23404
