Covariants	Count	Max_count	Freq	Coverage_start	Coverage_end
T23599G(S:N679K) C23604A(S:P681H)	184	732	0.25136612021857924	23580	23661
A24424T(S:Q954H) T24469A(S:N969K)	133	198	0.6717171717171717	24416	24488
C23525T(S:H655Y) T23599G(S:N679K) C23604A(S:P681H)	133	338	0.39349112426035504	23505	23607
C25416T(ORF3a:F8F)	76	128	0.59375	25381	25446
(25262,1)(S:DEL1235)	65	163	0.3987730061349693	25248	25263
(23486,1)(S:DEL643) C23525T(S:H655Y) T23599G(S:N679K) C23604A(S:P681H)	56	311	0.18006430868167203	23471	23607
C23854A(S:N764K)	51	227	0.22466960352422907	23765	23858
A23403G(S:D614G)	44	204	0.21568627450980393	23322	23404
G22317T(S:G252V)	32	46	0.6956521739130435	22242	22323
T23599G(S:N679K) C23604A(S:P681H) C23673T(S:S704L)	30	336	0.08928571428571429	23579	23694
T24469A(S:N969K)	25	281	0.08896797153024912	24464	24565
G22813T(S:K417N) T22882G(S:N440K) G22895C(S:V445P) T22896C(S:V445P) G22898A(S:G446S)	24	101	0.2376237623762376	22803	22898
T23487G C23525T(S:H655Y) T23599G(S:N679K) C23604A(S:P681H)	23	311	0.07395498392282958	23486	23645
C23525T(S:H655Y)	22	426	0.051643192488262914	23471	23551
G22813T(S:K417N) T22882G(S:N440K) G22895C(S:V445P) T22896C(S:V445P) G22898A(S:G446S) T22942G(S:N460K)	21	61	0.3442622950819672	22791	22944
(23334,1)(S:DEL592)	17	168	0.10119047619047619	23322	23336
(24981,1)(S:DEL1141) C25000T(S:D1146D)	17	67	0.2537313432835821	24849	25016
C25000T(S:D1146D)	17	90	0.18888888888888888	24985	25068
T23599G(S:N679K) C23604A(S:P681H) C23638T(S:I692I)	15	715	0.02097902097902098	23579	23668
T23599G(S:N679K) C23604A(S:P681H) (23664,2)(S:DEL702)	10	362	0.027624309392265192	23579	23666
G22813T(S:K417N) T22882G(S:N440K)	10	124	0.08064516129032258	22791	22888
T22200A(S:V213E)	10	15	0.6666666666666666	22117	22208
