Covariants	Count	Max_count	Freq	Coverage_start	Coverage_end
T23599G(S:N679K) C23604A(S:P681H)	91	266	0.34210526315789475	23582	23645
A24424T(S:Q954H) T24469A(S:N969K)	76	113	0.672566371681416	24410	24488
T24469A(S:N969K)	69	243	0.2839506172839506	24464	24535
C23525T(S:H655Y) T23599G(S:N679K) C23604A(S:P681H)	51	119	0.42857142857142855	23505	23607
(25262,1)(S:DEL1235)	40	140	0.2857142857142857	25248	25316
C23854A(S:N764K)	26	177	0.14689265536723164	23682	23858
C25416T(ORF3a:F8F)	23	86	0.26744186046511625	25381	25452
A23403G(S:D614G)	20	109	0.1834862385321101	23288	23429
C25000T(S:D1146D)	20	56	0.35714285714285715	24991	25000
C23525T(S:H655Y)	13	164	0.07926829268292683	23471	23553
A24424T(S:Q954H)	10	115	0.08695652173913043	24406	24425
