Covariants	Count	Max_count	Freq	Coverage_start	Coverage_end
T23599G(S:N679K) C23604A(S:P681H)	178	480	0.37083333333333335	23579	23659
A24424T(S:Q954H) T24469A(S:N969K)	106	179	0.5921787709497207	24416	24487
C23525T(S:H655Y) T23599G(S:N679K) C23604A(S:P681H)	79	214	0.3691588785046729	23505	23607
(23486,1)(S:DEL643) C23525T(S:H655Y) T23599G(S:N679K) C23604A(S:P681H)	55	190	0.2894736842105263	23473	23607
A24424T(S:Q954H)	28	180	0.15555555555555556	24407	24486
T23487G C23525T(S:H655Y) T23599G(S:N679K) C23604A(S:P681H)	20	193	0.10362694300518134	23486	23607
A23403G(S:D614G)	17	101	0.16831683168316833	23268	23444
C23525T(S:H655Y)	16	247	0.06477732793522267	23471	23551
C25416T(ORF3a:F8F)	16	31	0.5161290322580645	25381	25452
(25262,1)(S:DEL1235) T25316C(S:S1252P)	15	26	0.5769230769230769	25248	25323
C25000T(S:D1146D)	13	34	0.38235294117647056	24984	25064
G22813T(S:K417N) T22882G(S:N440K)	11	48	0.22916666666666666	22791	22886
(24253,1)(S:DEL898)	11	44	0.25	24217	24262
C23854A(S:N764K)	10	155	0.06451612903225806	23754	23861
