Covariants	Count	Max_count	Freq	Coverage_start	Coverage_end
T24469A	75	81	0.9259259259259259	24468	24715
T22283C(S:L241L)	19	3301	0.005755831566192063	22279	22325
T22321C(S:D253D)	11	3302	0.003331314354936402	22279	22325
A22481G(S:T307A)	10	236	0.0423728813559322	22480	22538
