Covariants	Count	Max_count	Freq	Coverage_start	Coverage_end
T23599G(S:N679K) C23604A(S:P681H)	162	336	0.48214285714285715	23582	23645
A24424T(S:Q954H) T24469A(S:N969K)	30	39	0.7692307692307693	24406	24486
(23486,1)(S:DEL643) C23525T(S:H655Y) T23599G(S:N679K) C23604A(S:P681H)	21	50	0.42	23471	23645
