Covariants	Count	Max_count	Freq	Coverage_start	Coverage_end
T23599G(S:N679K) C23604A(S:P681H)	144	262	0.549618320610687	23579	23664
T24469A(S:N969K)	26	84	0.30952380952380953	24464	24545
A24424T(S:Q954H) T24469A(S:N969K)	16	41	0.3902439024390244	24406	24486
C23525T(S:H655Y) T23599G(S:N679K) C23604A(S:P681H)	14	47	0.2978723404255319	23505	23607
A24424T(S:Q954H)	11	41	0.2682926829268293	24406	24488
T23487G C23525T(S:H655Y) T23599G(S:N679K) C23604A(S:P681H)	10	35	0.2857142857142857	23486	23604
