Covariants	Count	Max_count	Freq	Coverage_start	Coverage_end
T23599G(S:N679K) C23604A(S:P681H)	185	441	0.41950113378684806	23579	23660
C23525T(S:H655Y) T23599G(S:N679K) C23604A(S:P681H)	26	92	0.2826086956521739	23485	23607
A24424T(S:Q954H) T24469A(S:N969K)	24	57	0.42105263157894735	24406	24488
T23599G(S:N679K) C23604A(S:P681H) A23670T(S:N703I)	21	285	0.07368421052631578	23579	23684
A24424T(S:Q954H)	16	57	0.2807017543859649	24406	24488
(23486,1)(S:DEL643) C23525T(S:H655Y) T23599G(S:N679K) C23604A(S:P681H)	15	78	0.19230769230769232	23471	23645
T23487G C23525T(S:H655Y) T23599G(S:N679K) C23604A(S:P681H)	11	78	0.14102564102564102	23486	23607
(23334,1)(S:DEL592)	10	47	0.2127659574468085	23322	23336
