Covariants	Count	Max_count	Freq	Coverage_start	Coverage_end
C21618T(S:T19I) (21632,9)(S:DEL25/27)	47	64	0.734375	21613	21654
T21810C(S:V83A)	28	56	0.5	21809	21813
A23403G(S:D614G)	21	36	0.5833333333333334	23350	23403
