Covariants	Count	Max_count	Freq	Coverage_start	Coverage_end
G22317T(S:G252V)	34	82	0.4146341463414634	22207	22347
C25416T(ORF3a:F8F)	30	61	0.4918032786885246	25377	25434
C23525T(S:H655Y) G23562A	27	28	0.9642857142857143	23410	23562
T23385A	20	44	0.45454545454545453	23250	23385
T21810C(S:V83A)	17	44	0.38636363636363635	21765	21900
G22331A(S:G257S)	17	82	0.2073170731707317	22207	22446
T22200A(S:V213E) G22317T(S:G252V)	15	19	0.7894736842105263	22129	22347
C25000T(S:D1146D)	15	20	0.75	24829	25076
A25351G(S:P1263P) C25416T(ORF3a:F8F)	15	38	0.39473684210526316	25306	25455
(21764,6)(S:DEL69/70)	11	34	0.3235294117647059	21674	21806
