Covariants	Count	Max_count	Freq	Coverage_start	Coverage_end
T23599G(S:N679K) C23604A(S:P681H)	51	172	0.29651162790697677	23580	23660
A24424T(S:Q954H) T24469A(S:N969K)	28	52	0.5384615384615384	24410	24488
G23587T(S:Q675H) T23599G(S:N679K) C23604A(S:P681H)	25	169	0.14792899408284024	23579	23662
(23486,1)(S:DEL643) C23525T(S:H655Y) T23599G(S:N679K) C23604A(S:P681H)	18	46	0.391304347826087	23471	23607
A24424T(S:Q954H)	11	52	0.21153846153846154	24406	24488
A23403G(S:D614G)	10	47	0.2127659574468085	23268	23434
C23525T(S:H655Y) T23599G(S:N679K) C23604A(S:P681H)	10	54	0.18518518518518517	23485	23607
