Covariants	Count	Max_count	Freq	Coverage_start	Coverage_end
C25416T(ORF3a:F8F)	37	69	0.5362318840579711	25377	25457
C22674T(S:S371F) T22679C(S:S373P) C22686T(S:S375F) A22688G(S:T376A) G22775A(S:D405N)	32	35	0.9142857142857143	22589	22781
A23403G(S:D614G)	23	43	0.5348837209302325	23325	23468
(21764,6)(S:DEL69/70)	21	22	0.9545454545454546	21674	21811
G22317T(S:G252V)	16	43	0.37209302325581395	22207	22347
A23403G(S:D614G) C23525T(S:H655Y)	12	17	0.7058823529411765	23325	23561
