Covariants	Count	Max_count	Freq	Coverage_start	Coverage_end
C25416T(ORF3a:F8F)	13	21	0.6190476190476191	25371	25452
A24424T(S:Q954H) T24469A(S:N969K)	12	14	0.8571428571428571	24406	24488
