Covariants	Count	Max_count	Freq	Coverage_start	Coverage_end
A23403G(S:D614G)	16	48	0.3333333333333333	23402	23404
C22109G(S:Q183E)	10	35	0.2857142857142857	22066	22114
