Covariants	Count	Max_count	Freq	Coverage_start	Coverage_end
A22320G(S:D253G)	208	380	0.5473684210526316	22318	22320
T22200A(S:V213E)	104	162	0.6419753086419753	22199	22219
T22200A(S:V213E) A22320G(S:D253G)	32	121	0.2644628099173554	22193	22323
G21987A(S:G142D) (21990,3)(S:DEL144) C22000A(S:H146Q) C22109G(S:Q183E)	12	30	0.4	21968	22112
G21987A(S:G142D) (21990,3)(S:DEL144) C22000A(S:H146Q)	10	42	0.23809523809523808	21945	22009
