Covariants	Count	Max_count	Freq	Coverage_start	Coverage_end
T23599G(S:N679K) C23604A(S:P681H)	109	262	0.41603053435114506	23580	23666
A24424T(S:Q954H) T24469A(S:N969K)	70	119	0.5882352941176471	24413	24488
C23525T(S:H655Y) T23599G(S:N679K) C23604A(S:P681H)	35	68	0.5147058823529411	23499	23636
C25416T(ORF3a:F8F)	30	56	0.5357142857142857	25381	25453
C23854A(S:N764K)	18	97	0.18556701030927836	23765	23861
T23599G(S:N679K) C23604A(S:P681H) C23705T(S:P715S)	14	161	0.08695652173913043	23579	23728
T24469A(S:N969K)	14	169	0.08284023668639054	24464	24579
A24424T(S:Q954H)	13	123	0.10569105691056911	24406	24425
G22317T(S:G252V)	11	19	0.5789473684210527	22242	22333
(25262,1)(S:DEL1235)	11	41	0.2682926829268293	25248	25295
A23403G(S:D614G)	10	72	0.1388888888888889	23268	23444
C23525T(S:H655Y)	10	117	0.08547008547008547	23471	23540
