Covariants	Count	Max_count	Freq	Coverage_start	Coverage_end
A24424T(S:Q954H) T24469A(S:N969K)	17	26	0.6538461538461539	24407	24488
C23525T(S:H655Y) T23599G(S:N679K) C23604A(S:P681H)	14	21	0.6666666666666666	23485	23607
