Covariants	Count	Max_count	Freq	Coverage_start	Coverage_end
A23403G(S:D614G)	139	152	0.9144736842105263	23367	23403
C23854A(S:N764K)	87	106	0.8207547169811321	23811	23854
C23123T(S:P521S)	39	59	0.6610169491525424	23121	23196
T23599G(S:N679K) C23604A(S:P681H)	36	51	0.7058823529411765	23593	23693
C25000T(S:D1146D)	32	35	0.9142857142857143	24991	25000
T23599G(S:N679K) C23604A(S:P681H) C23854A(S:N764K)	13	14	0.9285714285714286	23598	23854
