Covariants	Count	Max_count	Freq	Coverage_start	Coverage_end
C23854A(S:N764K)	42	54	0.7777777777777778	23798	23854
A23403G(S:D614G)	39	44	0.8863636363636364	23367	23403
T21810C(S:V83A)	31	63	0.49206349206349204	21803	21817
C21618T(S:T19I) (21632,9)(S:DEL25/27)	23	42	0.5476190476190477	21615	21654
C21618T(S:T19I) (21632,9)(S:DEL25/27) T21810C(S:V83A)	12	19	0.631578947368421	21612	21812
T23599G(S:N679K) C23604A(S:P681H)	12	23	0.5217391304347826	23593	23720
C25000T(S:D1146D)	11	12	0.9166666666666666	24970	25000
