Covariants	Count	Max_count	Freq	Coverage_start	Coverage_end
C25416T(ORF3a:F8F)	669	923	0.7248104008667389	25381	25420
G22317T(S:G252V)	502	634	0.7917981072555205	22207	22329
C23525T(S:H655Y) G23562A	231	274	0.843065693430657	23411	23562
T21810C(S:V83A)	194	379	0.5118733509234829	21765	21825
A23403G(S:D614G)	136	185	0.7351351351351352	23376	23439
T23385A	127	325	0.39076923076923076	23250	23385
(21764,6)(S:DEL69/70)	97	361	0.26869806094182824	21674	21817
C25000T(S:D1146D)	48	61	0.7868852459016393	24926	25076
T22882G(S:N440K) G22895C(S:V445P) T22896C(S:V445P) G22898A(S:G446S) T22942G(S:N460K) G22992A(S:S477N) C22995A(S:T478K) A23013C(S:E484A) T23018C(S:F486P) T23019C(S:F486P) T23031C(S:F490S) A23055G(S:Q498R) A23063T(S:N501Y) T23075C(S:Y505H)	45	65	0.6923076923076923	22850	23097
C23601T T23752A(S:S730S)	43	130	0.33076923076923076	23600	23752
A23403G(S:D614G) C23525T(S:H655Y)	37	40	0.925	23325	23560
G21987A(S:G142D) (21990,3)(S:DEL144) C22000A(S:H146Q)	33	48	0.6875	21949	22098
A24424T(S:Q954H) T24469A(S:N969K)	31	72	0.4305555555555556	24389	24537
C23525T(S:H655Y) T23599G(S:N679K) C23604A(S:P681H)	27	33	0.8181818181818182	23513	23664
C23525T(S:H655Y)	27	355	0.07605633802816901	23413	23557
C23854A(S:N764K)	26	32	0.8125	23690	23910
C22664A(S:L368I) C22674T(S:S371F) T22679C(S:S373P) C22686T(S:S375F) A22688G(S:T376A) G22775A(S:D405N)	23	42	0.5476190476190477	22589	22781
A24652T	22	313	0.07028753993610223	24651	24802
C25416T(ORF3a:F8F) T25446C(ORF3a:G18G) G25447A(ORF3a:E19K)	22	853	0.02579132473622509	25377	25457
A24388T A24424T(S:Q954H) T24469A(S:N969K) A24539G	21	59	0.3559322033898305	24387	24539
T22200A(S:V213E) G22317T(S:G252V)	18	22	0.8181818181818182	22129	22347
T22200A(S:V213E)	17	54	0.3148148148148148	22128	22243
T23752A(S:S730S)	14	163	0.08588957055214724	23601	23752
C22674T(S:S371F) T22679C(S:S373P) C22686T(S:S375F) A22688G(S:T376A) G22775A(S:D405N)	13	42	0.30952380952380953	22589	22781
C23601T	12	187	0.06417112299465241	23600	23751
G22299A(S:R246K) G22317T(S:G252V)	12	625	0.0192	22206	22347
C21618T(S:T19I) (21632,9)(S:DEL25/27)	12	13	0.9230769230769231	21573	21725
G22316A(S:G252I) G22317T(S:G252I)	11	634	0.017350157728706624	22207	22347
G25290T(S:C1243F)	10	202	0.04950495049504951	25215	25355
T21810C(S:V83A) T21856C(S:S98S)	10	267	0.03745318352059925	21765	21900
