Covariants	Count	Max_count	Freq	Coverage_start	Coverage_end
C23525T(S:H655Y) T23599G(S:N679K) C23604A(S:P681H)	24	56	0.42857142857142855	23505	23605
A24424T(S:Q954H) T24469A(S:N969K)	22	38	0.5789473684210527	24406	24488
T23599G(S:N679K) C23604A(S:P681H)	14	86	0.16279069767441862	23579	23668
A24424T(S:Q954H)	11	38	0.2894736842105263	24410	24488
(23334,1)(S:DEL592)	10	45	0.2222222222222222	23273	23357
