Covariants	Count	Max_count	Freq	Coverage_start	Coverage_end
T23599G(S:N679K) C23604A(S:P681H)	983	2105	0.4669833729216152	23581	23661
A24424T(S:Q954H) T24469A(S:N969K)	353	599	0.5893155258764607	24417	24486
C23525T(S:H655Y) T23599G(S:N679K) C23604A(S:P681H)	224	614	0.36482084690553745	23505	23607
T24469A(S:N969K)	130	900	0.14444444444444443	24464	24535
(23486,1)(S:DEL643) C23525T(S:H655Y) T23599G(S:N679K) C23604A(S:P681H)	119	541	0.2199630314232902	23478	23607
C25416T(ORF3a:F8F)	96	174	0.5517241379310345	25381	25439
A24424T(S:Q954H)	94	603	0.1558872305140962	24415	24487
C23525T(S:H655Y)	89	801	0.1111111111111111	23485	23551
C23854A(S:N764K)	77	520	0.14807692307692308	23793	23857
A23403G(S:D614G)	71	470	0.15106382978723404	23342	23405
(25262,1)(S:DEL1235)	70	273	0.2564102564102564	25248	25281
G22813T(S:K417N) T22882G(S:N440K) G22895C(S:V445P) T22896C(S:V445P) G22898A(S:G446S)	55	195	0.28205128205128205	22801	22898
C25000T(S:D1146D)	46	197	0.233502538071066	24984	25069
G22813T(S:K417N) T22882G(S:N440K) G22895C(S:V445P) T22896C(S:V445P) G22898A(S:G446S) T22942G(S:N460K)	38	103	0.36893203883495146	22791	22942
G22317T(S:G252V)	33	45	0.7333333333333333	22242	22319
(23334,1)(S:DEL592)	31	371	0.08355795148247978	23323	23336
T23075C(S:Y505H)	30	61	0.4918032786885246	23074	23154
T23487G(S:V642G) C23525T(S:H655Y) T23599G(S:N679K) C23604A(S:P681H)	26	544	0.04779411764705882	23486	23607
(23334,1)(S:DEL592) A23403G(S:D614G)	24	317	0.07570977917981073	23322	23404
T22200A(S:V213E)	22	32	0.6875	22117	22208
G22813T(S:K417N) T22882G(S:N440K) G22895C(S:V445P) T22896C(S:V445P)	18	227	0.07929515418502203	22791	22896
G22813T(S:K417N) T22882G(S:N440K)	14	245	0.05714285714285714	22791	22886
(24981,1)(S:DEL1141) C25000T(S:D1146D)	14	126	0.1111111111111111	24874	25009
(24320,1)(S:DEL921)	11	120	0.09166666666666666	24217	24321
A23403G(S:D614G) C23525T(S:H655Y)	11	59	0.1864406779661017	23351	23532
T24469A(S:N969K) (24672,1)(S:DEL1038)	10	169	0.05917159763313609	24464	24673
