Covariants	Count	Max_count	Freq	Coverage_start	Coverage_end
T23599G(S:N679K) C23604A(S:P681H)	275	557	0.49371633752244165	23581	23664
A24424T(S:Q954H) T24469A(S:N969K)	43	72	0.5972222222222222	24413	24487
C23525T(S:H655Y) T23599G(S:N679K) C23604A(S:P681H)	39	143	0.2727272727272727	23516	23607
C25416T(ORF3a:F8F)	28	62	0.45161290322580644	25385	25451
C23854A(S:N764K)	19	168	0.1130952380952381	23681	23860
T23487G C23525T(S:H655Y) T23599G(S:N679K) C23604A(S:P681H)	18	118	0.15254237288135594	23486	23607
A23403G(S:D614G)	17	134	0.12686567164179105	23333	23432
(23486,1)(S:DEL643) C23525T(S:H655Y) T23599G(S:N679K) C23604A(S:P681H)	13	118	0.11016949152542373	23471	23645
(23334,1)(S:DEL592)	12	92	0.13043478260869565	23322	23336
A24424T(S:Q954H)	12	77	0.15584415584415584	24406	24488
T23075C(S:Y505H)	11	24	0.4583333333333333	23074	23154
T24469A(S:N969K)	11	122	0.09016393442622951	24464	24560
(24981,1)(S:DEL1141) C25000T(S:D1146D)	11	27	0.4074074074074074	24849	25002
