Covariants	Count	Max_count	Freq	Coverage_start	Coverage_end
C22674T(S:S371F) T22679C(S:S373P) C22686T(S:S375F) A22688G(S:T376A) G22775A(S:D405N)	133	142	0.9366197183098591	22659	22781
G25352T(S:V1264L)	91	205	0.44390243902439025	25306	25404
T22882G(S:N440K) A22893C(S:K444T) T22917G(S:L452R) T22942A(S:N460K) G22992A(S:S477N) C22995A(S:T478K) A23013C(S:E484A) T23018G(S:F486V) A23055G(S:Q498R) A23063T(S:N501Y) T23075C(S:Y505H)	64	111	0.5765765765765766	22853	23095
A24424T(S:Q954H) T24469A(S:N969K)	56	70	0.8	24388	24537
C25000T(S:D1146D)	52	63	0.8253968253968254	24926	25041
(21764,6)(S:DEL69/70) C21855T(S:S98F)	34	57	0.5964912280701754	21674	21900
A23362G(S:P600P) A23403G(S:D614G) C23525T(S:H655Y)	33	77	0.42857142857142855	23325	23561
C23854A(S:N764K)	33	42	0.7857142857142857	23690	23910
T22200G(S:V213G)	30	32	0.9375	22129	22243
A23403G(S:D614G) C23525T(S:H655Y)	26	77	0.33766233766233766	23325	23561
A23403G(S:D614G)	25	104	0.2403846153846154	23325	23468
C23525T(S:H655Y)	22	117	0.18803418803418803	23439	23561
T22882G(S:N440K) A22893C(S:K444T) T22917G(S:L452R) G22992A(S:S477N) C22995A(S:T478K) A23013C(S:E484A) T23018G(S:F486V) A23055G(S:Q498R) A23063T(S:N501Y) T23075C(S:Y505H)	17	111	0.15315315315315314	22853	23097
C22674T(S:S371F) T22679C(S:S373P) C22686T(S:S375F) A22688G(S:T376A)	15	164	0.09146341463414634	22589	22736
(21764,6)(S:DEL69/70)	12	72	0.16666666666666666	21675	21808
G21987A(S:G142D)	12	21	0.5714285714285714	21949	22098
T23385A	12	117	0.10256410256410256	23250	23385
