Covariants	Count	Max_count	Freq	Coverage_start	Coverage_end
G22317T(S:G252V)	108	181	0.5966850828729282	22307	22347
C25416T(ORF3a:F8F)	55	144	0.3819444444444444	25381	25434
(21764,6)(S:DEL69/70)	47	84	0.5595238095238095	21674	21817
T22882G(S:N440K) G22895C(S:V445P) T22896C(S:V445P) G22898A(S:G446S) T22942G(S:N460K) G22992A(S:S477N) C22995A(S:T478K) A23013C(S:E484A) T23018C(S:F486P) T23019C(S:F486P) T23031C(S:F490S) A23055G(S:Q498R) A23063T(S:N501Y) T23075C(S:Y505H)	36	77	0.4675324675324675	22850	23097
A23403G(S:D614G)	36	67	0.5373134328358209	23367	23468
C22674T(S:S371F) T22679C(S:S373P) C22686T(S:S375F) A22688G(S:T376A) C22747T(S:V395V) G22775A(S:D405N)	33	66	0.5	22660	22781
C25000T(S:D1146D)	30	37	0.8108108108108109	24926	25033
T22882G(S:N440K) A22893G(S:K444R) T22917G(S:L452R) G22992A(S:S477N) C22995A(S:T478K) A23013C(S:E484A) T23018G(S:F486V) A23055G(S:Q498R) A23063T(S:N501Y) T23075C(S:Y505H)	28	77	0.36363636363636365	22850	23097
C23525T(S:H655Y)	24	85	0.2823529411764706	23465	23561
T21810C(S:V83A)	23	86	0.26744186046511625	21765	21893
C25413T(ORF3a:I7I) C25416T(ORF3a:F8F)	19	144	0.13194444444444445	25377	25434
T23599G(S:N679K) C23604A(S:P681H)	16	33	0.48484848484848486	23514	23664
C23854A(S:N764K)	15	16	0.9375	23690	23910
T22200A(S:V213E) G22317T(S:G252V)	14	21	0.6666666666666666	22129	22347
A23403G(S:D614G) C23525T(S:H655Y)	14	29	0.4827586206896552	23325	23561
C23525T(S:H655Y) G23562A	13	46	0.2826086956521739	23411	23562
G21746A(S:V62I) (21764,6)(S:DEL69/70)	13	78	0.16666666666666666	21674	21786
G22599C(S:R346T) C22674T(S:S371F) T22679C(S:S373P) C22686T(S:S375F) A22688G(S:T376A) G22775A(S:D405N)	12	62	0.1935483870967742	22589	22781
(25409,'A')(ORF3a:INS7)	12	144	0.08333333333333333	25377	25455
A23403G(S:D614G) C23525T(S:H655Y) T23599G(S:N679K) C23604A(S:P681H)	11	15	0.7333333333333333	23325	23664
T22200G(S:V213G)	10	26	0.38461538461538464	22129	22243
C22664A(S:L368I) C22674T(S:S371F) T22679C(S:S373P) C22686T(S:S375F) A22688G(S:T376A) G22775A(S:D405N)	10	65	0.15384615384615385	22589	22781
