Covariants	Count	Max_count	Freq	Coverage_start	Coverage_end
T23599G(S:N679K) C23604A(S:P681H)	337	973	0.34635149023638234	23580	23664
A24424T(S:Q954H) T24469A(S:N969K)	159	254	0.6259842519685039	24415	24488
C23525T(S:H655Y) T23599G(S:N679K) C23604A(S:P681H)	113	455	0.24835164835164836	23505	23604
T23488C(S:V642V) C23525T(S:H655Y) T23599G(S:N679K) C23604A(S:P681H)	78	409	0.19070904645476772	23485	23607
C25416T(ORF3a:F8F)	53	93	0.5698924731182796	25385	25452
(23486,1)(S:DEL643) C23525T(S:H655Y) T23599G(S:N679K) C23604A(S:P681H)	49	404	0.12128712871287128	23471	23607
C23854A(S:N764K)	41	243	0.16872427983539096	23790	23861
(25262,1)(S:DEL1235)	33	130	0.25384615384615383	25248	25263
A23403G(S:D614G)	31	260	0.11923076923076924	23342	23455
T24469A(S:N969K)	25	336	0.0744047619047619	24464	24541
A24424T(S:Q954H)	24	266	0.09022556390977443	24406	24425
G22317T(S:G252V)	22	46	0.4782608695652174	22242	22333
T23487G C23525T(S:H655Y) T23599G(S:N679K) C23604A(S:P681H)	21	406	0.05172413793103448	23486	23607
G22813T(S:K417N) T22882G(S:N440K) G22895C(S:V445P) T22896C(S:V445P) G22898A(S:G446S)	21	74	0.28378378378378377	22791	22898
C25000T(S:D1146D)	16	75	0.21333333333333335	24984	25069
G22813T(S:K417N) T22882G(S:N440K) G22895C(S:V445P) T22896C(S:V445P) G22898A(S:G446S) T22942G(S:N460K)	16	44	0.36363636363636365	22803	22942
(23334,1)(S:DEL592) A23403G(S:D614G)	12	176	0.06818181818181818	23322	23416
C23525T(S:H655Y)	12	589	0.02037351443123939	23471	23553
(23334,1)(S:DEL592)	12	206	0.05825242718446602	23322	23336
(24253,1)(S:DEL898)	12	79	0.1518987341772152	24217	24301
(24981,1)(S:DEL1141) C25000T(S:D1146D)	11	57	0.19298245614035087	24907	25000
T23599G(S:N679K) C23604A(S:P681H) G23611A(S:R683R)	11	956	0.011506276150627616	23579	23666
T23075C(S:Y505H)	11	33	0.3333333333333333	23074	23156
A23403G(S:D614G) T23488C(S:V642V) C23525T(S:H655Y)	11	81	0.13580246913580246	23339	23532
T23335C A23403G(S:D614G)	10	176	0.056818181818181816	23334	23420
C21618T(S:T19I) (21632,9)(S:DEL25/27)	10	23	0.43478260869565216	21596	21659
