Covariants	Count	Max_count	Freq	Coverage_start	Coverage_end
C22109G(S:Q183E)	15	17	0.8823529411764706	22066	22113
A22101T(S:E180V)	10	33	0.30303030303030304	22056	22103
