Covariants	Count	Max_count	Freq	Coverage_start	Coverage_end
T23599G(S:N679K) C23604A(S:P681H)	307	592	0.518581081081081	23587	23666
A24424T(S:Q954H) T24469A(S:N969K)	89	158	0.5632911392405063	24406	24488
C23525T(S:H655Y) T23599G(S:N679K) C23604A(S:P681H)	37	133	0.2781954887218045	23501	23607
(23486,1)(S:DEL643) C23525T(S:H655Y) T23599G(S:N679K) C23604A(S:P681H)	33	113	0.2920353982300885	23471	23607
A24424T(S:Q954H)	27	161	0.16770186335403728	24406	24488
A23403G(S:D614G)	26	238	0.1092436974789916	23285	23423
C25416T(ORF3a:F8F)	25	47	0.5319148936170213	25381	25438
G22317T(S:G252V)	23	34	0.6764705882352942	22242	22324
(23334,1)(S:DEL592)	17	156	0.10897435897435898	23268	23336
T23487G C23525T(S:H655Y) T23599G(S:N679K) C23604A(S:P681H)	17	114	0.14912280701754385	23486	23645
T23599G(S:N679K) C23604A(S:P681H) (23630,'A')(S:INS691)	17	583	0.029159519725557463	23579	23666
C25000T(S:D1146D)	16	32	0.5	24998	25065
(23334,1)(S:DEL592) A23403G(S:D614G)	15	134	0.11194029850746269	23322	23409
C23525T(S:H655Y)	13	266	0.04887218045112782	23485	23551
G22813T(S:K417N) T22882G(S:N440K)	12	57	0.21052631578947367	22791	22887
A23403G(S:D614G) C23525T(S:H655Y)	11	101	0.10891089108910891	23342	23532
G22813T(S:K417N) T22882G(S:N440K) G22895C(S:V445P) T22896C(S:V445P) G22898A(S:G446S)	11	36	0.3055555555555556	22791	22898
T22200A(S:V213E)	11	18	0.6111111111111112	22117	22201
