Covariants	Count	Max_count	Freq	Coverage_start	Coverage_end
G22317T(S:G252V)	180	225	0.8	22207	22347
C25416T(ORF3a:F8F)	160	172	0.9302325581395349	25377	25434
C23525T(S:H655Y) G23562A	45	59	0.7627118644067796	23411	23562
T21810C(S:V83A)	43	72	0.5972222222222222	21780	21900
G21987A(S:G142D) (21990,3)(S:DEL144) C22000A(S:H146Q)	22	26	0.8461538461538461	21978	22098
A23403G(S:D614G)	22	48	0.4583333333333333	23325	23468
T23385A	20	70	0.2857142857142857	23250	23385
C23525T(S:H655Y)	18	88	0.20454545454545456	23413	23561
G21718T(S:Q52H) T21810C(S:V83A)	15	43	0.3488372093023256	21674	21900
A22320G(S:D253G)	15	225	0.06666666666666667	22207	22347
A24424T(S:Q954H) T24469A(S:N969K)	15	29	0.5172413793103449	24388	24537
T22200A(S:V213E)	13	26	0.5	22129	22243
C22664A(S:L368I) C22674T(S:S371F) T22679C(S:S373P) C22686T(S:S375F) A22688G(S:T376A) G22775A(S:D405N)	13	13	1.0	22658	22781
A24652T	12	95	0.12631578947368421	24651	24802
T22200A(S:V213E) G22317T(S:G252V)	11	13	0.8461538461538461	22129	22347
