Covariants	Count	Max_count	Freq	Coverage_start	Coverage_end
T24469A(S:N969K)	4560	4831	0.9439039536327882	24468	24532
G24728A(S:A1056T)	30	8865	0.00338409475465313	24724	24732
