Covariants	Count	Max_count	Freq	Coverage_start	Coverage_end
T23599G(S:N679K) C23604A(S:P681H)	47	159	0.29559748427672955	23579	23666
C23525T(S:H655Y) T23599G(S:N679K) C23604A(S:P681H)	25	62	0.4032258064516129	23501	23638
A24424T(S:Q954H) T24469A(S:N969K)	18	44	0.4090909090909091	24406	24488
C25416T(ORF3a:F8F)	16	31	0.5161290322580645	25371	25442
G22813T(S:K417N) T22882G(S:N440K) G22895C(S:V445P) T22896C(S:V445P) G22898A(S:G446S) T22942G(S:N460K)	15	26	0.5769230769230769	22793	22952
C23525T(S:H655Y)	15	108	0.1388888888888889	23485	23552
