Covariants	Count	Max_count	Freq	Coverage_start	Coverage_end
T23599G(S:N679K) C23604A(S:P681H)	76	196	0.3877551020408163	23579	23664
(23486,1)(S:DEL643) C23525T(S:H655Y) T23599G(S:N679K) C23604A(S:P681H)	17	50	0.34	23471	23607
C25416T(ORF3a:F8F)	15	22	0.6818181818181818	25381	25451
(23334,1)(S:DEL592)	11	31	0.3548387096774194	23322	23350
