Covariants	Count	Max_count	Freq	Coverage_start	Coverage_end
C22109G(S:Q183E)	23	28	0.8214285714285714	22077	22112
C22033A(S:F157L)	18	102	0.17647058823529413	22031	22067
A23403G(S:D614G)	12	27	0.4444444444444444	23402	23403
