Covariants	Count	Max_count	Freq	Coverage_start	Coverage_end
T23599G(S:N679K) C23604A(S:P681H)	95	262	0.36259541984732824	23579	23660
A24424T(S:Q954H) T24469A(S:N969K)	54	104	0.5192307692307693	24410	24488
C23525T(S:H655Y) T23599G(S:N679K) C23604A(S:P681H)	42	98	0.42857142857142855	23508	23608
(23334,1)(S:DEL592)	21	80	0.2625	23285	23336
(25262,1)(S:DEL1235)	21	50	0.42	25248	25295
C25416T(ORF3a:F8F)	17	28	0.6071428571428571	25381	25452
A24424T(S:Q954H)	16	104	0.15384615384615385	24406	24488
T23487G C23525T(S:H655Y) T23599G(S:N679K) C23604A(S:P681H)	14	86	0.16279069767441862	23486	23642
A23403G(S:D614G)	12	83	0.14457831325301204	23333	23405
C23525T(S:H655Y)	12	120	0.1	23485	23553
G22813T(S:K417N) T22882G(S:N440K)	11	43	0.2558139534883721	22791	22886
C25000T(S:D1146D)	11	26	0.4230769230769231	24985	25069
