Covariants	Count	Max_count	Freq	Coverage_start	Coverage_end
C21618T(S:T19I) (21632,9)(S:DEL25/27)	1298	1333	0.9737434358589647	21591	21652
(21764,6)(S:DEL69/70)	132	133	0.9924812030075187	21756	21780
(21632,9)(S:DEL25/27)	15	1333	0.011252813203300824	21591	21654
