Covariants	Count	Max_count	Freq	Coverage_start	Coverage_end
T23272G(S:A570A)	59	570	0.10350877192982456	23242	23473
C21575T(S:L5F)	14	16	0.875	21574	21604
C21618T(S:T19I)	13	14	0.9285714285714286	21592	21622
