Covariants	Count	Max_count	Freq	Coverage_start	Coverage_end
A23403G(S:D614G)	25	90	0.2777777777777778	23402	23404
C22109G(S:Q183E)	10	39	0.2564102564102564	22108	22114
