Covariants	Count	Max_count	Freq	Coverage_start	Coverage_end
C23854A(S:N764K)	946	1490	0.6348993288590604	23829	23854
C25000T(S:D1146D)	498	748	0.6657754010695187	24997	25000
T23599G(S:N679K) C23604A(S:P681H)	306	891	0.3434343434343434	23597	23673
T23599G(S:N679K) C23604A(S:P681H) C23664T(S:A701V)	197	888	0.22184684684684686	23596	23676
C23664T(S:A701V) C23854A(S:N764K)	163	773	0.2108667529107374	23660	23854
T23599G(S:N679K) C23604A(S:P681H) C23854A(S:N764K)	134	269	0.49814126394052044	23598	23854
C23664T(S:A701V)	129	1828	0.07056892778993436	23663	23707
A23403G(S:D614G)	122	143	0.8531468531468531	23400	23403
T21810C(S:V83A)	117	249	0.46987951807228917	21809	21812
T23599G(S:N679K) C23604A(S:P681H) C23673T(S:S704L)	81	888	0.09121621621621621	23597	23677
T23599G(S:N679K) C23604A(S:P681H) C23664T(S:A701V) C23854A(S:N764K)	80	269	0.29739776951672864	23597	23854
C21618T(S:T19I) (21632,9)(S:DEL25/27)	69	157	0.4394904458598726	21614	21654
C23673T(S:S704L)	68	1866	0.03644158628081458	23670	23710
C23673T(S:S704L) C23854A(S:N764K)	59	792	0.07449494949494949	23669	23854
C21618T(S:T19I) (21632,9)(S:DEL25/27) T21810C(S:V83A)	45	85	0.5294117647058824	21613	21812
T24983C(S:L1141L) C25000T(S:D1146D)	44	719	0.061196105702364396	24970	25000
T23599G(S:N679K) C23604A(S:P681H) C23673T(S:S704L) C23854A(S:N764K)	37	269	0.137546468401487	23597	23854
T24983C(S:L1141L) C25000T(S:D1146D) T25072C(S:S1170S)	34	426	0.07981220657276995	24974	25072
G21718T(S:Q52H) T21810C(S:V83A)	27	170	0.1588235294117647	21714	21810
C21618T(S:T19I) (21632,9)(S:DEL25/27) G21718T(S:Q52H)	25	134	0.1865671641791045	21613	21723
C25000T(S:D1146D) T25072C(S:S1170S)	20	455	0.04395604395604396	24997	25082
G21718T(S:Q52H)	17	255	0.06666666666666667	21705	21732
T25072C(S:S1170S)	15	476	0.031512605042016806	25012	25102
G22317T(S:G252V)	10	28	0.35714285714285715	22312	22329
T22200A(S:V213E)	10	23	0.43478260869565216	22193	22218
