Covariants	Count	Max_count	Freq	Coverage_start	Coverage_end
T21810C(S:V83A)	70	179	0.39106145251396646	21794	21817
C21618T(S:T19I) (21632,9)(S:DEL25/27) T21810C(S:V83A)	43	62	0.6935483870967742	21613	21812
C21618T(S:T19I) (21632,9)(S:DEL25/27)	39	108	0.3611111111111111	21615	21692
C21910A(S:S116S)	19	75	0.25333333333333335	21827	21911
T21810C(S:V83A) C21910A(S:S116S)	16	69	0.2318840579710145	21808	21910
C21618T(S:T19I) (21632,9)(S:DEL25/27) G21718T(S:Q52H)	10	93	0.10752688172043011	21611	21732
