Covariants	Count	Max_count	Freq	Coverage_start	Coverage_end
T21810C(S:V83A)	104	196	0.5306122448979592	21809	21810
C21618T(S:T19I) (21632,9)(S:DEL25/27)	86	133	0.6466165413533834	21613	21654
A23403G(S:D614G)	33	38	0.868421052631579	23389	23403
C21618T(S:T19I) (21632,9)(S:DEL25/27) T21810C(S:V83A)	29	42	0.6904761904761905	21613	21812
C23854A(S:N764K)	27	31	0.8709677419354839	23803	23854
G22317T(S:G252V)	14	29	0.4827586206896552	22310	22352
G21718T(S:Q52H)	12	214	0.056074766355140186	21712	21740
G21718T(S:Q52H) T21810C(S:V83A)	11	125	0.088	21712	21815
