Covariants	Count	Max_count	Freq	Coverage_start	Coverage_end
A23403G(S:D614G)	39	114	0.34210526315789475	23402	23404
G23501T(S:A647S)	29	145	0.2	23454	23501
C22109G(S:Q183E)	10	37	0.2702702702702703	22108	22114
