Covariants	Count	Max_count	Freq	Coverage_start	Coverage_end
T23599G(S:N679K) C23604A(S:P681H)	622	1590	0.39119496855345914	23582	23645
A24424T(S:Q954H) T24469A(S:N969K)	244	383	0.6370757180156658	24410	24487
C23525T(S:H655Y) T23599G(S:N679K) C23604A(S:P681H)	190	566	0.33568904593639576	23519	23607
T24469A(S:N969K)	112	682	0.16422287390029325	24464	24535
(23486,1)(S:DEL643) C23525T(S:H655Y) T23599G(S:N679K) C23604A(S:P681H)	104	481	0.21621621621621623	23477	23607
C25416T(ORF3a:F8F)	86	153	0.5620915032679739	25381	25440
C23854A(S:N764K)	64	622	0.10289389067524116	23774	23860
C25000T(S:D1146D)	55	165	0.3333333333333333	24984	25028
(25262,1)(S:DEL1235)	49	232	0.21120689655172414	25248	25263
A23403G(S:D614G)	45	420	0.10714285714285714	23351	23424
G22813T(S:K417N) T22882G(S:N440K) G22895C(S:V445P) T22896C(S:V445P) G22898A(S:G446S)	42	114	0.3684210526315789	22791	22898
A24424T(S:Q954H)	42	389	0.10796915167095116	24406	24425
T23487G C23525T(S:H655Y) T23599G(S:N679K) C23604A(S:P681H)	40	482	0.08298755186721991	23486	23643
A23403G(S:D614G) C23525T(S:H655Y)	30	192	0.15625	23351	23532
C23525T(S:H655Y)	28	828	0.033816425120772944	23485	23551
(23334,1)(S:DEL592)	25	244	0.10245901639344263	23322	23336
G22813T(S:K417N) T22882G(S:N440K) G22895C(S:V445P) T22896C(S:V445P) G22898A(S:G446S) T22942G(S:N460K)	23	56	0.4107142857142857	22791	22949
G22317T(S:G252V)	22	46	0.4782608695652174	22272	22322
T23599G(S:N679K) C23604A(S:P681H) C23635T(S:S691S)	17	1548	0.010981912144702842	23579	23668
T22200A(S:V213E)	16	32	0.5	22117	22201
(23334,1)(S:DEL592) A23403G(S:D614G)	14	218	0.06422018348623854	23322	23425
T23075C(S:Y505H)	11	20	0.55	23074	23156
(24981,1)(S:DEL1141) C25000T(S:D1146D)	10	116	0.08620689655172414	24849	25004
C25000T(S:D1146D) (25100,1)(S:DEL1181)	10	29	0.3448275862068966	24984	25101
