Covariants	Count	Max_count	Freq	Coverage_start	Coverage_end
T23599G(S:N679K) C23604A(S:P681H)	211	649	0.325115562403698	23580	23645
C23525T(S:H655Y) T23599G(S:N679K) C23604A(S:P681H)	63	247	0.2550607287449393	23501	23607
T23487G C23525T(S:H655Y) T23599G(S:N679K) C23604A(S:P681H)	49	204	0.24019607843137256	23486	23607
(23334,1)(S:DEL592)	39	163	0.2392638036809816	23322	23336
A24424T(S:Q954H) T24469A(S:N969K)	37	75	0.49333333333333335	24413	24486
(23334,1)(S:DEL592) A23403G(S:D614G)	28	109	0.25688073394495414	23322	23405
(23486,1)(S:DEL643) C23525T(S:H655Y) T23599G(S:N679K) C23604A(S:P681H)	27	204	0.1323529411764706	23471	23645
(25262,1)(S:DEL1235)	24	49	0.4897959183673469	25248	25263
A24424T(S:Q954H)	23	78	0.2948717948717949	24410	24487
G22317T(S:G252V)	21	41	0.5121951219512195	22249	22338
C25416T(ORF3a:F8F)	21	45	0.4666666666666667	25381	25452
(24253,1)(S:DEL898)	14	84	0.16666666666666666	24226	24262
A23403G(S:D614G)	11	155	0.07096774193548387	23351	23425
G22813T(S:K417N) T22882G(S:N440K)	10	43	0.23255813953488372	22791	22887
