Covariants	Count	Max_count	Freq	Coverage_start	Coverage_end
T23599G(S:N679K) C23604A(S:P681H)	620	1872	0.3311965811965812	23580	23645
A24424T(S:Q954H) T24469A(S:N969K)	345	568	0.6073943661971831	24415	24486
C23525T(S:H655Y) T23599G(S:N679K) C23604A(S:P681H)	259	733	0.3533424283765348	23505	23604
C25416T(ORF3a:F8F)	143	291	0.49140893470790376	25382	25444
(23486,1)(S:DEL643) C23525T(S:H655Y) T23599G(S:N679K) C23604A(S:P681H)	114	615	0.18536585365853658	23477	23607
A23403G(S:D614G)	109	669	0.16292974588938713	23345	23408
T24469A(S:N969K)	79	769	0.10273081924577374	24464	24537
A24424T(S:Q954H)	76	589	0.12903225806451613	24413	24486
G22813T(S:K417N) T22882G(S:N440K) G22895C(S:V445P) T22896C(S:V445P) G22898A(S:G446S)	66	204	0.3235294117647059	22791	22898
(25262,1)(S:DEL1235)	65	271	0.23985239852398524	25248	25264
G22317T(S:G252V)	65	97	0.6701030927835051	22272	22323
C25000T(S:D1146D)	63	214	0.29439252336448596	24984	25020
(23334,1)(S:DEL592) A23403G(S:D614G)	53	451	0.11751662971175167	23322	23406
(23334,1)(S:DEL592)	51	538	0.09479553903345725	23322	23336
T23487G C23525T(S:H655Y) T23599G(S:N679K) C23604A(S:P681H)	50	621	0.08051529790660225	23486	23607
C23854A(S:N764K)	49	626	0.07827476038338659	23765	23858
C23525T(S:H655Y)	41	961	0.04266389177939646	23485	23540
G22813T(S:K417N) T22882G(S:N440K) G22895C(S:V445P) T22896C(S:V445P) G22898A(S:G446S) T22942G(S:N460K)	39	100	0.39	22791	22947
(24981,1)(S:DEL1141) C25000T(S:D1146D)	34	160	0.2125	24849	25000
T22200A(S:V213E)	34	60	0.5666666666666667	22117	22203
G22813T(S:K417N) T22882G(S:N440K) G22895C(S:V445P) T22896C(S:V445P)	32	246	0.13008130081300814	22791	22896
G22813T(S:K417N) T22882G(S:N440K)	25	275	0.09090909090909091	22791	22886
(24253,1)(S:DEL898)	21	271	0.07749077490774908	24217	24261
C21618T(S:T19I) (21632,9)(S:DEL25/27)	21	45	0.4666666666666667	21596	21674
T23599G(S:N679K) C23604A(S:P681H) C23638T(S:I692I)	17	1817	0.009356081452944413	23579	23666
T23599G(S:N679K) C23604A(S:P681H) C23635T(S:S691S)	16	1823	0.00877674163466813	23579	23668
T23075C(S:Y505H)	15	51	0.29411764705882354	23074	23156
(21764,6)(S:DEL69/70) (21817,1)(S:DEL86)	11	15	0.7333333333333333	21756	21836
G22813T(S:K417N) T22882G(S:N440K) A22893C(S:K444T) T22917G(S:L452R)	11	119	0.09243697478991597	22799	22925
