Covariants	Count	Max_count	Freq	Coverage_start	Coverage_end
T23599G(S:N679K) C23604A(S:P681H)	42	132	0.3181818181818182	23581	23664
(23334,1)(S:DEL592)	26	71	0.36619718309859156	23322	23359
T23487G C23525T(S:H655Y) T23599G(S:N679K) C23604A(S:P681H)	17	50	0.34	23486	23629
C25416T(ORF3a:F8F)	14	31	0.45161290322580644	25381	25463
C23525T(S:H655Y) T23599G(S:N679K) C23604A(S:P681H)	11	52	0.21153846153846154	23485	23608
(23334,1)(S:DEL592) A23403G(S:D614G)	10	44	0.22727272727272727	23322	23405
(23486,1)(S:DEL643) C23525T(S:H655Y) T23599G(S:N679K) C23604A(S:P681H)	10	50	0.2	23471	23645
