Covariants	Count	Max_count	Freq	Coverage_start	Coverage_end
C25416T(ORF3a:F8F)	116	181	0.6408839779005525	25377	25434
G22317T(S:G252V)	94	174	0.5402298850574713	22207	22347
T21810C(S:V83A)	34	48	0.7083333333333334	21765	21823
C23525T(S:H655Y) G23562A	34	46	0.7391304347826086	23411	23562
C25416T(ORF3a:F8F) G25429T(ORF3a:V13L)	32	181	0.17679558011049723	25377	25518
C25000T(S:D1146D)	27	30	0.9	24926	25076
C24734A(S:H1058N)	25	71	0.352112676056338	24652	24802
C25416T(ORF3a:F8F) C25487T(ORF3a:T32I)	23	155	0.14838709677419354	25377	25518
C23854A(S:N764K)	22	22	1.0	23690	23910
A22320G(S:D253G)	20	174	0.11494252873563218	22206	22347
A23403G(S:D614G) C23525T(S:H655Y)	17	31	0.5483870967741935	23325	23561
A24388T A24424T(S:Q954H) T24469A(S:N969K) A24539G	14	18	0.7777777777777778	24387	24539
T22882G(S:N440K) G22895C(S:V445P) T22896C(S:V445P) G22898A(S:G446S) T22942G(S:N460K) G22992A(S:S477N) C22995G(S:T478R) A23013C(S:E484A) T23018C(S:F486P) T23019C(S:F486P) T23031C(S:F490S) A23055G(S:Q498R) A23063T(S:N501Y) T23075C(S:Y505H)	13	22	0.5909090909090909	22850	23097
G21987A(S:G142D) (21990,3)(S:DEL144) C22000A(S:H146Q)	12	14	0.8571428571428571	21949	22098
G22317T(S:G252V) C22326T(S:S255F)	12	174	0.06896551724137931	22207	22347
T22200A(S:V213E) G22317T(S:G252V)	12	17	0.7058823529411765	22129	22347
A23403G(S:D614G)	11	45	0.24444444444444444	23360	23444
C23525T(S:H655Y)	10	81	0.12345679012345678	23411	23561
