Covariants	Count	Max_count	Freq	Coverage_start	Coverage_end
A24424T(S:Q954H) T24469A(S:N969K)	69	118	0.5847457627118644	24406	24488
T23599G(S:N679K) C23604A(S:P681H)	59	178	0.33146067415730335	23580	23666
C23525T(S:H655Y) T23599G(S:N679K) C23604A(S:P681H)	35	87	0.40229885057471265	23486	23613
(23486,1)(S:DEL643) C23525T(S:H655Y) T23599G(S:N679K) C23604A(S:P681H)	18	78	0.23076923076923078	23478	23607
C23854A(S:N764K)	16	61	0.26229508196721313	23765	23858
A24424T(S:Q954H)	16	120	0.13333333333333333	24406	24488
(25262,1)(S:DEL1235)	15	52	0.28846153846153844	25248	25295
C23525T(S:H655Y)	11	133	0.08270676691729323	23471	23553
