Covariants	Count	Max_count	Freq	Coverage_start	Coverage_end
T23599G(S:N679K) C23604A(S:P681H)	223	639	0.3489827856025039	23580	23666
A24424T(S:Q954H) T24469A(S:N969K)	107	160	0.66875	24406	24488
C23595T(S:T678I) T23599G(S:N679K) C23604A(S:P681H)	49	627	0.07814992025518341	23579	23666
C23525T(S:H655Y) T23599G(S:N679K) C23604A(S:P681H)	44	162	0.2716049382716049	23505	23636
C25416T(ORF3a:F8F)	33	77	0.42857142857142855	25381	25449
C23595T(S:T678I) T23599G(S:N679K) C23604A(S:P681H) C23625T(S:A688V)	32	621	0.05152979066022544	23579	23666
T24469A(S:N969K)	30	243	0.12345679012345678	24464	24565
A23403G(S:D614G)	29	213	0.13615023474178403	23335	23426
(23486,1)(S:DEL643) C23525T(S:H655Y) T23599G(S:N679K) C23604A(S:P681H)	26	144	0.18055555555555555	23471	23645
G22317T(S:G252V)	24	35	0.6857142857142857	22242	22320
(25262,1)(S:DEL1235)	24	93	0.25806451612903225	25248	25323
C25000T(S:D1146D)	17	52	0.3269230769230769	24992	25065
T21880C(S:F106F)	17	80	0.2125	21842	21939
T22200A(S:V213E)	17	28	0.6071428571428571	22117	22208
A24424T(S:Q954H)	16	168	0.09523809523809523	24407	24487
(23334,1)(S:DEL592)	16	167	0.09580838323353294	23322	23336
(23334,1)(S:DEL592) A23403G(S:D614G)	14	142	0.09859154929577464	23322	23412
G22813T(S:K417N) T22882G(S:N440K) G22895C(S:V445P) T22896C(S:V445P) G22898A(S:G446S)	14	43	0.32558139534883723	22791	22898
C23854A(S:N764K)	13	191	0.06806282722513089	23765	23865
T23487G C23525T(S:H655Y) T23599G(S:N679K) C23604A(S:P681H)	13	145	0.0896551724137931	23486	23607
C23525T(S:H655Y)	10	267	0.03745318352059925	23471	23551
T23599G(S:N679K) C23604A(S:P681H) C23673T(S:S704L)	10	414	0.024154589371980676	23579	23728
A23403G(S:D614G) C23525T(S:H655Y)	10	78	0.1282051282051282	23349	23532
