Covariants	Count	Max_count	Freq	Coverage_start	Coverage_end
T23599G(S:N679K) C23604A(S:P681H)	55	91	0.6043956043956044	23582	23665
(23334,1)(S:DEL592)	10	22	0.45454545454545453	23322	23350
