Covariants	Count	Max_count	Freq	Coverage_start	Coverage_end
G22317T(S:G252V)	56	82	0.6829268292682927	22207	22347
C25416T(ORF3a:F8F)	48	49	0.9795918367346939	25377	25434
C25000T(S:D1146D)	12	12	1.0	24926	25076
