Covariants	Count	Max_count	Freq	Coverage_start	Coverage_end
A24424T(S:Q954H) T24469A(S:N969K)	321	602	0.5332225913621262	24416	24487
C23525T(S:H655Y) T23599G(S:N679K) C23604A(S:P681H)	188	789	0.23827629911280102	23519	23607
T23487G C23525T(S:H655Y) T23599G(S:N679K) C23604A(S:P681H)	181	683	0.26500732064421667	23486	23607
(23486,1)(S:DEL643) C23525T(S:H655Y) T23599G(S:N679K) C23604A(S:P681H)	150	675	0.2222222222222222	23477	23607
A24424T(S:Q954H)	139	602	0.23089700996677742	24415	24488
C23854A(S:N764K)	82	732	0.11202185792349727	23768	23861
C25416T(ORF3a:F8F)	75	152	0.4934210526315789	25371	25451
A23403G(S:D614G)	64	258	0.24806201550387597	23362	23405
(23334,1)(S:DEL592)	45	268	0.16791044776119404	23282	23350
(25262,1)(S:DEL1235)	44	125	0.352	25140	25263
(24981,1)(S:DEL1141) C25000T(S:D1146D)	41	105	0.3904761904761905	24857	25000
G22317T(S:G252V)	29	45	0.6444444444444445	22256	22323
(23334,1)(S:DEL592) A23403G(S:D614G)	21	192	0.109375	23268	23406
G22813T(S:K417N) T22882G(S:N440K) G22895C(S:V445P) T22896C(S:V445P) G22898A(S:G446S)	17	87	0.19540229885057472	22791	22898
(24253,1)(S:DEL898)	15	134	0.11194029850746269	24144	24261
C23525T(S:H655Y)	14	809	0.0173053152039555	23485	23553
C25000T(S:D1146D)	14	112	0.125	24872	25002
G22813T(S:K417N) T22882G(S:N440K) G22895C(S:V445P) T22896C(S:V445P)	13	111	0.11711711711711711	22791	22897
G22813T(S:K417N) T22882G(S:N440K)	13	129	0.10077519379844961	22791	22884
G22813T(S:K417N) T22882G(S:N440K) G22895C(S:V445P) T22896C(S:V445P) G22898A(S:G446S) T22942G(S:N460K)	13	48	0.2708333333333333	22791	22949
C25416T(ORF3a:F8F) G25481A(ORF3a:R30H)	13	99	0.13131313131313133	25371	25491
(23835,1)(S:DEL759) C23854A(S:N764K)	12	732	0.01639344262295082	23693	23897
(24672,1)(S:DEL1038)	12	24	0.5	24607	24685
C23854A(S:N764K) (23887,1)(S:DEL776)	11	699	0.015736766809728183	23681	23888
(23887,1)(S:DEL776)	10	699	0.01430615164520744	23682	23888
