Covariants	Count	Max_count	Freq	Coverage_start	Coverage_end
C25416T(ORF3a:F8F) G25429C(ORF3a:V13L)	107	221	0.4841628959276018	25377	25457
G22317T(S:G252V)	67	92	0.7282608695652174	22306	22347
C25416T(ORF3a:F8F)	63	221	0.2850678733031674	25377	25434
T21810C(S:V83A)	52	57	0.9122807017543859	21767	21900
T22882G(S:N440K) G22895C(S:V445P) T22896C(S:V445P) G22898A(S:G446S) T22942G(S:N460K) G22992A(S:S477N) C22995G(S:T478R) A23013C(S:E484A) T23018C(S:F486P) T23019C(S:F486P) T23031C(S:F490S) A23055G(S:Q498R) A23063T(S:N501Y) T23075C(S:Y505H)	32	52	0.6153846153846154	22850	23097
C22664A(S:L368I) C22674T(S:S371F) T22679C(S:S373P) C22686T(S:S375F) A22688G(S:T376A) G22775A(S:D405N)	21	22	0.9545454545454546	22589	22781
C25416T(ORF3a:F8F) C25463T(ORF3a:T24I)	20	213	0.09389671361502347	25306	25518
T22200A(S:V213E) G22317T(S:G252V)	17	19	0.8947368421052632	22129	22347
C25416T(ORF3a:F8F) T25525A(ORF3a:W45R)	17	113	0.1504424778761062	25377	25525
(22858,'G')(S:INS433) T22882G(S:N440K) G22895C(S:V445P) T22896C(S:V445P) G22898A(S:G446S) T22942G(S:N460K) G22992A(S:S477N) C22995G(S:T478R) A23013C(S:E484A) T23018C(S:F486P) T23019C(S:F486P) T23031C(S:F490S) A23055G(S:Q498R) A23063T(S:N501Y) T23075C(S:Y505H)	13	52	0.25	22850	23097
C25000T(S:D1146D)	12	17	0.7058823529411765	24926	25076
G21987A(S:G142D) (21990,3)(S:DEL144) C22000A(S:H146Q)	11	18	0.6111111111111112	21949	22049
