Covariants	Count	Max_count	Freq	Coverage_start	Coverage_end
A24424T(S:Q954H) T24469A(S:N969K)	15	29	0.5172413793103449	24406	24487
C23525T(S:H655Y) T23599G(S:N679K) C23604A(S:P681H)	11	37	0.2972972972972973	23485	23606
