Covariants	Count	Max_count	Freq	Coverage_start	Coverage_end
C21618T(S:T19I) (21632,9)(S:DEL25/27)	1443	1803	0.800332778702163	21591	21652
(21764,6)(S:DEL69/70)	360	362	0.994475138121547	21756	21779
C21618T(S:T19I) (21633,9)(S:DEL25/27)	211	1803	0.11702717692734331	21591	21654
C21618T(S:T19I) (21632,9)(S:DEL25/27) G21668T(S:V36F)	111	1091	0.10174152153987168	21590	21668
(21632,9)(S:DEL25/27)	18	1803	0.009983361064891847	21590	21652
