Covariants	Count	Max_count	Freq	Coverage_start	Coverage_end
A23403G(S:D614G)	26	61	0.4262295081967213	23402	23404
C23202T(S:T547I)	13	30	0.43333333333333335	23160	23207
