Covariants	Count	Max_count	Freq	Coverage_start	Coverage_end
A22101T(S:E180V)	170	464	0.36637931034482757	22072	22101
C22109G(S:Q183E)	133	191	0.6963350785340314	22108	22111
C24621T(S:A1020V)	63	341	0.18475073313782991	24620	24624
T22942G(S:N460K)	55	123	0.44715447154471544	22940	22965
A23403G(S:D614G)	26	49	0.5306122448979592	23402	23404
A22108T(S:K182N) C22109G(S:Q183E)	24	191	0.1256544502617801	22072	22113
T23986C(S:D808D)	19	68	0.27941176470588236	23985	24036
C22000A	12	27	0.4444444444444444	21999	22036
T21810C(S:V83A)	12	12	1.0	21766	21812
C23280T(S:T573I)	12	1810	0.0066298342541436465	23246	23303
G22317T(S:G252V)	10	32	0.3125	22315	22363
