Covariants	Count	Max_count	Freq	Coverage_start	Coverage_end
T23599G(S:N679K) C23604A(S:P681H)	21	78	0.2692307692307692	23579	23666
T23599G(S:N679K) C23604A(S:P681H) C23664T(S:A701V)	12	45	0.26666666666666666	23579	23666
G22317T(S:G252V)	11	16	0.6875	22242	22323
A24424T(S:Q954H) T24469A(S:N969K)	10	15	0.6666666666666666	24406	24488
C25416T(ORF3a:F8F)	10	21	0.47619047619047616	25381	25462
