Covariants	Count	Max_count	Freq	Coverage_start	Coverage_end
T23599G(S:N679K) C23604A(S:P681H)	290	710	0.4084507042253521	23582	23645
A24424T(S:Q954H) T24469A(S:N969K)	235	325	0.7230769230769231	24415	24488
C23525T(S:H655Y) T23599G(S:N679K) C23604A(S:P681H)	111	252	0.44047619047619047	23501	23605
T24469A(S:N969K)	108	546	0.1978021978021978	24464	24538
C25416T(ORF3a:F8F)	55	156	0.3525641025641026	25381	25455
C23854A(S:N764K)	54	297	0.18181818181818182	23765	23856
(25262,1)(S:DEL1235)	49	154	0.3181818181818182	25248	25271
C25000T(S:D1146D)	42	105	0.4	24984	25020
A23403G(S:D614G)	34	236	0.1440677966101695	23268	23421
A24424T(S:Q954H)	29	335	0.08656716417910448	24406	24438
T23487G C23525T(S:H655Y) T23599G(S:N679K) C23604A(S:P681H)	28	228	0.12280701754385964	23486	23645
G22813T(S:K417N) T22882G(S:N440K) G22895C(S:V445P) T22896C(S:V445P) G22898A(S:G446S) T22942G(S:N460K)	26	57	0.45614035087719296	22791	22963
C23525T(S:H655Y)	21	385	0.05454545454545454	23485	23551
A23403G(S:D614G) C23525T(S:H655Y)	20	92	0.21739130434782608	23351	23540
(23486,1)(S:DEL643) C23525T(S:H655Y) T23599G(S:N679K) C23604A(S:P681H)	17	228	0.07456140350877193	23471	23645
T23075C(S:Y505H)	17	33	0.5151515151515151	23074	23156
G22813T(S:K417N) T22882G(S:N440K) G22895C(S:V445P) T22896C(S:V445P) G22898A(S:G446S)	17	91	0.18681318681318682	22791	22898
C21618T(S:T19I) (21632,9)(S:DEL25/27)	16	37	0.43243243243243246	21596	21686
G22317T(S:G252V)	14	36	0.3888888888888889	22257	22324
(24320,1)(S:DEL921)	12	82	0.14634146341463414	24217	24321
T23335C	12	189	0.06349206349206349	23334	23414
T23335C(S:S591S) A23403G(S:D614G)	11	171	0.06432748538011696	23334	23424
