Covariants	Count	Max_count	Freq	Coverage_start	Coverage_end
A24424T(S:Q954H) T24469A(S:N969K)	81	137	0.5912408759124088	24415	24488
C23525T(S:H655Y) T23599G(S:N679K) C23604A(S:P681H)	37	72	0.5138888888888888	23485	23607
T23599G(S:N679K) C23604A(S:P681H)	37	130	0.2846153846153846	23579	23666
(25262,1)(S:DEL1235)	24	101	0.2376237623762376	25130	25263
A24424T(S:Q954H)	17	137	0.12408759124087591	24406	24488
T24469A(S:N969K)	16	186	0.08602150537634409	24464	24546
C23525T(S:H655Y)	12	96	0.125	23485	23552
