Covariants	Count	Max_count	Freq	Coverage_start	Coverage_end
T23599G(S:N679K) C23604A(S:P681H)	392	958	0.4091858037578288	23580	23660
A24424T(S:Q954H) T24469A(S:N969K)	118	180	0.6555555555555556	24406	24488
T23487G C23525T(S:H655Y) T23599G(S:N679K) C23604A(S:P681H)	67	297	0.2255892255892256	23486	23607
C23525T(S:H655Y) T23599G(S:N679K) C23604A(S:P681H)	64	339	0.1887905604719764	23507	23605
T24469A(S:N969K)	56	355	0.15774647887323945	24464	24550
(23486,1)(S:DEL643) C23525T(S:H655Y) T23599G(S:N679K) C23604A(S:P681H)	51	293	0.17406143344709898	23471	23645
C23854A(S:N764K)	43	361	0.11911357340720222	23818	23860
C25416T(ORF3a:F8F)	43	113	0.3805309734513274	25381	25453
A23403G(S:D614G)	39	255	0.15294117647058825	23333	23405
C25000T(S:D1146D)	33	78	0.4230769230769231	24992	25006
A24424T(S:Q954H)	26	185	0.14054054054054055	24413	24438
C23525T(S:H655Y)	23	495	0.046464646464646465	23485	23551
T22200A(S:V213E)	15	37	0.40540540540540543	22117	22208
(23334,1)(S:DEL592)	15	178	0.08426966292134831	23322	23356
(25262,1)(S:DEL1235)	14	100	0.14	25248	25263
A23403G(S:D614G) C23525T(S:H655Y)	13	100	0.13	23333	23540
(23334,1)(S:DEL592) A23403G(S:D614G)	13	158	0.08227848101265822	23322	23422
T23075C(S:Y505H)	13	21	0.6190476190476191	23074	23155
G22317T(S:G252V)	13	36	0.3611111111111111	22256	22341
C21618T(S:T19I) (21632,9)(S:DEL25/27)	12	16	0.75	21596	21671
A23403G(S:D614G) (23486,1)(S:DEL643) C23525T(S:H655Y)	10	100	0.1	23333	23537
(25191,1)(S:DEL1211)	10	95	0.10526315789473684	25123	25193
