Covariants	Count	Max_count	Freq	Coverage_start	Coverage_end
T23599G(S:N679K) C23604A(S:P681H)	269	1077	0.24976787372330547	23593	23659
T23487G C23525T(S:H655Y) T23599G(S:N679K) C23604A(S:P681H)	71	302	0.23509933774834438	23486	23607
A24424T(S:Q954H) T24469A(S:N969K)	70	136	0.5147058823529411	24406	24488
(23486,1)(S:DEL643) C23525T(S:H655Y) T23599G(S:N679K) C23604A(S:P681H)	68	297	0.22895622895622897	23471	23607
C23525T(S:H655Y) T23599G(S:N679K) C23604A(S:P681H)	62	387	0.16020671834625322	23505	23607
T23599G(S:N679K) C23604A(S:P681H) C23664T(S:A701V)	47	584	0.08047945205479452	23579	23666
(23334,1)(S:DEL592)	42	215	0.19534883720930232	23322	23336
C25416T(ORF3a:F8F)	40	73	0.547945205479452	25381	25452
T23599G(S:N679K) C23604A(S:P681H) (23641,1)(S:DEL694) C23664T(S:A701V)	31	584	0.053082191780821915	23579	23666
(23334,1)(S:DEL592) A23403G(S:D614G)	30	157	0.1910828025477707	23322	23412
A24424T(S:Q954H)	28	142	0.19718309859154928	24406	24488
C23525T(S:H655Y)	26	470	0.05531914893617021	23485	23551
T23599G(S:N679K) C23604A(S:P681H) C23625T(S:A688V)	23	1053	0.02184235517568851	23579	23664
(25262,1)(S:DEL1235)	20	45	0.4444444444444444	25248	25323
A23403G(S:D614G)	17	256	0.06640625	23331	23408
G22813T(S:K417N) T22882G(S:N440K) G22895C(S:V445P) T22896C(S:V445P) G22898A(S:G446S)	15	45	0.3333333333333333	22791	22898
G22813T(S:K417N) T22882G(S:N440K)	13	65	0.2	22791	22882
C25000T(S:D1146D)	13	47	0.2765957446808511	24984	25065
(24253,1)(S:DEL898)	12	76	0.15789473684210525	24226	24260
G22317T(S:G252V)	12	28	0.42857142857142855	22315	22335
