Covariants	Count	Max_count	Freq	Coverage_start	Coverage_end
G22317T(S:G252V)	244	422	0.5781990521327014	22315	22319
T22200A(S:V213E)	91	150	0.6066666666666667	22199	22273
T22200A(S:V213E) G22317T(S:G252V)	46	118	0.3898305084745763	22199	22318
A24424T(S:Q954H)	22	55	0.4	24361	24427
A24424T(S:Q954H) T24469A(S:N969K)	22	33	0.6666666666666666	24420	24469
