Covariants	Count	Max_count	Freq	Coverage_start	Coverage_end
T23599G(S:N679K) C23604A(S:P681H)	27	38	0.7105263157894737	23579	23694
T24469A(S:N969K)	19	46	0.41304347826086957	24464	24551
T23075C(S:Y505H)	13	17	0.7647058823529411	23074	23156
