Covariants	Count	Max_count	Freq	Coverage_start	Coverage_end
T23599G(S:N679K) C23604A(S:P681H)	21	77	0.2727272727272727	23579	23666
C23525T(S:H655Y) T23599G(S:N679K) C23604A(S:P681H)	14	28	0.5	23499	23607
C25416T(ORF3a:F8F)	11	18	0.6111111111111112	25381	25451
