Covariants	Count	Max_count	Freq	Coverage_start	Coverage_end
T23599G(S:N679K) C23604A(S:P681H)	234	1106	0.2115732368896926	23580	23666
A24424T(S:Q954H) T24469A(S:N969K)	177	306	0.5784313725490197	24413	24487
C23525T(S:H655Y) T23599G(S:N679K) C23604A(S:P681H)	151	403	0.3746898263027295	23505	23605
T23599G(S:N679K) C23604A(S:P681H) C23664T(S:A701V)	151	632	0.2389240506329114	23587	23664
C25416T(ORF3a:F8F)	63	106	0.5943396226415094	25381	25451
A24424T(S:Q954H)	58	310	0.1870967741935484	24413	24480
A23403G(S:D614G)	58	501	0.1157684630738523	23339	23405
(23334,1)(S:DEL592)	51	368	0.13858695652173914	23322	23336
(23486,1)(S:DEL643) C23525T(S:H655Y) T23599G(S:N679K) C23604A(S:P681H)	44	340	0.12941176470588237	23471	23607
(25262,1)(S:DEL1235)	32	113	0.2831858407079646	25248	25263
T23487G C23525T(S:H655Y) T23599G(S:N679K) C23604A(S:P681H)	32	344	0.09302325581395349	23486	23607
G22317T(S:G252V)	28	42	0.6666666666666666	22249	22330
T23599G(S:N679K) C23604A(S:P681H) C23673T(S:S704L)	25	572	0.043706293706293704	23580	23694
C23525T(S:H655Y)	25	576	0.043402777777777776	23485	23551
G22813T(S:K417N) T22882G(S:N440K) G22895C(S:V445P) T22896C(S:V445P) G22898A(S:G446S)	22	105	0.20952380952380953	22801	22898
G22813T(S:K417N) T22882G(S:N440K)	19	149	0.12751677852348994	22791	22886
C23854A(S:N764K)	17	160	0.10625	23792	23861
G22813T(S:K417N)	17	168	0.10119047619047619	22791	22859
C25000T(S:D1146D)	16	66	0.24242424242424243	24984	25069
G22813T(S:K417N) T22882G(S:N440K) G22895C(S:V445P) T22896C(S:V445P) G22898A(S:G446S) T22928C(S:F456L) T22942G(S:N460K)	15	75	0.2	22791	22947
G22813T(S:K417N) T22882G(S:N440K) G22895C(S:V445P) T22896C(S:V445P)	14	124	0.11290322580645161	22791	22896
(23334,1)(S:DEL592) A23403G(S:D614G)	13	255	0.050980392156862744	23331	23409
T23599G(S:N679K) C23604A(S:P681H) C23625T(S:A688V) C23664T(S:A701V)	13	632	0.020569620253164556	23579	23711
T23075C(S:Y505H)	12	22	0.5454545454545454	23074	23156
G22813T(S:K417N) T22882G(S:N440K) G22895C(S:V445P) T22896C(S:V445P) G22898A(S:G446S) T22930A(S:F456L) T22942G(S:N460K)	12	75	0.16	22791	22949
T23599G(S:N679K) C23604A(S:P681H) G23612A(S:A684T)	12	1084	0.01107011070110701	23579	23693
A23403G(S:D614G) C23525T(S:H655Y)	10	114	0.08771929824561403	23334	23535
