Covariants	Count	Max_count	Freq	Coverage_start	Coverage_end
T24469A(S:N969K)	13	47	0.2765957446808511	24464	24545
T23599G(S:N679K) C23604A(S:P681H)	11	18	0.6111111111111112	23579	23728
A24424T(S:Q954H) T24469A(S:N969K)	10	13	0.7692307692307693	24406	24541
