Covariants	Count	Max_count	Freq	Coverage_start	Coverage_end
T23599G(S:N679K) C23604A(S:P681H)	44	59	0.7457627118644068	23579	23659
A24424T(S:Q954H) T24469A(S:N969K)	17	38	0.4473684210526316	24406	24487
(23334,1)(S:DEL592)	11	17	0.6470588235294118	23268	23350
A24424T(S:Q954H)	11	38	0.2894736842105263	24406	24488
