Covariants	Count	Max_count	Freq	Coverage_start	Coverage_end
C25416T(ORF3a:F8F)	383	739	0.5182679296346414	25377	25434
G22317T(S:G252V)	264	601	0.43926788685524126	22215	22339
C23525T(S:H655Y) G23562A	167	184	0.907608695652174	23411	23562
T23385A	137	307	0.44625407166123776	23250	23385
A23403G(S:D614G)	101	159	0.6352201257861635	23325	23468
T21810C(S:V83A)	91	266	0.34210526315789475	21765	21900
(21764,6)(S:DEL69/70)	89	248	0.3588709677419355	21674	21817
A24388T A24424T(S:Q954H) T24469A(S:N969K) A24539G	61	117	0.5213675213675214	24387	24539
A24652T	53	547	0.09689213893967093	24651	24802
A24424T(S:Q954H) T24469A(S:N969K)	48	143	0.3356643356643357	24388	24473
C25000T(S:D1146D)	46	57	0.8070175438596491	24926	25076
C23601T T23752A(S:S730S)	46	91	0.5054945054945055	23600	23752
A23403G(S:D614G) C23525T(S:H655Y)	41	56	0.7321428571428571	23325	23561
T22200G(S:V213G)	35	60	0.5833333333333334	22130	22243
G22256T(S:G232C) G22317T(S:G252V)	22	555	0.03963963963963964	22207	22347
G21987A(S:G142D) (21990,3)(S:DEL144) C22000A(S:H146Q)	21	70	0.3	21949	22098
C22664A(S:L368I) C22674T(S:S371F) T22679C(S:S373P) C22686T(S:S375F) A22688G(S:T376A) G22775A(S:D405N)	20	34	0.5882352941176471	22589	22781
C25118T(S:L1186F) G25269A	16	32	0.5	25117	25269
A24388T A24424T(S:Q954H) T24469A(S:N969K)	14	143	0.0979020979020979	24387	24537
C23525T(S:H655Y)	14	252	0.05555555555555555	23458	23553
T21819G(S:F86C)	12	195	0.06153846153846154	21764	21900
T22200A(S:V213E)	12	60	0.2	22129	22243
C22674T(S:S371F) T22679C(S:S373P) C22686T(S:S375F) A22688G(S:T376A) G22775A(S:D405N)	12	34	0.35294117647058826	22589	22781
C23601T	12	120	0.1	23600	23751
T24622A(S:A1020A)	12	249	0.04819277108433735	24471	24622
T22200A(S:V213E) G22317T(S:G252V)	11	27	0.4074074074074074	22129	22347
G21987A(S:G142D) (21990,3)(S:DEL144) G22021A(S:M153I)	10	70	0.14285714285714285	21949	22098
