Covariants	Count	Max_count	Freq	Coverage_start	Coverage_end
T23599G(S:N679K) C23604A(S:P681H)	107	212	0.5047169811320755	23579	23665
C23525T(S:H655Y) T23599G(S:N679K) C23604A(S:P681H)	26	43	0.6046511627906976	23485	23607
C25416T(ORF3a:F8F)	22	37	0.5945945945945946	25384	25471
A24424T(S:Q954H) T24469A(S:N969K)	20	28	0.7142857142857143	24406	24488
G22317T(S:G252V)	16	21	0.7619047619047619	22242	22330
A23403G(S:D614G)	12	71	0.16901408450704225	23322	23430
(25262,1)(S:DEL1235)	10	29	0.3448275862068966	25252	25326
