Covariants	Count	Max_count	Freq	Coverage_start	Coverage_end
C22109G(S:Q183E)	25	28	0.8928571428571429	22073	22112
A23403G(S:D614G)	15	29	0.5172413793103449	23379	23404
