Covariants	Count	Max_count	Freq	Coverage_start	Coverage_end
G22317T(S:G252V)	68	94	0.723404255319149	22207	22347
C25416T(ORF3a:F8F)	53	110	0.4818181818181818	25377	25434
C25416T(ORF3a:F8F) G25429C(ORF3a:V13L)	46	110	0.41818181818181815	25377	25455
C25000T(S:D1146D)	30	32	0.9375	24952	25076
T21810C(S:V83A)	25	33	0.7575757575757576	21768	21900
T22882G(S:N440K) G22895C(S:V445P) T22896C(S:V445P) G22898A(S:G446S) T22942G(S:N460K) G22992A(S:S477N) C22995A(S:T478K) A23013C(S:E484A) T23018C(S:F486P) T23019C(S:F486P) T23031C(S:F490S) A23055G(S:Q498R) A23063T(S:N501Y) T23075C(S:Y505H)	23	71	0.323943661971831	22852	23097
T22882G(S:N440K) G22895C(S:V445P) T22896C(S:V445P) G22898A(S:G446S) T22930A(S:F456L) T22942G(S:N460K) G22992A(S:S477N) C22995A(S:T478K) A23013C(S:E484A) T23018C(S:F486P) T23019C(S:F486P) T23031C(S:F490S) A23055G(S:Q498R) A23063T(S:N501Y) T23075C(S:Y505H)	20	71	0.28169014084507044	22850	23097
A23403G(S:D614G)	17	28	0.6071428571428571	23325	23468
C23525T(S:H655Y) G23562A	14	29	0.4827586206896552	23411	23562
C22664A(S:L368I) C22674T(S:S371F) T22679C(S:S373P) C22686T(S:S375F) A22688G(S:T376A) G22775A(S:D405N)	13	20	0.65	22589	22781
A24424T(S:Q954H) T24469A(S:N969K)	13	20	0.65	24388	24537
G21987A(S:G142D) (21990,3)(S:DEL144) C22000A(S:H146Q)	10	11	0.9090909090909091	21949	22098
C23757T(S:T732I)	10	29	0.3448275862068966	23601	23836
