Covariants	Count	Max_count	Freq	Coverage_start	Coverage_end
A23403G(S:D614G)	65	195	0.3333333333333333	23402	23404
C22109G(S:Q183E)	28	86	0.32558139534883723	22108	22112
G21718T(S:Q52H)	25	93	0.26881720430107525	21716	21719
