Covariants	Count	Max_count	Freq	Coverage_start	Coverage_end
G22317T(S:G252V)	136	197	0.6903553299492385	22207	22347
C25416T(ORF3a:F8F)	115	126	0.9126984126984127	25381	25434
T23385A	56	99	0.5656565656565656	23250	23385
C23525T(S:H655Y) G23562A	55	58	0.9482758620689655	23411	23562
T21810C(S:V83A)	42	68	0.6176470588235294	21765	21900
A23403G(S:D614G)	34	42	0.8095238095238095	23325	23468
G22317T(S:G252V) T22348C(S:A262A)	23	49	0.46938775510204084	22206	22348
C23601T T23752A(S:S730S)	15	21	0.7142857142857143	23600	23752
(21764,6)(S:DEL69/70)	11	58	0.1896551724137931	21673	21817
T22200A(S:V213E)	11	18	0.6111111111111112	22128	22243
C22295A(S:H245N)	11	195	0.05641025641025641	22206	22347
C23525T(S:H655Y)	11	73	0.1506849315068493	23461	23561
A24652T	10	71	0.14084507042253522	24651	24803
