Covariants	Count	Max_count	Freq	Coverage_start	Coverage_end
A24424T(S:Q954H) T24469A(S:N969K)	216	375	0.576	24415	24488
T23599G(S:N679K) C23604A(S:P681H) A23669T(S:N703Y)	210	547	0.38391224862888484	23580	23670
T23599G(S:N679K) C23604A(S:P681H)	191	793	0.2408575031525851	23579	23661
C25416T(ORF3a:F8F)	136	264	0.5151515151515151	25381	25438
C23525T(S:H655Y) T23599G(S:N679K) C23604A(S:P681H)	93	191	0.4869109947643979	23508	23606
G22317T(S:G252V)	74	105	0.7047619047619048	22310	22323
(25262,1)(S:DEL1235)	59	111	0.5315315315315315	25252	25263
A23403G(S:D614G)	54	288	0.1875	23342	23420
A24424T(S:Q954H)	53	376	0.14095744680851063	24413	24488
C25000T(S:D1146D)	41	86	0.47674418604651164	24992	25026
(23334,1)(S:DEL592)	35	264	0.13257575757575757	23322	23336
G22813T(S:K417N) T22882G(S:N440K) G22895C(S:V445P) T22896C(S:V445P) G22898A(S:G446S) T22942G(S:N460K)	28	68	0.4117647058823529	22809	22945
C23854A(S:N764K)	28	198	0.1414141414141414	23765	23858
C23525T(S:H655Y)	27	289	0.09342560553633218	23485	23540
G22813T(S:K417N) T22882G(S:N440K)	22	134	0.16417910447761194	22791	22884
(23486,1)(S:DEL643) C23525T(S:H655Y) T23599G(S:N679K) C23604A(S:P681H)	19	169	0.11242603550295859	23478	23645
(24981,1)(S:DEL1141) C25000T(S:D1146D)	19	43	0.4418604651162791	24849	25000
G22813T(S:K417N) T22882G(S:N440K) G22895C(S:V445P) T22896C(S:V445P) G22898A(S:G446S)	16	95	0.16842105263157894	22791	22898
T23487G C23525T(S:H655Y) T23599G(S:N679K) C23604A(S:P681H)	16	171	0.0935672514619883	23486	23607
T22200A(S:V213E)	16	21	0.7619047619047619	22121	22208
T23075C(S:Y505H)	15	45	0.3333333333333333	23074	23154
T23335C A23403G(S:D614G)	11	190	0.05789473684210526	23334	23420
G22813T(S:K417N)	10	144	0.06944444444444445	22791	22860
