Covariants	Count	Max_count	Freq	Coverage_start	Coverage_end
C25416T(ORF3a:F8F)	156	321	0.48598130841121495	25378	25434
C23525T(S:H655Y) G23562A	130	194	0.6701030927835051	23411	23562
G22317T(S:G252V)	111	208	0.5336538461538461	22207	22346
(21764,6)(S:DEL69/70)	83	127	0.6535433070866141	21674	21817
T23599G(S:N679K) C23604A(S:P681H)	44	49	0.8979591836734694	23514	23664
T23323C(S:I587I) A23403G(S:D614G)	36	46	0.782608695652174	23250	23468
T23323C(S:I587I) T23385A	32	104	0.3076923076923077	23250	23385
T23385A	24	116	0.20689655172413793	23250	23385
T21810C(S:V83A)	23	133	0.17293233082706766	21765	21817
C23525T(S:H655Y)	20	254	0.07874015748031496	23411	23561
(23500,1)(S:DEL647) C23525T(S:H655Y)	18	207	0.08695652173913043	23411	23561
T22200G(S:V213G)	17	22	0.7727272727272727	22129	22243
C23601T T23752A(S:S730S)	16	64	0.25	23600	23752
A24424T(S:Q954H) T24469A(S:N969K)	16	33	0.48484848484848486	24388	24537
A24652T	15	109	0.13761467889908258	24651	24802
C25416T(ORF3a:F8F) (25487,2)(ORF3a:DEL33)	15	298	0.050335570469798654	25377	25518
A23403G(S:D614G)	14	58	0.2413793103448276	23325	23468
C23422G(S:V620V) C23525T(S:H655Y)	13	207	0.06280193236714976	23413	23561
A24388T A24424T(S:Q954H) T24469A(S:N969K) A24539G	11	30	0.36666666666666664	24386	24539
G21987A(S:G142D) T22099A(S:L179L)	10	11	0.9090909090909091	21949	22099
