Covariants	Count	Max_count	Freq	Coverage_start	Coverage_end
C22109G(S:Q183E)	49	59	0.8305084745762712	22073	22110
C22033A(S:F157L)	34	278	0.1223021582733813	22031	22060
