Covariants	Count	Max_count	Freq	Coverage_start	Coverage_end
C23525T(S:H655Y) T23599G(S:N679K) C23604A(S:P681H)	132	502	0.26294820717131473	23509	23607
A24424T(S:Q954H) T24469A(S:N969K)	128	250	0.512	24416	24486
T23599G(S:N679K) C23604A(S:P681H)	121	982	0.12321792260692464	23580	23659
A24424T(S:Q954H)	54	254	0.2125984251968504	24406	24487
T23599G(S:N679K) C23604A(S:P681H) C23664T(S:A701V)	52	361	0.1440443213296399	23579	23665
C25416T(ORF3a:F8F)	46	99	0.46464646464646464	25381	25446
A23403G(S:D614G)	41	391	0.10485933503836317	23336	23405
G23518A(S:G652G) C23525T(S:H655Y) T23599G(S:N679K) C23604A(S:P681H)	40	461	0.08676789587852494	23485	23645
(23486,1)(S:DEL643) C23525T(S:H655Y) T23599G(S:N679K) C23604A(S:P681H)	39	385	0.1012987012987013	23471	23607
T23599G(S:N679K) C23604A(S:P681H) C23673T(S:S704L)	35	320	0.109375	23579	23676
C23525T(S:H655Y)	31	592	0.052364864864864864	23485	23553
(25262,1)(S:DEL1235)	31	110	0.2818181818181818	25248	25271
T23487G C23525T(S:H655Y) T23599G(S:N679K) C23604A(S:P681H)	30	388	0.07731958762886598	23486	23607
(23334,1)(S:DEL592)	28	275	0.10181818181818182	23322	23336
A23598G(S:N679R) T23599G(S:N679R) C23604A(S:P681H) C23664T(S:A701V)	21	361	0.05817174515235457	23579	23667
G22317T(S:G252V)	21	41	0.5121951219512195	22256	22324
G22813T(S:K417N) T22882G(S:N440K) G22895C(S:V445P) T22896C(S:V445P) G22898A(S:G446S) T22928C(S:F456L) T22942G(S:N460K)	17	76	0.2236842105263158	22791	22946
G22813T(S:K417N) T22882G(S:N440K) G22895C(S:V445P) T22896C(S:V445P)	17	123	0.13821138211382114	22791	22897
G22813T(S:K417N) T22882G(S:N440K) G22895C(S:V445P) T22896C(S:V445P) G22898A(S:G446S)	17	101	0.16831683168316833	22808	22898
G22813T(S:K417N) T22882G(S:N440K)	15	140	0.10714285714285714	22791	22884
C23854A(S:N764K)	14	145	0.09655172413793103	23765	23855
(24253,1)(S:DEL898)	14	150	0.09333333333333334	24226	24262
(23334,1)(S:DEL592) A23403G(S:D614G)	12	191	0.06282722513089005	23322	23405
T23075C(S:Y505H)	12	22	0.5454545454545454	23074	23158
