Covariants	Count	Max_count	Freq	Coverage_start	Coverage_end
A23063T(S:N501Y)	490	837	0.5854241338112306	23060	23076
G23012A(S:E484K) A23063T(S:N501Y)	281	359	0.7827298050139275	23008	23063
G23012A(S:E484K)	50	377	0.13262599469496023	23007	23013
G22813T(S:K417N)	33	37	0.8918918918918919	22811	22863
