Covariants	Count	Max_count	Freq	Coverage_start	Coverage_end
T23599G(S:N679K) C23604A(S:P681H) C23664T(S:A701V)	28	81	0.345679012345679	23579	23666
T23599G(S:N679K) C23604A(S:P681H)	26	81	0.32098765432098764	23579	23689
C25416T(ORF3a:F8F)	12	23	0.5217391304347826	25381	25465
