Covariants	Count	Max_count	Freq	Coverage_start	Coverage_end
A24424T(S:Q954H) T24469A(S:N969K)	13	19	0.6842105263157895	24406	24502
T23599G(S:N679K) C23604A(S:P681H)	11	41	0.2682926829268293	23579	23685
