Covariants	Count	Max_count	Freq	Coverage_start	Coverage_end
C21618T(S:T19I) (21632,9)(S:DEL25/27)	1966	2033	0.9670437776684703	21591	21652
(21632,9)(S:DEL25/27)	26	2033	0.01278898180029513	21590	21652
