Covariants	Count	Max_count	Freq	Coverage_start	Coverage_end
T23599G(S:N679K) C23604A(S:P681H)	454	1021	0.4446620959843291	23593	23660
A24424T(S:Q954H) T24469A(S:N969K)	280	406	0.6896551724137931	24416	24487
C23525T(S:H655Y) T23599G(S:N679K) C23604A(S:P681H)	204	318	0.6415094339622641	23512	23607
A23403G(S:D614G)	95	399	0.23809523809523808	23402	23406
C23854A(S:N764K)	91	294	0.30952380952380953	23792	23858
T24469A(S:N969K)	75	606	0.12376237623762376	24464	24538
G22813T(S:K417N) T22882G(S:N440K) G22895C(S:V445P) T22896C(S:V445P) G22898A(S:G446S) T22942G(S:N460K)	69	124	0.5564516129032258	22791	22944
C25416T(ORF3a:F8F)	64	130	0.49230769230769234	25382	25452
(25262,1)(S:DEL1235)	55	202	0.2722772277227723	25248	25263
T22200A(S:V213E)	45	70	0.6428571428571429	22117	22208
C25000T(S:D1146D)	41	127	0.3228346456692913	24984	25043
G22813T(S:K417N) T22882G(S:N440K) G22895C(S:V445P) T22896C(S:V445P) G22898A(S:G446S)	39	194	0.20103092783505155	22791	22898
G22317T(S:G252V)	33	57	0.5789473684210527	22256	22342
A24424T(S:Q954H)	32	422	0.07582938388625593	24406	24425
(24981,1)(S:DEL1141) C25000T(S:D1146D)	31	88	0.3522727272727273	24857	25002
T23075C(S:Y505H)	31	70	0.44285714285714284	23074	23156
A23403G(S:D614G) C23525T(S:H655Y)	27	185	0.14594594594594595	23342	23535
C23525T(S:H655Y)	25	558	0.044802867383512544	23471	23538
G22813T(S:K417N) T22882G(S:N440K)	21	238	0.08823529411764706	22791	22884
G21987A(S:G142D) (21990,3)(S:DEL144) (21999,1)(S:DEL147)	15	147	0.10204081632653061	21842	22001
A23013C(S:E484A) T23018C(S:F486P) T23019C(S:F486P) T23031C(S:F490S) A23055G(S:Q498R) A23063T(S:N501Y) T23075C(S:Y505H)	15	18	0.8333333333333334	23005	23101
G22813T(S:K417N) T22882G(S:N440K) G22895C(S:V445P) T22896C(S:V445P)	15	217	0.06912442396313365	22791	22896
T23335C	13	285	0.0456140350877193	23334	23420
(23887,1)(S:DEL776)	12	274	0.043795620437956206	23765	23888
G22813T(S:K417N) T22882G(S:N440K) G22895C G22898A(S:G446S)	12	194	0.061855670103092786	22791	22898
T23335C(S:S591S) A23403G(S:D614G)	11	248	0.04435483870967742	23334	23425
(23334,1)(S:DEL592)	11	284	0.03873239436619718	23331	23336
(23486,1)(S:DEL643) C23525T(S:H655Y) T23599G(S:N679K) C23604A(S:P681H)	10	303	0.033003300330033	23471	23627
