Covariants	Count	Max_count	Freq	Coverage_start	Coverage_end
C25416T(ORF3a:F8F)	41	57	0.7192982456140351	25377	25434
G22317T(S:G252V)	37	63	0.5873015873015873	22207	22347
C23525T(S:H655Y) G23562A	33	33	1.0	23411	23562
T23385A	10	22	0.45454545454545453	23250	23385
