Covariants	Count	Max_count	Freq	Coverage_start	Coverage_end
C23525T(S:H655Y) T23599G(S:N679K) C23604A(S:P681H)	206	522	0.3946360153256705	23505	23604
A24424T(S:Q954H) T24469A(S:N969K)	192	296	0.6486486486486487	24416	24486
G22813T(S:K417N) T22882G(S:N440K) G22895C(S:V445P) T22896C(S:V445P) G22898A(S:G446S) T22942G(S:N460K)	75	165	0.45454545454545453	22808	22942
G22317T(S:G252V)	70	112	0.625	22256	22324
G22813T(S:K417N) T22882G(S:N440K) G22895C(S:V445P) T22896C(S:V445P) G22898A(S:G446S)	60	240	0.25	22801	22898
A23403G(S:D614G)	58	390	0.14871794871794872	23268	23405
(23486,1)(S:DEL643) C23525T(S:H655Y) T23599G(S:N679K) C23604A(S:P681H)	51	433	0.11778290993071594	23471	23607
C25416T(ORF3a:F8F)	51	106	0.4811320754716981	25371	25451
(23334,1)(S:DEL592)	41	341	0.12023460410557185	23269	23339
C23525T(S:H655Y)	35	575	0.06086956521739131	23485	23551
A24424T(S:Q954H)	34	296	0.11486486486486487	24415	24488
(23334,1)(S:DEL592) A23403G(S:D614G)	27	274	0.09854014598540146	23268	23425
T23487G C23525T(S:H655Y) T23599G(S:N679K) C23604A(S:P681H)	27	434	0.06221198156682028	23486	23638
(25262,1)(S:DEL1235)	27	160	0.16875	25130	25263
C23854A(S:N764K)	24	412	0.05825242718446602	23703	23873
(24672,1)(S:DEL1038)	20	46	0.43478260869565216	24607	24692
G22813T(S:K417N) T22882G(S:N440K) G22895C(S:V445P) T22896C(S:V445P)	17	260	0.06538461538461539	22791	22896
C25000T(S:D1146D)	16	128	0.125	24849	25026
(23816,1)(S:DEL753)	15	430	0.03488372093023256	23682	23817
(24981,1)(S:DEL1141) C25000T(S:D1146D)	15	117	0.1282051282051282	24857	25002
C23525T(S:H655Y) T23599G(S:N679K) C23604A(S:P681H) C23635T(S:S691S)	13	478	0.027196652719665274	23485	23645
G22813T(S:K417N)	11	286	0.038461538461538464	22791	22871
G22813T(S:K417N) T22882G(S:N440K)	10	276	0.036231884057971016	22791	22882
