Covariants	Count	Max_count	Freq	Coverage_start	Coverage_end
A23403G(S:D614G)	38	142	0.2676056338028169	23402	23405
G21718T(S:Q52H)	15	48	0.3125	21716	21746
C22109G(S:Q183E)	13	46	0.2826086956521739	22108	22114
