Covariants	Count	Max_count	Freq	Coverage_start	Coverage_end
T23599G(S:N679K) C23604A(S:P681H)	573	1477	0.3879485443466486	23593	23660
A24424T(S:Q954H) T24469A(S:N969K)	298	499	0.5971943887775552	24417	24486
C23525T(S:H655Y) T23599G(S:N679K) C23604A(S:P681H)	217	588	0.36904761904761907	23516	23607
C25416T(ORF3a:F8F)	85	226	0.37610619469026546	25381	25438
C23854A(S:N764K)	84	549	0.15300546448087432	23792	23859
T24469A(S:N969K)	83	717	0.11576011157601115	24464	24541
A24424T(S:Q954H)	83	511	0.162426614481409	24415	24488
(23486,1)(S:DEL643) C23525T(S:H655Y) T23599G(S:N679K) C23604A(S:P681H)	83	526	0.15779467680608364	23471	23607
A23403G(S:D614G)	69	599	0.11519198664440734	23381	23413
C23525T(S:H655Y)	56	930	0.060215053763440864	23485	23540
T23487G C23525T(S:H655Y) T23599G(S:N679K) C23604A(S:P681H)	51	527	0.0967741935483871	23486	23607
(25262,1)(S:DEL1235)	50	264	0.1893939393939394	25248	25272
A23403G(S:D614G) C23525T(S:H655Y)	47	217	0.21658986175115208	23351	23529
G22813T(S:K417N) T22882G(S:N440K) G22895C(S:V445P) T22896C(S:V445P) G22898A(S:G446S)	37	168	0.22023809523809523	22808	22898
G22813T(S:K417N) T22882G(S:N440K) G22895C(S:V445P) T22896C(S:V445P) G22898A(S:G446S) T22942G(S:N460K)	35	101	0.3465346534653465	22808	22949
C25000T(S:D1146D)	35	142	0.24647887323943662	24992	25068
(23334,1)(S:DEL592) A23403G(S:D614G)	23	376	0.061170212765957445	23322	23408
G22317T(S:G252V)	23	65	0.35384615384615387	22272	22321
C23280T(S:T573I) A23403G(S:D614G)	21	168	0.125	23268	23425
G22813T(S:K417N) T22882G(S:N440K)	21	211	0.0995260663507109	22791	22884
C21618T(S:T19I) (21632,9)(S:DEL25/27)	20	42	0.47619047619047616	21596	21670
T23075C(S:Y505H)	20	45	0.4444444444444444	23074	23156
(23334,1)(S:DEL592)	20	430	0.046511627906976744	23322	23336
(24981,1)(S:DEL1141) C25000T(S:D1146D)	17	101	0.16831683168316833	24849	25000
C23280T(S:T573I) (23334,1)(S:DEL592)	16	218	0.07339449541284404	23268	23363
(24320,1)(S:DEL921)	14	124	0.11290322580645161	24226	24321
G22813T(S:K417N)	14	227	0.06167400881057269	22791	22858
T24469A(S:N969K) (24672,1)(S:DEL1038)	12	133	0.09022556390977443	24464	24673
(21764,6)(S:DEL69/70) (21817,1)(S:DEL86)	12	20	0.6	21756	21826
T22200A(S:V213E)	12	30	0.4	22117	22203
G22813T(S:K417N) T22882G(S:N440K) G22895C(S:V445P) T22896C(S:V445P)	12	186	0.06451612903225806	22791	22896
C23525T(S:H655Y) A23558G(S:I666V) T23599G(S:N679K) C23604A(S:P681H)	11	588	0.01870748299319728	23485	23607
G22813T(S:K417N) T22882G(S:N440K) T22917G(S:L452R)	10	121	0.08264462809917356	22791	22923
