Covariants	Count	Max_count	Freq	Coverage_start	Coverage_end
A23403G(S:D614G)	6606	7061	0.9355615351933154	23368	23403
T21810C(S:V83A)	1823	3579	0.5093601564682873	21809	21811
C21618T(S:T19I) (21632,9)(S:DEL25/27)	1391	2288	0.6079545454545454	21616	21692
C21618T(S:T19I) (21632,9)(S:DEL25/27) T21810C(S:V83A)	728	1195	0.6092050209205021	21615	21811
G22317T(S:G252V)	514	1354	0.37961595273264404	22315	22318
T22200A(S:V213E)	296	531	0.5574387947269304	22199	22273
C22480T(S:F306F)	237	555	0.42702702702702705	22433	22480
G22317T(S:G252V) C22480T(S:F306F)	201	346	0.5809248554913294	22316	22481
T22200A(S:V213E) G22317T(S:G252V)	131	448	0.2924107142857143	22196	22318
C22664A(S:L368I) C22674T(S:S371F) T22679C(S:S373P) C22686T(S:S375F) A22688G(S:T376A)	70	325	0.2153846153846154	22661	22703
T22200A(S:V213E) C22480T(S:F306F)	68	74	0.918918918918919	22194	22481
G22577C(S:G339H) G22578A(S:G339H) G22599C(S:R346T)	65	241	0.2697095435684647	22563	22600
(21632,9)(S:DEL25/27)	53	2316	0.022884283246977548	21621	21692
G22577C(S:G339H) G22578A(S:G339H) G22599C(S:R346T) C22664A(S:L368I) C22674T(S:S371F) T22679C(S:S373P) C22686T(S:S375F) A22688G(S:T376A)	48	154	0.3116883116883117	22564	22695
C22664A(S:L368I) C22674T(S:S371F) T22679C(S:S373P) C22686T(S:S375F) A22688G(S:T376A) G22775A(S:D405N) A22786C(S:R408S) G22813T(S:K417N)	38	93	0.40860215053763443	22663	22813
(21632,9)(S:DEL25/27) T21810C(S:V83A)	34	1214	0.02800658978583196	21620	21812
G22775A(S:D405N) A22786C(S:R408S) G22813T(S:K417N)	32	135	0.23703703703703705	22752	22814
C25416T(ORF3a:F8F)	30	33	0.9090909090909091	25334	25416
A23193G(S:N544S)	23	7021	0.003275886625836775	23185	23215
G22577C(S:G339H) G22578A(S:G339H) G22599C(S:R346T) G22775A(S:D405N) A22786C(S:R408S) G22813T(S:K417N)	18	33	0.5454545454545454	22563	22814
G22577C(S:G339H) G22578A(S:G339H) C22664A(S:L368I) C22674T(S:S371F) T22679C(S:S373P) C22686T(S:S375F) A22688G(S:T376A)	17	154	0.11038961038961038	22563	22703
G22577C(S:G339H) G22578A(S:G339H) G22599C(S:R346T) C22664A(S:L368I)	16	173	0.09248554913294797	22568	22664
G22775A(S:D405N) A22786C(S:R408S)	14	174	0.08045977011494253	22717	22796
C22664A(S:L368I) C22674T(S:S371F) T22679C(S:S373P) C22686T(S:S375F) A22688G(S:T376A) G22775A(S:D405N) A22786C(S:R408S)	10	117	0.08547008547008547	22660	22802
