Covariants	Count	Max_count	Freq	Coverage_start	Coverage_end
C25416T(ORF3a:F8F)	77	110	0.7	25377	25434
G22317T(S:G252V)	72	121	0.5950413223140496	22207	22347
T21810C(S:V83A)	40	73	0.547945205479452	21768	21900
C23525T(S:H655Y) G23562A	20	31	0.6451612903225806	23411	23562
(21764,6)(S:DEL69/70)	13	66	0.19696969696969696	21674	21817
A22320G(S:D253G)	11	121	0.09090909090909091	22207	22347
T23385A	11	24	0.4583333333333333	23250	23385
G25437T(ORF3a:L15F)	11	100	0.11	25307	25457
C25000T(S:D1146D)	10	10	1.0	24926	25076
