Covariants	Count	Max_count	Freq	Coverage_start	Coverage_end
A23403G(S:D614G)	2573	3532	0.7284824462061155	23401	23403
C23854A(S:N764K)	1687	2118	0.7965061378659113	23828	23854
C23266T(S:D568D)	1206	5122	0.23545490042951972	23265	23266
T23599G(S:N679K) C23604A(S:P681H)	955	1355	0.7047970479704797	23598	23673
T21810C(S:V83A)	722	1834	0.3936750272628135	21809	21818
C21618T(S:T19I) (21632,9)(S:DEL25/27) G21718T(S:Q52H)	477	994	0.4798792756539235	21615	21722
G21718T(S:Q52H)	430	1891	0.22739291380222104	21712	21727
C23266T(S:D568D) A23403G(S:D614G)	430	1582	0.2718078381795196	23264	23403
C21618T(S:T19I) (21632,9)(S:DEL25/27)	410	1283	0.3195635229929852	21612	21652
G21718T(S:Q52H) T21810C(S:V83A)	373	1105	0.3375565610859729	21716	21810
C23123A(S:P521T)	323	1645	0.19635258358662613	23122	23193
T23599G(S:N679K) C23604A(S:P681H) C23854A(S:N764K)	273	313	0.8722044728434505	23598	23854
C21618T(S:T19I) (21632,9)(S:DEL25/27) T21810C(S:V83A)	244	477	0.5115303983228512	21613	21812
C23123A(S:P521T) C23266T(S:D568D)	218	989	0.2204246713852376	23122	23266
G23401T(S:Q613H) A23403G(S:D614G)	176	3532	0.04983012457531144	23363	23406
C25000T(S:D1146D)	150	183	0.819672131147541	24991	25000
G22317T(S:G252V)	131	236	0.5550847457627118	22312	22326
C21618T(S:T19I) (21632,9)(S:DEL25/27) G21718T(S:Q52H) T21810C(S:V83A)	82	477	0.1719077568134172	21615	21811
C23123A(S:P521T) A23403G(S:D614G)	78	259	0.30115830115830117	23120	23403
A23403G(S:D614G) C23525T(S:H655Y)	54	102	0.5294117647058824	23401	23525
T22200A(S:V213E)	52	88	0.5909090909090909	22199	22281
C21618T(S:T19I)	44	1330	0.03308270676691729	21539	21618
C23525T(S:H655Y)	37	154	0.24025974025974026	23497	23525
T22200A(S:V213E) G22317T(S:G252V)	31	70	0.44285714285714284	22198	22321
(21632,9)(S:DEL25/27) G21718T(S:Q52H)	30	1010	0.0297029702970297	21620	21719
C23604A(S:P681H)	23	1371	0.016776075857038657	23603	23679
C23525T(S:H655Y) T23599G(S:N679K)	20	56	0.35714285714285715	23507	23601
C23525T(S:H655Y) T23599G(S:N679K) C23604A(S:P681H)	20	33	0.6060606060606061	23521	23605
(21632,9)(S:DEL25/27) G21718T(S:Q52H) T21810C(S:V83A)	13	488	0.02663934426229508	21620	21812
A23403G(S:D614G) C23525T(S:H655Y) T23599G(S:N679K) C23604A(S:P681H)	10	15	0.6666666666666666	23401	23605
C23604A(S:P681H) C23854A(S:N764K)	10	316	0.03164556962025317	23602	23854
