Covariants	Count	Max_count	Freq	Coverage_start	Coverage_end
T23599G(S:N679K) C23604A(S:P681H)	230	949	0.24236037934668073	23579	23629
C23525T(S:H655Y) T23599G(S:N679K) C23604A(S:P681H)	215	440	0.48863636363636365	23508	23605
A24424T(S:Q954H) T24469A(S:N969K)	212	374	0.5668449197860963	24417	24478
T24469A(S:N969K)	87	575	0.15130434782608695	24464	24536
T23599G(S:N679K) C23604A(S:P681H) C23664T(S:A701V)	83	464	0.1788793103448276	23580	23665
A23403G(S:D614G)	82	363	0.22589531680440772	23351	23408
C25416T(ORF3a:F8F)	75	140	0.5357142857142857	25383	25451
C23525T(S:H655Y)	67	606	0.11056105610561057	23485	23551
(25262,1)(S:DEL1235)	65	173	0.37572254335260113	25248	25263
A24424T(S:Q954H)	61	375	0.16266666666666665	24418	24486
G22813T(S:K417N) T22882G(S:N440K) G22895C(S:V445P) T22896C(S:V445P) G22898A(S:G446S)	39	117	0.3333333333333333	22791	22898
(23486,1)(S:DEL643) C23525T(S:H655Y) T23599G(S:N679K) C23604A(S:P681H)	36	393	0.0916030534351145	23477	23645
(23334,1)(S:DEL592)	36	299	0.12040133779264214	23322	23336
C23854A(S:N764K)	33	172	0.19186046511627908	23792	23858
G22813T(S:K417N) T22882G(S:N440K)	30	175	0.17142857142857143	22791	22883
(24981,1)(S:DEL1141) C25000T(S:D1146D)	25	79	0.31645569620253167	24849	25004
C25000T(S:D1146D)	24	122	0.19672131147540983	24984	25064
G22317T(S:G252V)	20	45	0.4444444444444444	22249	22335
T23487G C23525T(S:H655Y) T23599G(S:N679K) C23604A(S:P681H)	20	396	0.050505050505050504	23486	23607
G22813T(S:K417N) T22882G(S:N440K) G22895C(S:V445P) T22896C(S:V445P)	16	140	0.11428571428571428	22791	22896
T23075C(S:Y505H)	15	28	0.5357142857142857	23074	23156
(24320,1)(S:DEL921)	12	93	0.12903225806451613	24217	24321
T22200A(S:V213E)	11	20	0.55	22117	22214
(23334,1)(S:DEL592) A23403G(S:D614G)	11	226	0.048672566371681415	23268	23411
A23403G(S:D614G) C23525T(S:H655Y)	10	56	0.17857142857142858	23349	23529
(24253,1)(S:DEL898)	10	124	0.08064516129032258	24227	24261
