Covariants	Count	Max_count	Freq	Coverage_start	Coverage_end
C22109G(S:Q183E)	10	11	0.9090909090909091	22077	22114
G23236T(S:K558N)	10	117	0.08547008547008547	23212	23270
