Covariants	Count	Max_count	Freq	Coverage_start	Coverage_end
T23599G(S:N679K) C23604A(S:P681H)	433	1136	0.38116197183098594	23580	23660
A24424T(S:Q954H) T24469A(S:N969K)	159	275	0.5781818181818181	24416	24487
T23599G(S:N679K) C23604A(S:P681H) C23673T(S:S704L)	112	681	0.1644640234948605	23585	23676
C23525T(S:H655Y) T23599G(S:N679K) C23604A(S:P681H)	80	293	0.27303754266211605	23508	23605
(23486,1)(S:DEL643) C23525T(S:H655Y) T23599G(S:N679K) C23604A(S:P681H)	46	226	0.20353982300884957	23471	23607
(25262,1)(S:DEL1235)	43	107	0.40186915887850466	25248	25263
A24424T(S:Q954H)	40	282	0.14184397163120568	24413	24486
C25416T(ORF3a:F8F)	39	70	0.5571428571428572	25381	25451
G22813T(S:K417N) T22882G(S:N440K) G22895C(S:V445P) T22896C(S:V445P) G22898A(S:G446S)	31	106	0.29245283018867924	22801	22898
A23403G(S:D614G)	29	361	0.08033240997229917	23351	23405
C23525T(S:H655Y)	29	411	0.0705596107055961	23485	23551
T24469A(S:N969K)	27	337	0.08011869436201781	24464	24533
T23487G C23525T(S:H655Y) T23599G(S:N679K) C23604A(S:P681H)	23	232	0.09913793103448276	23486	23607
G22813T(S:K417N) T22882G(S:N440K)	23	164	0.1402439024390244	22791	22886
(23334,1)(S:DEL592)	22	234	0.09401709401709402	23322	23336
G22813T(S:K417N) T22882G(S:N440K) G22895C(S:V445P) T22896C(S:V445P)	21	135	0.15555555555555556	22808	22896
C25000T(S:D1146D)	21	113	0.18584070796460178	24984	25071
G22317T(S:G252V)	19	37	0.5135135135135135	22256	22324
C23854A(S:N764K)	16	276	0.057971014492753624	23765	23858
G22813T(S:K417N) T22882G(S:N440K) G22895C(S:V445P) T22896C(S:V445P) G22898A(S:G446S) T22942G(S:N460K)	13	54	0.24074074074074073	22791	22944
G22813T(S:K417N) T22882G(S:N440K) G22895C(S:V445P) T22896C(S:V445P) G22898A(S:G446S) G22927T(S:L455F) T22928C(S:F456L) T22942G(S:N460K)	12	54	0.2222222222222222	22795	22942
(24253,1)(S:DEL898)	11	98	0.11224489795918367	24226	24276
