Covariants	Count	Max_count	Freq	Coverage_start	Coverage_end
C23525T(S:H655Y) T23599G(S:N679K) C23604A(S:P681H)	448	826	0.5423728813559322	23510	23605
T23599G(S:N679K) C23604A(S:P681H)	429	1598	0.26846057571964954	23594	23663
A24424T(S:Q954H) T24469A(S:N969K)	265	463	0.572354211663067	24416	24486
A24424T(S:Q954H)	88	463	0.1900647948164147	24413	24488
A23403G(S:D614G)	69	385	0.17922077922077922	23322	23406
(25262,1)(S:DEL1235)	68	338	0.20118343195266272	25248	25263
C25416T(ORF3a:F8F)	66	182	0.3626373626373626	25381	25451
C23854A(S:N764K)	64	588	0.10884353741496598	23775	23861
C23525T(S:H655Y)	48	921	0.05211726384364821	23485	23551
T24469A(S:N969K)	47	595	0.07899159663865546	24464	24502
(23486,1)(S:DEL643) C23525T(S:H655Y) T23599G(S:N679K) C23604A(S:P681H)	40	711	0.05625879043600562	23471	23645
C25000T(S:D1146D)	38	189	0.20105820105820105	24992	25028
G22813T(S:K417N) T22882G(S:N440K) A22893C(S:K444T) T22917G(S:L452R)	30	124	0.24193548387096775	22800	22921
(24981,1)(S:DEL1141) C25000T(S:D1146D)	29	158	0.18354430379746836	24857	25002
(23334,1)(S:DEL592)	28	310	0.09032258064516129	23322	23336
(23334,1)(S:DEL592) A23403G(S:D614G)	23	268	0.08582089552238806	23322	23405
G22813T(S:K417N) T22882G(S:N440K) A22893C(S:K444T)	23	191	0.12041884816753927	22799	22893
G22813T(S:K417N) T22882G(S:N440K) G22895C(S:V445P) T22896C(S:V445P) G22898A(S:G446S)	22	175	0.12571428571428572	22791	22898
G22813T(S:K417N) T22882G(S:N440K) A22893C(S:K444T) T22917G(S:L452R) T22942A(S:N460K)	22	100	0.22	22791	22944
T23487G C23525T(S:H655Y) T23599G(S:N679K) C23604A(S:P681H)	20	715	0.027972027972027972	23486	23627
G22813T(S:K417N) T22882G(S:N440K) G22895C(S:V445P) T22896C(S:V445P) G22898A(S:G446S) T22942G(S:N460K)	19	100	0.19	22791	22949
G22317T(S:G252V)	13	46	0.2826086956521739	22242	22340
