Covariants	Count	Max_count	Freq	Coverage_start	Coverage_end
T23599G(S:N679K) C23604A(S:P681H)	117	261	0.4482758620689655	23579	23666
A24424T(S:Q954H) T24469A(S:N969K)	39	49	0.7959183673469388	24414	24487
C23525T(S:H655Y) T23599G(S:N679K) C23604A(S:P681H)	23	60	0.38333333333333336	23508	23607
C23854A(S:N764K)	11	98	0.11224489795918367	23681	23866
