Covariants	Count	Max_count	Freq	Coverage_start	Coverage_end
C25416T(ORF3a:F8F)	103	159	0.6477987421383647	25377	25434
G22317T(S:G252V)	80	116	0.6896551724137931	22207	22347
T21810C(S:V83A)	36	58	0.6206896551724138	21765	21900
C23525T(S:H655Y) G23562A	31	35	0.8857142857142857	23411	23562
A23403G(S:D614G)	14	18	0.7777777777777778	23325	23468
T23385A	12	35	0.34285714285714286	23250	23385
