Covariants	Count	Max_count	Freq	Coverage_start	Coverage_end
C21618T(S:T19I) (21632,9)(S:DEL25/27)	892	933	0.9560557341907824	21591	21652
(21764,6)(S:DEL69/70)	292	295	0.9898305084745763	21756	21779
C21618T(S:T19I) C21622T(S:T20T) (21632,9)(S:DEL25/27)	20	933	0.021436227224008574	21591	21653
(21632,9)(S:DEL25/27)	11	933	0.011789924973204717	21590	21654
