Covariants	Count	Max_count	Freq	Coverage_start	Coverage_end
C23525T(S:H655Y) T23599G(S:N679K) C23604A(S:P681H)	133	271	0.4907749077490775	23505	23604
A24424T(S:Q954H) T24469A(S:N969K)	126	218	0.5779816513761468	24415	24487
T23599G(S:N679K) C23604A(S:P681H)	106	564	0.1879432624113475	23580	23655
T23599G(S:N679K) C23604A(S:P681H) C23664T(S:A701V)	57	254	0.22440944881889763	23579	23664
A24424T(S:Q954H)	39	221	0.17647058823529413	24406	24430
C25416T(ORF3a:F8F)	30	65	0.46153846153846156	25381	25451
T23487G C23525T(S:H655Y) T23599G(S:N679K) C23604A(S:P681H)	25	222	0.11261261261261261	23486	23619
(23334,1)(S:DEL592)	22	105	0.20952380952380953	23322	23336
(23486,1)(S:DEL643) C23525T(S:H655Y) T23599G(S:N679K) C23604A(S:P681H)	19	222	0.08558558558558559	23477	23607
(25262,1)(S:DEL1235)	18	51	0.35294117647058826	25248	25295
G22813T(S:K417N) T22882G(S:N440K)	16	102	0.1568627450980392	22791	22884
A23403G(S:D614G)	16	147	0.10884353741496598	23345	23406
C25000T(S:D1146D)	15	49	0.30612244897959184	24984	25067
(23816,1)(S:DEL753)	15	114	0.13157894736842105	23682	23819
T23599G(S:N679K) C23604A(S:P681H) (23641,1)(S:DEL694) C23664T(S:A701V)	12	254	0.047244094488188976	23579	23666
C23525T(S:H655Y)	12	334	0.03592814371257485	23485	23553
G22813T(S:K417N) T22882G(S:N440K) G22895C(S:V445P) T22896C(S:V445P) G22898A(S:G446S) T22928C(S:F456L) T22942G(S:N460K)	12	53	0.22641509433962265	22791	22968
C23854A(S:N764K)	12	85	0.1411764705882353	23765	23859
(24253,1)(S:DEL898)	11	136	0.08088235294117647	24217	24276
G22813T T22882G(S:N440K) G22895C(S:V445P) T22896C(S:V445P) G22898A(S:G446S)	11	71	0.15492957746478872	22809	22898
(23334,1)(S:DEL592) A23403G(S:D614G)	11	74	0.14864864864864866	23322	23412
G22813T(S:K417N) T22882G(S:N440K) G22895C(S:V445P) T22896C(S:V445P) G22898A(S:G446S) T22930A(S:F456L) T22942G(S:N460K)	11	53	0.20754716981132076	22791	22968
T23075C(S:Y505H)	11	18	0.6111111111111112	23074	23156
G22813T T22882G(S:N440K) G22895C(S:V445P) T22896C(S:V445P)	10	82	0.12195121951219512	22791	22896
G22317T(S:G252V)	10	36	0.2777777777777778	22249	22323
C22295T(S:H245Y) G22317T(S:G252V)	10	36	0.2777777777777778	22242	22324
