Covariants	Count	Max_count	Freq	Coverage_start	Coverage_end
T23599G(S:N679K) C23604A(S:P681H)	71	145	0.4896551724137931	23579	23660
A24424T(S:Q954H) T24469A(S:N969K)	38	57	0.6666666666666666	24421	24488
C25416T(ORF3a:F8F)	29	47	0.6170212765957447	25381	25453
A23403G(S:D614G)	12	63	0.19047619047619047	23322	23444
C23525T(S:H655Y) T23599G(S:N679K) C23604A(S:P681H)	12	43	0.27906976744186046	23490	23634
