Covariants	Count	Max_count	Freq	Coverage_start	Coverage_end
A23403G(S:D614G)	38	101	0.37623762376237624	23402	23404
C22109G(S:Q183E)	11	63	0.1746031746031746	22108	22115
