Covariants	Count	Max_count	Freq	Coverage_start	Coverage_end
G22317T(S:G252V)	289	342	0.8450292397660819	22235	22337
C25416T(ORF3a:F8F)	165	268	0.6156716417910447	25377	25434
(21764,6)(S:DEL69/70)	92	226	0.40707964601769914	21676	21817
A23403G(S:D614G)	73	87	0.8390804597701149	23325	23439
T21810C(S:V83A)	68	240	0.2833333333333333	21765	21817
C23525T(S:H655Y) G23562A	53	58	0.9137931034482759	23411	23562
T23385A	37	125	0.296	23250	23385
C23601T T23752A(S:S730S)	28	55	0.509090909090909	23600	23752
A24652T	23	150	0.15333333333333332	24651	24802
(25415,1)(ORF3a:DEL9)	18	268	0.06716417910447761	25377	25434
A23403G(S:D614G) C23525T(S:H655Y)	11	12	0.9166666666666666	23325	23561
A24388T A24424T(S:Q954H) T24469A(S:N969K) A24539G	11	15	0.7333333333333333	24387	24539
T22200A(S:V213E) G22317T(S:G252V)	10	16	0.625	22129	22347
