Covariants	Count	Max_count	Freq	Coverage_start	Coverage_end
A23403G(S:D614G)	54	142	0.38028169014084506	23379	23403
C22109G(S:Q183E)	10	45	0.2222222222222222	22072	22114
