Covariants	Count	Max_count	Freq	Coverage_start	Coverage_end
T23599G(S:N679K) C23604A(S:P681H)	72	207	0.34782608695652173	23580	23661
A24424T(S:Q954H) T24469A(S:N969K)	50	97	0.5154639175257731	24410	24487
A24424T(S:Q954H)	19	98	0.19387755102040816	24413	24487
C23525T(S:H655Y) T23599G(S:N679K) C23604A(S:P681H)	18	84	0.21428571428571427	23501	23607
(23486,1)(S:DEL643) C23525T(S:H655Y) T23599G(S:N679K) C23604A(S:P681H)	17	71	0.23943661971830985	23477	23607
C25416T(ORF3a:F8F)	17	25	0.68	25381	25452
A23403G(S:D614G)	11	86	0.12790697674418605	23268	23408
T23487G C23525T(S:H655Y) T23599G(S:N679K) C23604A(S:P681H)	11	71	0.15492957746478872	23486	23607
T24469A(S:N969K)	10	118	0.0847457627118644	24464	24557
