Covariants	Count	Max_count	Freq	Coverage_start	Coverage_end
T23599G(S:N679K) C23604A(S:P681H)	118	270	0.43703703703703706	23579	23664
G22317T(S:G252V)	38	51	0.7450980392156863	22295	22321
(23334,1)(S:DEL592)	27	113	0.23893805309734514	23322	23336
A24424T(S:Q954H) T24469A(S:N969K)	24	31	0.7741935483870968	24406	24488
T23487G(S:V642G) C23525T(S:H655Y) T23599G(S:N679K) C23604A(S:P681H)	17	45	0.37777777777777777	23486	23607
T23599G(S:N679K) C23604A(S:P681H) (23666,1)(S:DEL703)	17	191	0.08900523560209424	23590	23687
C23525T(S:H655Y) T23599G(S:N679K) C23604A(S:P681H)	16	55	0.2909090909090909	23485	23636
C25416T(ORF3a:F8F)	11	20	0.55	25371	25451
