Covariants	Count	Max_count	Freq	Coverage_start	Coverage_end
T23599G(S:N679K) C23604A(S:P681H)	179	341	0.5249266862170088	23579	23663
C23525T(S:H655Y) T23599G(S:N679K) C23604A(S:P681H)	33	73	0.4520547945205479	23505	23605
T24469A(S:N969K)	33	105	0.3142857142857143	24464	24565
A24424T(S:Q954H) T24469A(S:N969K)	24	34	0.7058823529411765	24413	24488
C25000T(S:D1146D)	12	23	0.5217391304347826	24984	25068
(23486,1)(S:DEL643) C23525T(S:H655Y) T23599G(S:N679K) C23604A(S:P681H)	10	61	0.16393442622950818	23471	23645
C23854A(S:N764K)	10	111	0.09009009009009009	23765	23888
