Covariants	Count	Max_count	Freq	Coverage_start	Coverage_end
G22317T(S:G252V)	129	192	0.671875	22207	22344
C25416T(ORF3a:F8F)	123	158	0.7784810126582279	25381	25434
T21810C(S:V83A)	119	191	0.6230366492146597	21797	21825
C23525T(S:H655Y) G23562A	54	74	0.7297297297297297	23411	23562
(21764,6)(S:DEL69/70)	46	183	0.25136612021857924	21674	21817
A23403G(S:D614G) C23525T(S:H655Y)	40	49	0.8163265306122449	23325	23561
T22882G(S:N440K) G22895C(S:V445P) T22896C(S:V445P) G22898A(S:G446S) T22942G(S:N460K) G22992A(S:S477N) C22995A(S:T478K) A23013C(S:E484A) T23018C(S:F486P) T23019C(S:F486P) T23031C(S:F490S) A23055G(S:Q498R) A23063T(S:N501Y) T23075C(S:Y505H)	34	52	0.6538461538461539	22850	23097
T22200A(S:V213E) G22317T(S:G252V)	26	29	0.896551724137931	22129	22347
C23525T(S:H655Y)	17	138	0.12318840579710146	23469	23561
C22664A(S:L368I) C22674T(S:S371F) T22679C(S:S373P) C22686T(S:S375F) A22688G(S:T376A) G22775A(S:D405N)	16	34	0.47058823529411764	22589	22781
C23854A(S:N764K)	12	14	0.8571428571428571	23773	23910
A24652T	12	57	0.21052631578947367	24651	24803
C22674T(S:S371F) T22679C(S:S373P) C22686T(S:S375F) A22688G(S:T376A) G22775A(S:D405N)	10	34	0.29411764705882354	22589	22781
A23403G(S:D614G)	10	58	0.1724137931034483	23325	23468
G21987A(S:G142D) (21990,3)(S:DEL144) C22000A(S:H146Q)	10	20	0.5	21949	22098
C23601T T23752A(S:S730S)	10	20	0.5	23600	23752
T23385A	10	69	0.14492753623188406	23250	23385
