Covariants	Count	Max_count	Freq	Coverage_start	Coverage_end
C22109G(S:Q183E)	34	48	0.7083333333333334	22073	22111
A23403G(S:D614G)	14	17	0.8235294117647058	23402	23403
C22033A(S:F157L)	13	186	0.06989247311827956	22031	22072
