Covariants	Count	Max_count	Freq	Coverage_start	Coverage_end
T23599G(S:N679K) C23604A(S:P681H)	349	1045	0.3339712918660287	23593	23645
A24424T(S:Q954H) T24469A(S:N969K)	239	403	0.5930521091811415	24416	24488
C23525T(S:H655Y) T23599G(S:N679K) C23604A(S:P681H)	116	405	0.28641975308641976	23498	23607
C25416T(ORF3a:F8F)	106	214	0.4953271028037383	25381	25442
A23403G(S:D614G)	73	416	0.17548076923076922	23322	23405
(23486,1)(S:DEL643) C23525T(S:H655Y) T23599G(S:N679K) C23604A(S:P681H)	70	342	0.2046783625730994	23471	23607
A24424T(S:Q954H)	61	419	0.14558472553699284	24413	24425
G22317T(S:G252V)	56	102	0.5490196078431373	22250	22321
(23334,1)(S:DEL592) A23403G(S:D614G)	55	297	0.18518518518518517	23322	23405
(23334,1)(S:DEL592)	40	365	0.1095890410958904	23322	23336
G22813T(S:K417N) T22882G(S:N440K) G22895C(S:V445P) T22896C(S:V445P) G22898A(S:G446S)	38	122	0.3114754098360656	22791	22898
(25262,1)(S:DEL1235)	36	114	0.3157894736842105	25248	25264
C23854A(S:N764K)	30	364	0.08241758241758242	23765	23857
T22200A(S:V213E)	28	46	0.6086956521739131	22117	22202
T23487G C23525T(S:H655Y) T23599G(S:N679K) C23604A(S:P681H)	21	343	0.061224489795918366	23486	23607
G22813T(S:K417N) T22882G(S:N440K) G22895C(S:V445P) T22896C(S:V445P)	19	142	0.13380281690140844	22791	22896
(24981,1)(S:DEL1141) C25000T(S:D1146D)	19	55	0.34545454545454546	24849	25001
C25000T(S:D1146D)	17	84	0.20238095238095238	24984	25064
T23599G(S:N679K) C23604A(S:P681H) C23679T(S:A706V)	16	547	0.029250457038391225	23579	23703
(24253,1)(S:DEL898)	16	157	0.10191082802547771	24217	24262
C23525T(S:H655Y)	15	550	0.02727272727272727	23471	23551
C21618T(S:T19I) (21632,9)(S:DEL25/27)	14	28	0.5	21604	21680
A23403G(S:D614G) C23525T(S:H655Y)	14	83	0.1686746987951807	23339	23529
G22813T(S:K417N) T22882G(S:N440K)	13	158	0.08227848101265822	22791	22887
A23013C(S:E484A) T23018C(S:F486P) T23019C(S:F486P) T23031C(S:F490S) A23055G(S:Q498R) A23063T(S:N501Y) T23075C(S:Y505H)	13	22	0.5909090909090909	23005	23076
G22813T(S:K417N) T22882G(S:N440K) G22895C(S:V445P) T22896C(S:V445P) G22898A(S:G446S) T22942G(S:N460K)	13	63	0.20634920634920634	22801	22945
T23075C(S:Y505H)	10	45	0.2222222222222222	23074	23161
T23599G(S:N679K) C23604A(S:P681H) G23608T(S:R682R)	10	1037	0.009643201542912247	23579	23659
