Covariants	Count	Max_count	Freq	Coverage_start	Coverage_end
C25416T(ORF3a:F8F)	135	143	0.9440559440559441	25381	25434
G22317T(S:G252V)	116	144	0.8055555555555556	22207	22347
C23525T(S:H655Y) G23562A	44	48	0.9166666666666666	23411	23562
T23385A	42	73	0.5753424657534246	23250	23385
T21810C(S:V83A)	30	58	0.5172413793103449	21765	21900
A23403G(S:D614G)	24	30	0.8	23325	23468
C23601T T23752A(S:S730S)	13	22	0.5909090909090909	23600	23752
(21764,6)(S:DEL69/70)	10	53	0.18867924528301888	21674	21784
