Covariants	Count	Max_count	Freq	Coverage_start	Coverage_end
T23599G(S:N679K) C23604A(S:P681H)	49	120	0.4083333333333333	23580	23670
C23525T(S:H655Y) T23599G(S:N679K) C23604A(S:P681H)	28	58	0.4827586206896552	23491	23607
A24424T(S:Q954H) T24469A(S:N969K)	23	39	0.5897435897435898	24410	24488
A23403G(S:D614G)	19	49	0.3877551020408163	23322	23415
C25416T(ORF3a:F8F)	16	22	0.7272727272727273	25381	25475
(25262,1)(S:DEL1235)	15	32	0.46875	25248	25323
C23854A(S:N764K)	13	36	0.3611111111111111	23765	23858
