Covariants	Count	Max_count	Freq	Coverage_start	Coverage_end
A23403G(S:D614G)	34	105	0.3238095238095238	23402	23404
C22109G(S:Q183E)	11	33	0.3333333333333333	22108	22114
