Covariants	Count	Max_count	Freq	Coverage_start	Coverage_end
T23599G(S:N679K) C23604A(S:P681H)	37	169	0.21893491124260356	23580	23664
A24424T(S:Q954H) T24469A(S:N969K)	21	37	0.5675675675675675	24410	24487
C23525T(S:H655Y) T23599G(S:N679K) C23604A(S:P681H)	17	88	0.19318181818181818	23505	23607
T23487G C23525T(S:H655Y) T23599G(S:N679K) C23604A(S:P681H)	16	74	0.21621621621621623	23486	23645
A23403G(S:D614G) A23416T(S:T618T)	12	85	0.1411764705882353	23322	23426
(23486,1)(S:DEL643) C23525T(S:H655Y) T23599G(S:N679K) C23604A(S:P681H)	11	73	0.1506849315068493	23471	23629
A24424T(S:Q954H)	10	37	0.2702702702702703	24406	24488
