Covariants	Count	Max_count	Freq	Coverage_start	Coverage_end
A23403G(S:D614G)	27	94	0.2872340425531915	23379	23404
C22109G(S:Q183E)	25	65	0.38461538461538464	22108	22112
