Covariants	Count	Max_count	Freq	Coverage_start	Coverage_end
C23525T(S:H655Y) T23599G(S:N679K) C23604A(S:P681H)	13	32	0.40625	23486	23607
T24469A(S:N969K)	11	39	0.28205128205128205	24464	24660
T23599G(S:N679K) C23604A(S:P681H)	10	51	0.19607843137254902	23579	23669
