Covariants	Count	Max_count	Freq	Coverage_start	Coverage_end
T23599G(S:N679K) C23604A(S:P681H)	678	1383	0.49023861171366595	23593	23663
T24469A(S:N969K)	193	639	0.30203442879499215	24464	24537
A24424T(S:Q954H) T24469A(S:N969K)	161	277	0.5812274368231047	24416	24478
C23525T(S:H655Y) T23599G(S:N679K) C23604A(S:P681H)	141	359	0.39275766016713093	23505	23605
C25416T(ORF3a:F8F)	101	185	0.5459459459459459	25384	25451
A23403G(S:D614G)	57	371	0.15363881401617252	23375	23424
(25262,1)(S:DEL1235)	55	168	0.3273809523809524	25248	25263
C23525T(S:H655Y)	40	554	0.07220216606498195	23485	23551
T23487G C23525T(S:H655Y) T23599G(S:N679K) C23604A(S:P681H)	40	308	0.12987012987012986	23486	23607
(23486,1)(S:DEL643) C23525T(S:H655Y) T23599G(S:N679K) C23604A(S:P681H)	40	306	0.13071895424836602	23471	23607
C25000T(S:D1146D)	39	145	0.2689655172413793	24985	25069
G22813T(S:K417N) T22882G(S:N440K) G22895C(S:V445P) T22896C(S:V445P) G22898A(S:G446S)	33	125	0.264	22808	22898
G22813T(S:K417N) T22882G(S:N440K) G22895C(S:V445P) T22896C(S:V445P) G22898A(S:G446S) T22942G(S:N460K)	32	80	0.4	22800	22968
A24424T(S:Q954H)	28	291	0.09621993127147767	24406	24438
A23403G(S:D614G) C23525T(S:H655Y)	22	102	0.21568627450980393	23350	23532
G22317T(S:G252V)	22	45	0.4888888888888889	22291	22322
C23854A(S:N764K)	19	406	0.046798029556650245	23765	23858
(23334,1)(S:DEL592) A23403G(S:D614G)	18	240	0.075	23322	23405
T22200A(S:V213E)	18	34	0.5294117647058824	22131	22208
T23075C(S:Y505H)	18	39	0.46153846153846156	23074	23156
G22813T(S:K417N) T22882G(S:N440K) G22895C(S:V445P) T22896C(S:V445P)	18	145	0.12413793103448276	22791	22897
(23334,1)(S:DEL592)	16	273	0.05860805860805861	23322	23336
(24672,1)(S:DEL1038)	12	369	0.032520325203252036	24607	24673
(24320,1)(S:DEL921)	10	114	0.08771929824561403	24217	24321
(24981,1)(S:DEL1141) C25000T(S:D1146D)	10	102	0.09803921568627451	24849	25002
G21987A(S:G142D) (21990,3)(S:DEL144) (21999,1)(S:DEL147)	10	204	0.049019607843137254	21925	22001
