Covariants	Count	Max_count	Freq	Coverage_start	Coverage_end
T23599G(S:N679K) C23604A(S:P681H)	28	91	0.3076923076923077	23580	23666
T23599G(S:N679K) C23604A(S:P681H) C23664T(S:A701V)	22	77	0.2857142857142857	23579	23697
C25416T(ORF3a:F8F)	10	14	0.7142857142857143	25384	25470
