Covariants	Count	Max_count	Freq	Coverage_start	Coverage_end
C23525T(S:H655Y) T23599G(S:N679K) C23604A(S:P681H)	28	74	0.3783783783783784	23505	23607
A24424T(S:Q954H) T24469A(S:N969K)	28	44	0.6363636363636364	24413	24487
T23599G(S:N679K) C23604A(S:P681H)	22	134	0.16417910447761194	23579	23645
C25416T(ORF3a:F8F)	15	32	0.46875	25381	25455
(23486,1)(S:DEL643) C23525T(S:H655Y) T23599G(S:N679K) C23604A(S:P681H)	13	57	0.22807017543859648	23471	23644
A23403G(S:D614G)	12	63	0.19047619047619047	23338	23413
T24469A(S:N969K)	10	71	0.14084507042253522	24464	24579
