Covariants	Count	Max_count	Freq	Coverage_start	Coverage_end
T23599G(S:N679K) C23604A(S:P681H)	83	168	0.49404761904761907	23579	23666
A24424T(S:Q954H) T24469A(S:N969K)	30	59	0.5084745762711864	24406	24488
C25416T(ORF3a:F8F)	26	39	0.6666666666666666	25381	25453
C23525T(S:H655Y) T23599G(S:N679K) C23604A(S:P681H)	20	46	0.43478260869565216	23505	23607
(23334,1)(S:DEL592)	13	58	0.22413793103448276	23268	23336
A24424T(S:Q954H)	12	60	0.2	24406	24488
