Covariants	Count	Max_count	Freq	Coverage_start	Coverage_end
T22942G(S:N460K)	26	33	0.7878787878787878	22940	22943
A23403G(S:D614G)	10	31	0.3225806451612903	23402	23405
