Covariants	Count	Max_count	Freq	Coverage_start	Coverage_end
T23599G(S:N679K) C23604A(S:P681H) C23664T(S:A701V)	335	575	0.5826086956521739	23579	23666
A24424T(S:Q954H) T24469A(S:N969K)	265	438	0.6050228310502284	24415	24486
C23525T(S:H655Y) T23599G(S:N679K) C23604A(S:P681H)	112	390	0.28717948717948716	23508	23607
C25416T(ORF3a:F8F)	77	134	0.5746268656716418	25381	25448
(23334,1)(S:DEL592)	74	298	0.2483221476510067	23285	23336
A24424T(S:Q954H)	71	442	0.16063348416289594	24406	24487
G22317T(S:G252V)	56	72	0.7777777777777778	22266	22320
(23486,1)(S:DEL643) C23525T(S:H655Y) T23599G(S:N679K) C23604A(S:P681H)	54	284	0.19014084507042253	23477	23607
T23487G C23525T(S:H655Y) T23599G(S:N679K) C23604A(S:P681H)	51	294	0.17346938775510204	23486	23607
G22813T(S:K417N) T22882G(S:N440K) G22895C(S:V445P) T22896C(S:V445P) G22898A(S:G446S) T22928C(S:F456L) T22942G(S:N460K)	44	103	0.42718446601941745	22791	22949
T23599G(S:N679K) C23604A(S:P681H) (23641,1)(S:DEL694) C23664T(S:A701V)	42	575	0.07304347826086957	23579	23665
A23403G(S:D614G)	33	388	0.08505154639175258	23345	23408
G22813T(S:K417N) T22882G(S:N440K)	30	234	0.1282051282051282	22793	22883
G22813T(S:K417N) T22882G(S:N440K) G22895C(S:V445P) T22896C(S:V445P) G22898A(S:G446S)	26	162	0.16049382716049382	22808	22898
(25262,1)(S:DEL1235)	26	58	0.4482758620689655	25248	25263
(24110,1)(S:DEL851)	21	59	0.3559322033898305	24016	24112
C25000T(S:D1146D)	20	46	0.43478260869565216	24992	25026
(23334,1)(S:DEL592) A23403G(S:D614G)	19	191	0.09947643979057591	23322	23416
G22813T(S:K417N) T22882G(S:N440K) G22895C(S:V445P) T22896C(S:V445P)	19	192	0.09895833333333333	22791	22897
C23525T(S:H655Y)	17	478	0.03556485355648536	23485	23551
T24469A(S:N969K)	12	490	0.024489795918367346	24464	24544
T22200A(S:V213E)	11	15	0.7333333333333333	22117	22205
(24320,1)(S:DEL921)	10	96	0.10416666666666667	24217	24321
(24253,1)(S:DEL898)	10	120	0.08333333333333333	24226	24262
