Covariants	Count	Max_count	Freq	Coverage_start	Coverage_end
C21618T(S:T19I) (21632,9)(S:DEL25/27)	959	1042	0.9203454894433781	21590	21671
A24424T(S:Q954H) T24469A(S:N969K)	761	889	0.8560179977502812	24400	24541
C25416T(ORF3a:F8F)	572	660	0.8666666666666667	25357	25417
A23403G(S:D614G) C23525T(S:H655Y) T23599G(S:N679K) C23604A(S:P681H)	406	488	0.8319672131147541	23384	23607
C24863T(S:H1101Y) C25000T(S:D1146D)	205	238	0.8613445378151261	24820	25001
T24469A(S:N969K)	39	928	0.04202586206896552	24452	24541
T23599G(S:N679K) C23604A(S:P681H) C23854A(S:N764K)	29	38	0.7631578947368421	23579	23910
C21618T(S:T19I) (21632,9)(S:DEL25/27) T21810C(S:V83A)	15	16	0.9375	21565	21900
A23403G(S:D614G)	15	506	0.029644268774703556	23388	23418
C23525T(S:H655Y) T23599G(S:N679K) C23604A(S:P681H)	15	499	0.03006012024048096	23524	23607
A24424T(S:Q954H) T24469A(S:N969K) A24519G(S:K986R)	10	889	0.01124859392575928	24198	24541
C25416T(ORF3a:F8F) C25584T(ORF3a:T64T)	10	11	0.9090909090909091	25385	25584
