Covariants	Count	Max_count	Freq	Coverage_start	Coverage_end
T23599G(S:N679K) C23604A(S:P681H) C23664T(S:A701V)	42	137	0.30656934306569344	23579	23666
T23599G(S:N679K) C23604A(S:P681H)	31	193	0.16062176165803108	23579	23666
A24424T(S:Q954H) T24469A(S:N969K)	21	35	0.6	24417	24488
