Covariants	Count	Max_count	Freq	Coverage_start	Coverage_end
C22109G(S:Q183E)	31	37	0.8378378378378378	22065	22113
A23403G(S:D614G)	13	28	0.4642857142857143	23402	23405
C23230T(S:N556N)	12	189	0.06349206349206349	23208	23260
