Covariants	Count	Max_count	Freq	Coverage_start	Coverage_end
T23599G(S:N679K) C23604A(S:P681H)	141	362	0.38950276243093923	23593	23664
C23525T(S:H655Y) T23599G(S:N679K) C23604A(S:P681H)	37	105	0.3523809523809524	23501	23607
A24424T(S:Q954H) T24469A(S:N969K)	28	67	0.417910447761194	24410	24488
C25416T(ORF3a:F8F)	26	39	0.6666666666666666	25381	25452
(25262,1)(S:DEL1235)	15	35	0.42857142857142855	25248	25326
G22317T(S:G252V)	14	21	0.6666666666666666	22242	22326
(23486,1)(S:DEL643) C23525T(S:H655Y) T23599G(S:N679K) C23604A(S:P681H)	13	86	0.1511627906976744	23471	23645
A24424T(S:Q954H) A24430C(S:A956A) T24469A(S:N969K)	13	67	0.19402985074626866	24406	24488
T23487G C23525T(S:H655Y) T23599G(S:N679K) C23604A(S:P681H)	12	86	0.13953488372093023	23486	23645
C23854A(S:N764K)	12	103	0.11650485436893204	23771	23865
C23280T(S:T573I) A23403G(S:D614G)	11	42	0.2619047619047619	23273	23425
C23280T(S:T573I) (23334,1)(S:DEL592)	11	61	0.18032786885245902	23268	23381
C25000T(S:D1146D)	11	30	0.36666666666666664	24998	25067
