Covariants	Count	Max_count	Freq	Coverage_start	Coverage_end
C23525T(S:H655Y) T23599G(S:N679K) C23604A(S:P681H)	24	63	0.38095238095238093	23501	23607
T23599G(S:N679K) C23604A(S:P681H)	21	106	0.19811320754716982	23579	23665
A24424T(S:Q954H) T24469A(S:N969K)	19	26	0.7307692307692307	24406	24488
