Covariants	Count	Max_count	Freq	Coverage_start	Coverage_end
T23599G(S:N679K) C23604A(S:P681H)	122	361	0.3379501385041551	23579	23661
A24424T(S:Q954H) T24469A(S:N969K)	86	144	0.5972222222222222	24410	24487
C23525T(S:H655Y) T23599G(S:N679K) C23604A(S:P681H)	40	142	0.28169014084507044	23508	23607
A24424T(S:Q954H)	37	149	0.2483221476510067	24406	24487
G22813T(S:K417N) T22882G(S:N440K) G22895C(S:V445P) T22896C(S:V445P) G22898A(S:G446S) T22942G(S:N460K)	35	61	0.5737704918032787	22793	22946
A23403G(S:D614G)	33	216	0.1527777777777778	23345	23407
C25416T(ORF3a:F8F)	33	76	0.4342105263157895	25381	25452
T23487G C23525T(S:H655Y) T23599G(S:N679K) C23604A(S:P681H)	22	100	0.22	23486	23607
G22317T(S:G252V)	18	38	0.47368421052631576	22249	22334
T24469A(S:N969K)	18	200	0.09	24464	24541
G22813T(S:K417N) T22882G(S:N440K) G22895C(S:V445P) T22896C(S:V445P) G22898A(S:G446S)	16	87	0.1839080459770115	22809	22898
C25000T(S:D1146D)	15	81	0.18518518518518517	24984	25026
(23486,1)(S:DEL643) C23525T(S:H655Y) T23599G(S:N679K) C23604A(S:P681H)	14	99	0.1414141414141414	23471	23607
(23334,1)(S:DEL592) A23403G(S:D614G)	12	124	0.0967741935483871	23322	23405
A23403G(S:D614G) C23525T(S:H655Y)	10	37	0.2702702702702703	23345	23540
