Covariants	Count	Max_count	Freq	Coverage_start	Coverage_end
C21618T(S:T19I) (21632,9)(S:DEL25/27)	911	979	0.9305413687436159	21590	21671
T24469A(S:N969K)	853	1023	0.833822091886608	24452	24541
A23403G(S:D614G) (23496,1)(S:DEL646) C23525T(S:H655Y) T23599G(S:N679K) C23604A(S:P681H)	773	2079	0.3718133718133718	23401	23607
A23403G(S:D614G) C23525T(S:H655Y) T23599G(S:N679K) C23604A(S:P681H)	575	2079	0.2765752765752766	23388	23607
A23403G(S:D614G) C23525T(S:H655Y) G23587T(S:Q675H) T23599G(S:N679K) C23604A(S:P681H)	366	2079	0.17604617604617603	23396	23607
C25000T(S:D1146D) A25045G(S:S1161S)	217	251	0.8645418326693227	24989	25076
A23403G(S:D614G)	79	2172	0.0363720073664825	23304	23413
C23525T(S:H655Y) T23599G(S:N679K) C23604A(S:P681H)	23	2121	0.010843941537010843	23521	23607
(23496,1)(S:DEL646) C23525T(S:H655Y) T23599G(S:N679K) C23604A(S:P681H)	17	2111	0.008053055423969682	23496	23607
G21987A(S:G142D) (21990,3)(S:DEL144) C22000A(S:H146Q) C22109G(S:Q183E) T22200A(S:V213E)	16	21	0.7619047619047619	21893	22243
T24469A(S:N969K) T24523C(S:V987V)	16	1023	0.015640273704789834	24452	24810
A23403G(S:D614G) (23496,1)(S:DEL646) C23525T(S:H655Y) T23529A(S:V656D) T23599G(S:N679K) C23604A(S:P681H)	13	2079	0.006253006253006253	23384	23607
T24469A(S:N969K) G24740A(S:V1060I)	12	969	0.01238390092879257	24452	24810
C23525T(S:H655Y) G23587T(S:Q675H) T23599G(S:N679K) C23604A(S:P681H)	12	2121	0.005657708628005658	23515	23607
T23316C(S:L585P) A23403G(S:D614G) C23525T(S:H655Y) T23599G(S:N679K) C23604A(S:P681H)	10	2016	0.00496031746031746	23250	23607
T23316C(S:L585P) A23403G(S:D614G) (23496,1)(S:DEL646) C23525T(S:H655Y) T23599G(S:N679K) C23604A(S:P681H)	10	2016	0.00496031746031746	23250	23607
C23315T(S:L585F) A23403G(S:D614G) (23496,1)(S:DEL646) C23525T(S:H655Y) T23599G(S:N679K) C23604A(S:P681H)	10	2016	0.00496031746031746	23250	23607
