Covariants	Count	Max_count	Freq	Coverage_start	Coverage_end
C23604A(S:P681H)	40	184	0.21739130434782608	23579	23645
T23599G(S:N679K) C23604A(S:P681H)	32	184	0.17391304347826086	23579	23664
T24506G(S:S982A)	31	97	0.31958762886597936	24491	24518
A24424T(S:Q954H) T24469A(S:N969K)	12	72	0.16666666666666666	24406	24488
C23525T(S:H655Y) T23599G(S:N679K) C23604A(S:P681H)	10	61	0.16393442622950818	23485	23608
