Covariants	Count	Max_count	Freq	Coverage_start	Coverage_end
G22317T(S:G252V)	185	248	0.7459677419354839	22220	22347
C25416T(ORF3a:F8F)	124	178	0.6966292134831461	25377	25434
T21810C(S:V83A)	116	200	0.58	21771	21824
A23403G(S:D614G)	57	87	0.6551724137931034	23361	23468
C23525T(S:H655Y) G23562A	54	91	0.5934065934065934	23411	23562
C23525T(S:H655Y)	46	156	0.2948717948717949	23412	23548
C25416T(ORF3a:F8F) G25429C(ORF3a:V13L)	38	178	0.21348314606741572	25380	25455
C23525T(S:H655Y) T23599G(S:N679K) C23604A(S:P681H)	30	34	0.8823529411764706	23412	23663
T23385A	23	113	0.20353982300884957	23250	23385
A22320G(S:D253G)	22	248	0.08870967741935484	22207	22347
T22882G(S:N440K) G22895C(S:V445P) T22896C(S:V445P) G22898A(S:G446S) T22942G(S:N460K) G22992A(S:S477N) C22995G(S:T478R) A23013C(S:E484A) T23018C(S:F486P) T23019C(S:F486P) T23031C(S:F490S) A23055G(S:Q498R) A23063T(S:N501Y) T23075C(S:Y505H)	20	79	0.25316455696202533	22850	23097
A24424T(S:Q954H) T24469A(S:N969K)	18	31	0.5806451612903226	24388	24504
T22882G(S:N440K) G22895C(S:V445P) T22896C(S:V445P) G22898A(S:G446S) T22930A(S:F456L) T22942G(S:N460K) G22992A(S:S477N) C22995G(S:T478R) A23013C(S:E484A) T23018C(S:F486P) T23019C(S:F486P) T23031C(S:F490S) A23055G(S:Q498R) A23063T(S:N501Y) T23075C(S:Y505H)	17	79	0.21518987341772153	22850	23097
G21718T(S:Q52H) T21810C(S:V83A)	17	136	0.125	21674	21900
C25000T(S:D1146D)	16	24	0.6666666666666666	24937	25076
G21718T(S:Q52H)	15	145	0.10344827586206896	21674	21760
T22200A(S:V213E) G22317T(S:G252V)	14	16	0.875	22129	22347
G21987A(S:G142D) (21990,3)(S:DEL144) C22000A(S:H146Q)	14	19	0.7368421052631579	21949	22098
G21718C(S:Q52H) T21810C(S:V83A)	14	136	0.10294117647058823	21674	21900
G21809C(S:V83P) T21810C(S:V83P)	13	200	0.065	21764	21900
C22664A(S:L368I) C22674T(S:S371F) T22679C(S:S373P) C22686T(S:S375F) A22688G(S:T376A) G22775A(S:D405N)	12	20	0.6	22589	22781
C23601T	10	123	0.08130081300813008	23600	23751
C23601T T23752A(S:S730S)	10	72	0.1388888888888889	23600	23752
