Covariants	Count	Max_count	Freq	Coverage_start	Coverage_end
C25416T(ORF3a:F8F)	469	495	0.9474747474747475	25381	25423
G22317T(S:G252V)	351	512	0.685546875	22299	22347
T21810C(S:V83A)	327	367	0.8910081743869209	21791	21865
T22882G(S:N440K) G22895C(S:V445P) T22896C(S:V445P) G22898A(S:G446S) T22942G(S:N460K) G22992A(S:S477N) C22995A(S:T478K) A23013C(S:E484A) T23018C(S:F486P) T23019C(S:F486P) T23031C(S:F490S) A23055G(S:Q498R) A23063T(S:N501Y) T23075C(S:Y505H)	181	228	0.793859649122807	22850	23097
C22664A(S:L368I) C22674T(S:S371F) T22679C(S:S373P) C22686T(S:S375F) A22688G(S:T376A) G22775A(S:D405N)	143	172	0.8313953488372093	22657	22781
C25000T(S:D1146D)	105	117	0.8974358974358975	24926	25076
T22200A(S:V213E) G22317T(S:G252V)	73	85	0.8588235294117647	22196	22347
C23525T(S:H655Y) G23562A	72	121	0.5950413223140496	23411	23562
A23403G(S:D614G)	62	131	0.4732824427480916	23325	23439
A24424T(S:Q954H) T24469A(S:N969K)	58	77	0.7532467532467533	24388	24537
A23403G(S:D614G) C23525T(S:H655Y)	48	67	0.7164179104477612	23325	23561
G21987A(S:G142D) (21990,3)(S:DEL144) C22000A(S:H146Q)	46	59	0.7796610169491526	21949	22098
T23385A	35	169	0.20710059171597633	23250	23385
C23854A(S:N764K)	33	36	0.9166666666666666	23690	23910
C23525T(S:H655Y)	22	202	0.10891089108910891	23411	23561
T22200A(S:V213E)	21	110	0.19090909090909092	22129	22243
C22664A(S:L368I) C22674T(S:S371F) T22679C(S:S373P) C22686T(S:S375F) A22688G(S:T376A)	14	191	0.07329842931937172	22589	22736
(21781,'A')(S:INS74) T21810C(S:V83A)	12	365	0.03287671232876712	21674	21900
T22882G(S:N440K) G22895C(S:V445P) T22896C(S:V445P) G22898A(S:G446S) G22902A(S:G447D) T22942G(S:N460K) G22992A(S:S477N) C22995A(S:T478K) A23013C(S:E484A) T23018C(S:F486P) T23019C(S:F486P) T23031C(S:F490S) A23055G(S:Q498R) A23063T(S:N501Y) T23075C(S:Y505H)	10	228	0.043859649122807015	22850	23097
(22643,3)(S:DEL362) C22664A(S:L368I) C22674T(S:S371F) T22679C(S:S373P) C22686T(S:S375F) A22688G(S:T376A) G22775A(S:D405N)	10	170	0.058823529411764705	22589	22781
G22257T(S:G232V) G22317T(S:G252V)	10	486	0.0205761316872428	22206	22347
T22882G(S:N440K) T22896C G22898A(S:G446S) T22942G(S:N460K) G22992A(S:S477N) C22995A(S:T478K) A23013C(S:E484A) T23018C(S:F486P) T23019C(S:F486P) T23031C(S:F490S) A23055G(S:Q498R) A23063T(S:N501Y) T23075C(S:Y505H)	10	228	0.043859649122807015	22850	23097
