Covariants	Count	Max_count	Freq	Coverage_start	Coverage_end
T23599G(S:N679K) C23604A(S:P681H)	24	41	0.5853658536585366	23579	23664
A24424T(S:Q954H) T24469A(S:N969K)	11	13	0.8461538461538461	24410	24491
(25262,1)(S:DEL1235)	10	12	0.8333333333333334	25248	25263
