Covariants	Count	Max_count	Freq	Coverage_start	Coverage_end
T23599G(S:N679K) C23604A(S:P681H)	38	165	0.23030303030303031	23598	23645
C23525T(S:H655Y) T23599G(S:N679K) C23604A(S:P681H)	23	56	0.4107142857142857	23485	23608
A24424T(S:Q954H) T24469A(S:N969K)	19	40	0.475	24406	24487
(25262,1)(S:DEL1235)	11	25	0.44	25248	25323
C25416T(ORF3a:F8F)	11	18	0.6111111111111112	25371	25452
A24424T(S:Q954H)	10	40	0.25	24406	24488
