Covariants	Count	Max_count	Freq	Coverage_start	Coverage_end
C22109G(S:Q183E)	18	31	0.5806451612903226	22065	22113
C22033A(S:F157L)	12	178	0.06741573033707865	22029	22062
A23235G(S:K558R)	11	237	0.046413502109704644	23231	23260
