Covariants	Count	Max_count	Freq	Coverage_start	Coverage_end
C21618T(S:T19I) (21632,9)(S:DEL25/27)	914	950	0.9621052631578947	21591	21652
(21764,6)(S:DEL69/70)	134	138	0.9710144927536232	21756	21779
(21632,9)(S:DEL25/27)	10	950	0.010526315789473684	21590	21654
