Covariants	Count	Max_count	Freq	Coverage_start	Coverage_end
T23599G(S:N679K) C23604A(S:P681H)	92	281	0.3274021352313167	23587	23665
A24424T(S:Q954H) T24469A(S:N969K)	80	128	0.625	24406	24488
C23525T(S:H655Y) T23599G(S:N679K) C23604A(S:P681H)	49	121	0.4049586776859504	23507	23607
C25416T(ORF3a:F8F)	27	49	0.5510204081632653	25381	25452
T24469A(S:N969K)	20	193	0.10362694300518134	24464	24546
A24424T(S:Q954H)	18	134	0.13432835820895522	24406	24438
G22813T(S:K417N) T22882G(S:N440K) G22895C(S:V445P) T22896C(S:V445P) G22898A(S:G446S) T22942G(S:N460K)	16	41	0.3902439024390244	22797	22968
A23403G(S:D614G)	14	125	0.112	23268	23424
(25262,1)(S:DEL1235)	14	54	0.25925925925925924	25248	25326
(23334,1)(S:DEL592)	13	79	0.16455696202531644	23268	23358
G22813T(S:K417N) T22882G(S:N440K) G22895C(S:V445P) T22896C(S:V445P) G22898A(S:G446S)	11	56	0.19642857142857142	22791	22898
C23854A(S:N764K)	11	96	0.11458333333333333	23765	23886
C23525T(S:H655Y)	10	178	0.056179775280898875	23485	23553
