Covariants	Count	Max_count	Freq	Coverage_start	Coverage_end
A24424T(S:Q954H) T24469A(S:N969K)	42	85	0.49411764705882355	24406	24488
C23525T(S:H655Y) T23599G(S:N679K) C23604A(S:P681H)	39	126	0.30952380952380953	23510	23607
C23854A(S:N764K)	22	132	0.16666666666666666	23681	23860
A24424T(S:Q954H)	17	85	0.2	24415	24488
(25262,1)(S:DEL1235)	17	46	0.3695652173913043	25119	25263
T23487G C23525T(S:H655Y) T23599G(S:N679K) C23604A(S:P681H)	15	108	0.1388888888888889	23486	23638
(23486,1)(S:DEL643) C23525T(S:H655Y) T23599G(S:N679K) C23604A(S:P681H)	14	106	0.1320754716981132	23471	23607
A23403G(S:D614G)	11	50	0.22	23296	23408
