Covariants	Count	Max_count	Freq	Coverage_start	Coverage_end
A23403G(S:D614G)	39	115	0.3391304347826087	23402	23404
G21718T(S:Q52H)	16	76	0.21052631578947367	21716	21746
C23202T(S:T547I)	11	11	1.0	23160	23207
