Covariants	Count	Max_count	Freq	Coverage_start	Coverage_end
T23599G(S:N679K) C23604A(S:P681H)	125	345	0.36231884057971014	23579	23665
A24424T(S:Q954H) T24469A(S:N969K)	86	131	0.6564885496183206	24410	24488
C25416T(ORF3a:F8F)	49	100	0.49	25382	25451
T23487G C23525T(S:H655Y) T23599G(S:N679K) C23604A(S:P681H)	33	126	0.2619047619047619	23486	23607
G22317T(S:G252V)	31	43	0.7209302325581395	22242	22327
C23525T(S:H655Y) T23599G(S:N679K) C23604A(S:P681H)	31	148	0.20945945945945946	23505	23607
A24424T(S:Q954H)	23	133	0.17293233082706766	24413	24488
(23334,1)(S:DEL592)	21	143	0.14685314685314685	23322	23336
(23334,1)(S:DEL592) A23403G(S:D614G)	20	110	0.18181818181818182	23323	23408
(25262,1)(S:DEL1235)	20	47	0.425531914893617	25248	25326
(23486,1)(S:DEL643) C23525T(S:H655Y) T23599G(S:N679K) C23604A(S:P681H)	17	126	0.1349206349206349	23471	23645
A23403G(S:D614G)	16	157	0.10191082802547771	23322	23429
(24253,1)(S:DEL898)	12	64	0.1875	24226	24262
C23280T(S:T573I) A23403G(S:D614G)	10	59	0.1694915254237288	23268	23428
