Covariants	Count	Max_count	Freq	Coverage_start	Coverage_end
T23599G(S:N679K) C23604A(S:P681H)	446	1072	0.416044776119403	23580	23645
A24424T(S:Q954H) T24469A(S:N969K)	211	357	0.5910364145658263	24413	24487
C23525T(S:H655Y) T23599G(S:N679K) C23604A(S:P681H)	80	317	0.25236593059936907	23505	23605
C25416T(ORF3a:F8F)	79	158	0.5	25381	25432
T23487G C23525T(S:H655Y) T23599G(S:N679K) C23604A(S:P681H)	74	276	0.26811594202898553	23486	23607
A23403G(S:D614G)	65	358	0.18156424581005587	23367	23405
(25262,1)(S:DEL1235)	54	123	0.43902439024390244	25248	25272
A24424T(S:Q954H)	54	373	0.1447721179624665	24413	24488
G22813T(S:K417N) T22882G(S:N440K) G22895C(S:V445P) T22896C(S:V445P) G22898A(S:G446S)	39	128	0.3046875	22791	22898
T23599G(S:N679K) C23604A(S:P681H) G23611A(S:R683R)	38	1053	0.03608736942070275	23579	23663
C23854A(S:N764K)	37	331	0.11178247734138973	23792	23858
(23486,1)(S:DEL643) C23525T(S:H655Y) T23599G(S:N679K) C23604A(S:P681H)	36	272	0.1323529411764706	23471	23607
T24469A(S:N969K)	32	474	0.06751054852320675	24464	24541
G22317T(S:G252V)	30	80	0.375	22242	22319
C25000T(S:D1146D)	27	65	0.4153846153846154	24984	25065
(23334,1)(S:DEL592)	26	295	0.08813559322033898	23322	23336
A22320G(S:D253G)	23	79	0.2911392405063291	22242	22324
(23334,1)(S:DEL592) A23403G(S:D614G)	22	233	0.0944206008583691	23322	23408
T22200A(S:V213E)	18	33	0.5454545454545454	22117	22208
G22813T(S:K417N) T22882G(S:N440K)	17	162	0.10493827160493827	22791	22884
(24253,1)(S:DEL898)	16	201	0.07960199004975124	24226	24262
(24981,1)(S:DEL1141) C25000T(S:D1146D)	14	32	0.4375	24849	25002
(24110,1)(S:DEL851)	13	58	0.22413793103448276	24016	24115
(23598,2)(S:DEL680) C23601G(S:S680S) C23604A(S:P681H)	13	1071	0.012138188608776844	23579	23703
G22813T(S:K417N) T22882G(S:N440K) G22895C(S:V445P) T22896C(S:V445P)	13	145	0.0896551724137931	22791	22896
(24672,1)(S:DEL1038)	12	97	0.12371134020618557	24607	24673
C23525T(S:H655Y)	12	442	0.027149321266968326	23485	23551
A23403G(S:D614G) C23525T(S:H655Y)	12	84	0.14285714285714285	23351	23532
C23854A(S:N764K) (23887,1)(S:DEL776)	10	300	0.03333333333333333	23765	23888
