Covariants	Count	Max_count	Freq	Coverage_start	Coverage_end
T23599G(S:N679K) C23604A(S:P681H)	84	205	0.4097560975609756	23579	23666
A24424T(S:Q954H) T24469A(S:N969K)	25	39	0.6410256410256411	24406	24488
C23525T(S:H655Y) T23599G(S:N679K) C23604A(S:P681H)	23	62	0.3709677419354839	23491	23607
T23487G C23525T(S:H655Y) T23599G(S:N679K) C23604A(S:P681H)	11	55	0.2	23486	23636
