Covariants	Count	Max_count	Freq	Coverage_start	Coverage_end
C21618T(S:T19I) (21632,9)(S:DEL25/27)	1233	1330	0.9270676691729324	21589	21671
C25416T(ORF3a:F8F)	1063	1510	0.7039735099337748	25357	25418
C25000T(S:D1146D)	537	632	0.8496835443037974	24956	25001
A24424T(S:Q954H) T24469A(S:N969K)	318	383	0.8302872062663186	24398	24528
T24469A(S:N969K)	234	657	0.3561643835616438	24460	24540
G22992A(S:S477N) C22995A(S:T478K) A23013C(S:E484A) T23018C(S:F486P) T23019C(S:F486P) T23031C(S:F490S) A23055G(S:Q498R) A23063T(S:N501Y) T23075C(S:Y505H)	201	446	0.45067264573991034	22978	23102
(23333,1)(S:DEL592) A23403G(S:D614G) C23525T(S:H655Y) T23599G(S:N679K) C23604A(S:P681H)	160	272	0.5882352941176471	23292	23606
G25361A(S:G1267R) C25416T(ORF3a:F8F)	143	1501	0.09526982011992005	25353	25416
G22992A(S:S477N) C22995A(S:T478K) A23013C(S:E484A) T23018C(S:F486P) T23019C(S:F486P) T23031C(S:F490S) A23055G(S:Q498R) A23063T(S:N501Y) (23065,1)(S:DEL502) T23068C(S:G502C) T23075C(S:Y505H)	103	446	0.23094170403587444	22978	23196
(25218,'T')(S:INS1220) G25361A(S:G1267R) C25416T(ORF3a:F8F)	89	1005	0.08855721393034825	25212	25426
A23403G(S:D614G) C23525T(S:H655Y) T23599G(S:N679K) C23604A(S:P681H)	69	283	0.24381625441696114	23384	23607
G22992A(S:S477N) C22995A(S:T478K) A23013C(S:E484A) T23018C(S:F486P) T23019C(S:F486P) T23031C(S:F490S) A23055G(S:Q498R) A23063T(S:N501Y) T23075C(S:Y505H) A23267G(S:I569V)	64	428	0.14953271028037382	22978	23290
T23599G(S:N679K) C23604A(S:P681H) C23854A(S:N764K)	19	41	0.4634146341463415	23585	23910
C25416T(ORF3a:F8F) C25584T(ORF3a:T64T)	19	22	0.8636363636363636	25385	25584
T23599G(S:N679K) C23604A(S:P681H) C23685T(S:S708F) C23854A(S:N764K)	13	41	0.3170731707317073	23579	23910
(25218,'T')(S:INS1220) C25416T(ORF3a:F8F)	11	1005	0.010945273631840797	25080	25434
