Covariants	Count	Max_count	Freq	Coverage_start	Coverage_end
T22942G(S:N460K)	99	163	0.6073619631901841	22940	22943
A22320G(S:D253G)	84	206	0.4077669902912621	22319	22321
T21810C(S:V83A)	26	28	0.9285714285714286	21774	21814
A23403G(S:D614G)	18	47	0.3829787234042553	23402	23404
T23986C(S:D808D)	17	58	0.29310344827586204	23985	23986
G22992A(S:S477N) C22995G(S:T478R)	13	17	0.7647058823529411	22968	22998
G23948T(S:D796Y)	13	52	0.25	23947	23972
