Covariants	Count	Max_count	Freq	Coverage_start	Coverage_end
C25416T(ORF3a:F8F)	37	50	0.74	25377	25434
G22317T(S:G252V)	34	46	0.7391304347826086	22207	22344
C23525T(S:H655Y) G23562A	30	37	0.8108108108108109	23411	23562
C25000T(S:D1146D)	16	16	1.0	24926	25076
A23403G(S:D614G)	15	30	0.5	23325	23468
T23385A	14	47	0.2978723404255319	23250	23385
T21810C(S:V83A) T21880C(S:F106F)	12	19	0.631578947368421	21765	21900
