Covariants	Count	Max_count	Freq	Coverage_start	Coverage_end
C23854A(S:N764K)	25	27	0.9259259259259259	23821	23854
T23599G(S:N679K) C23604A(S:P681H)	20	27	0.7407407407407407	23593	23691
A23403G(S:D614G)	15	20	0.75	23401	23410
C21618T(S:T19I) (21632,9)(S:DEL25/27)	14	19	0.7368421052631579	21611	21654
T21810C(S:V83A)	13	27	0.48148148148148145	21780	21812
