Covariants	Count	Max_count	Freq	Coverage_start	Coverage_end
T23599G(S:N679K) C23604A(S:P681H)	93	162	0.5740740740740741	23579	23661
A24424T(S:Q954H) T24469A(S:N969K)	38	71	0.5352112676056338	24406	24488
C23525T(S:H655Y) T23599G(S:N679K) C23604A(S:P681H)	13	33	0.3939393939393939	23487	23607
A24424T(S:Q954H)	13	71	0.18309859154929578	24406	24488
G22317T(S:G252V)	12	18	0.6666666666666666	22242	22327
