Covariants	Count	Max_count	Freq	Coverage_start	Coverage_end
A24424T(S:Q954H) T24469A(S:N969K)	45	52	0.8653846153846154	24198	24541
G22992A(S:S477N) C22995A(S:T478K) A23013C(S:E484A) T23018C(S:F486P) T23019C(S:F486P) T23031C(S:F490S) A23055G(S:Q498R) A23063T(S:N501Y) T23075C(S:Y505H)	36	70	0.5142857142857142	22978	23195
C25000T(S:D1146D) A25104T(S:K1181I)	17	20	0.85	24899	25118
G22992A(S:S477N) C22995A(S:T478K) A23013C(S:E484A) T23018C(S:F486P) T23019C(S:F486P) T23031C(S:F490S) A23055G(S:Q498R) A23063T(S:N501Y) T23075C(S:Y505H) T23212C(S:G550G)	16	69	0.2318840579710145	22978	23323
C21618T(S:T19I) (21632,9)(S:DEL25/27)	15	21	0.7142857142857143	21509	21671
