Covariants	Count	Max_count	Freq	Coverage_start	Coverage_end
C22109G(S:Q183E)	15	60	0.25	22080	22113
C22120T(S:F186F)	14	46	0.30434782608695654	22073	22142
C23202T(S:T547I) C23206T(S:G548G)	14	81	0.1728395061728395	23163	23207
