Covariants	Count	Max_count	Freq	Coverage_start	Coverage_end
G22317T(S:G252V)	288	411	0.7007299270072993	22302	22347
C25416T(ORF3a:F8F)	285	357	0.7983193277310925	25381	25422
C23525T(S:H655Y) G23562A	96	113	0.8495575221238938	23411	23562
A23403G(S:D614G)	78	132	0.5909090909090909	23325	23468
T21810C(S:V83A)	57	119	0.4789915966386555	21767	21900
T22200A(S:V213E) G22317T(S:G252V)	47	56	0.8392857142857143	22196	22347
A22320G(S:D253G)	45	411	0.10948905109489052	22262	22347
C25416T(ORF3a:F8F) T25473A(ORF3a:D27E)	41	307	0.13355048859934854	25377	25518
G21718T(S:Q52H) T21810C(S:V83A)	38	69	0.5507246376811594	21674	21900
A23403G(S:D614G) C23525T(S:H655Y)	36	40	0.9	23325	23561
C25000T(S:D1146D)	35	42	0.8333333333333334	24929	25076
C23601T T23752A(S:S730S)	34	89	0.38202247191011235	23600	23752
T22200A(S:V213E)	28	90	0.3111111111111111	22130	22243
A22637G(S:S359G) C22664A(S:L368I) C22674T(S:S371F) T22679C(S:S373P) C22686T(S:S375F) A22688G(S:T376A) G22775A(S:D405N)	28	65	0.4307692307692308	22589	22781
T23385A	27	164	0.16463414634146342	23250	23385
C22664A(S:L368I) C22674T(S:S371F) T22679C(S:S373P) C22686T(S:S375F) A22688G(S:T376A) G22775A(S:D405N)	26	66	0.3939393939393939	22658	22781
T22882G(S:N440K) G22895C(S:V445P) T22896C(S:V445P) G22898A(S:G446S) T22930A(S:F456L) T22942G(S:N460K) G22992A(S:S477N) C22995G(S:T478R) A23013C(S:E484A) T23018C(S:F486P) T23019C(S:F486P) T23031C(S:F490S) A23055G(S:Q498R) A23063T(S:N501Y) T23075C(S:Y505H)	25	60	0.4166666666666667	22850	23097
A24424T(S:Q954H) T24469A(S:N969K)	24	54	0.4444444444444444	24388	24538
C23525T(S:H655Y)	21	179	0.11731843575418995	23448	23558
A24652T(S:S1030S)	20	244	0.08196721311475409	24651	24720
A24388T A24424T(S:Q954H) T24469A(S:N969K) A24539G	19	48	0.3958333333333333	24387	24539
(24866,'G')(S:INS1103)	16	169	0.09467455621301775	24652	24878
G21987A(S:G142D) (21990,3)(S:DEL144) C22000A(S:H146Q) C22033A(S:F157L)	15	35	0.42857142857142855	21949	22098
G21987A(S:G142D) (21990,3)(S:DEL144) C22000A(S:H146Q)	15	35	0.42857142857142855	21949	22098
C22664A(S:L368I) C22674T(S:S371F) T22679C(S:S373P) C22686T(S:S375F) A22688G(S:T376A)	11	84	0.13095238095238096	22589	22736
G22577C(S:G339H) G22578A(S:G339H) G22599C(S:R346T) C22642G(S:N360K)	11	21	0.5238095238095238	22491	22642
A23403G(S:D614G) G23417A(S:E619K)	11	132	0.08333333333333333	23325	23439
C23601T	10	123	0.08130081300813008	23600	23751
