Covariants	Count	Max_count	Freq	Coverage_start	Coverage_end
C21618T(S:T19I) (21632,9)(S:DEL25/27)	2974	3061	0.971577915713819	21591	21652
(21632,9)(S:DEL25/27)	35	3061	0.011434171839268212	21590	21654
