Covariants	Count	Max_count	Freq	Coverage_start	Coverage_end
T23599G(S:N679K) C23604A(S:P681H)	51	89	0.5730337078651685	23579	23666
T24469A(S:N969K)	23	36	0.6388888888888888	24464	24565
