Covariants	Count	Max_count	Freq	Coverage_start	Coverage_end
T23599G(S:N679K) C23604A(S:P681H)	224	405	0.5530864197530864	23580	23665
A24424T(S:Q954H) T24469A(S:N969K)	49	86	0.5697674418604651	24410	24488
C25416T(ORF3a:F8F)	31	59	0.5254237288135594	25381	25452
T24469A(S:N969K)	28	155	0.18064516129032257	24464	24551
A23403G(S:D614G)	21	188	0.11170212765957446	23351	23420
(25262,1)(S:DEL1235)	20	47	0.425531914893617	25248	25263
C23854A(S:N764K)	18	124	0.14516129032258066	23792	23866
(23334,1)(S:DEL592)	15	120	0.125	23322	23349
(23486,1)(S:DEL643) C23525T(S:H655Y) T23599G(S:N679K) C23604A(S:P681H)	15	54	0.2777777777777778	23471	23645
A24424T(S:Q954H)	15	89	0.16853932584269662	24406	24488
C25000T(S:D1146D)	15	39	0.38461538461538464	24992	25070
G22317T(S:G252V)	13	25	0.52	22242	22330
C23525T(S:H655Y) T23599G(S:N679K) C23604A(S:P681H)	13	77	0.16883116883116883	23508	23607
T23487G C23525T(S:H655Y) T23599G(S:N679K) C23604A(S:P681H)	12	55	0.21818181818181817	23486	23608
