Covariants	Count	Max_count	Freq	Coverage_start	Coverage_end
T23599G(S:N679K) C23604A(S:P681H)	82	192	0.4270833333333333	23590	23664
A24424T(S:Q954H) T24469A(S:N969K)	58	92	0.6304347826086957	24410	24486
C25416T(ORF3a:F8F)	37	57	0.6491228070175439	25384	25463
T23599G(S:N679K) C23604A(S:P681H) C23635T(S:S691S)	21	189	0.1111111111111111	23579	23660
T24469A(S:N969K)	20	138	0.14492753623188406	24464	24541
C23525T(S:H655Y) T23599G(S:N679K) C23604A(S:P681H)	19	49	0.3877551020408163	23485	23634
(25262,1)(S:DEL1235)	13	35	0.37142857142857144	25252	25295
C23525T(S:H655Y)	10	63	0.15873015873015872	23508	23551
