Covariants	Count	Max_count	Freq	Coverage_start	Coverage_end
A24424T(S:Q954H) T24469A(S:N969K)	95	160	0.59375	24413	24488
T23599G(S:N679K) C23604A(S:P681H)	69	395	0.17468354430379746	23580	23662
C23525T(S:H655Y) T23599G(S:N679K) C23604A(S:P681H)	61	189	0.32275132275132273	23508	23607
A24424T(S:Q954H)	30	162	0.18518518518518517	24406	24425
C25416T(ORF3a:F8F)	25	50	0.5	25381	25452
T23599G(S:N679K) C23604A(S:P681H) C23673T(S:S704L)	21	137	0.15328467153284672	23579	23697
A23403G(S:D614G)	20	170	0.11764705882352941	23364	23404
(23486,1)(S:DEL643) C23525T(S:H655Y) T23599G(S:N679K) C23604A(S:P681H)	19	130	0.14615384615384616	23471	23607
(23334,1)(S:DEL592)	17	131	0.1297709923664122	23322	23336
C23525T(S:H655Y)	15	226	0.06637168141592921	23485	23552
T23487G C23525T(S:H655Y) T23599G(S:N679K) C23604A(S:P681H)	14	134	0.1044776119402985	23486	23607
T23599G(S:N679K) C23604A(S:P681H) C23664T(S:A701V)	13	154	0.08441558441558442	23579	23668
C23854A(S:N764K)	11	112	0.09821428571428571	23705	23891
G22813T(S:K417N) T22882G(S:N440K)	10	82	0.12195121951219512	22801	22884
G22813T(S:K417N) T22882G(S:N440K) G22895C(S:V445P) T22896C(S:V445P) G22898A(S:G446S) T22930A(S:F456L) T22942G(S:N460K)	10	48	0.20833333333333334	22791	22946
