Covariants	Count	Max_count	Freq	Coverage_start	Coverage_end
C25416T(ORF3a:F8F)	78	152	0.5131578947368421	25384	25434
T21810C(S:V83A)	41	59	0.6949152542372882	21766	21825
G22317T(S:G252V)	25	64	0.390625	22207	22347
T23385A	20	44	0.45454545454545453	23250	23385
C22295A(S:H245N)	15	58	0.25862068965517243	22207	22347
C23525T(S:H655Y) G23562A	15	24	0.625	23411	23562
A23403G(S:D614G)	10	19	0.5263157894736842	23325	23468
C23525T(S:H655Y)	10	42	0.23809523809523808	23411	23559
