Covariants	Count	Max_count	Freq	Coverage_start	Coverage_end
G22317T(S:G252V)	42	53	0.7924528301886793	22207	22347
C25416T(ORF3a:F8F)	33	38	0.868421052631579	25377	25434
C23525T(S:H655Y) G23562A	20	21	0.9523809523809523	23411	23562
T21810C(S:V83A)	10	19	0.5263157894736842	21765	21900
