Covariants	Count	Max_count	Freq	Coverage_start	Coverage_end
T23599G(S:N679K) C23604A(S:P681H)	320	1123	0.28495102404274264	23582	23645
A24424T(S:Q954H) T24469A(S:N969K)	170	320	0.53125	24406	24488
T23599G(S:N679K) C23604A(S:P681H) C23664T(S:A701V)	129	746	0.17292225201072386	23579	23666
C23525T(S:H655Y) T23599G(S:N679K) C23604A(S:P681H)	126	297	0.42424242424242425	23504	23605
C25416T(ORF3a:F8F)	59	119	0.4957983193277311	25381	25451
A24424T(S:Q954H)	54	334	0.16167664670658682	24416	24488
(23334,1)(S:DEL592)	52	321	0.16199376947040497	23322	23336
C25000T(S:D1146D)	46	137	0.3357664233576642	24984	25007
A23403G(S:D614G)	46	422	0.10900473933649289	23342	23420
G22317T(S:G252V)	40	60	0.6666666666666666	22291	22324
C23525T(S:H655Y)	35	508	0.0688976377952756	23485	23551
(25262,1)(S:DEL1235)	34	120	0.2833333333333333	25248	25295
T24469A(S:N969K)	33	430	0.07674418604651163	24464	24533
T23599G(S:N679K) C23604A(S:P681H) (23641,1)(S:DEL694) C23664T(S:A701V)	32	746	0.04289544235924933	23593	23665
T23487G C23525T(S:H655Y) T23599G(S:N679K) C23604A(S:P681H)	29	242	0.11983471074380166	23486	23607
G22813T(S:K417N) T22882G(S:N440K) G22895C(S:V445P) T22896C(S:V445P) G22898A(S:G446S)	27	113	0.23893805309734514	22801	22898
C23854A(S:N764K)	24	166	0.14457831325301204	23792	23858
(23334,1)(S:DEL592) A23403G(S:D614G)	22	250	0.088	23322	23420
T23075C(S:Y505H)	21	45	0.4666666666666667	23074	23156
(23486,1)(S:DEL643) C23525T(S:H655Y) T23599G(S:N679K) C23604A(S:P681H)	20	241	0.08298755186721991	23471	23607
T22200A(S:V213E)	20	26	0.7692307692307693	22117	22201
G22813T(S:K417N) T22882G(S:N440K) G22895C(S:V445P) T22896C(S:V445P)	19	144	0.13194444444444445	22801	22897
(24981,1)(S:DEL1141) C25000T(S:D1146D)	18	81	0.2222222222222222	24849	25000
A24424T(S:Q954H) T24469A(S:N969K) A24495G(S:N978S)	17	215	0.07906976744186046	24410	24501
A23403G(S:D614G) C23525T(S:H655Y)	15	120	0.125	23333	23532
G22813T(S:K417N) T22882G(S:N440K) G22895C(S:V445P) T22896C(S:V445P) G22898A(S:G446S) T22942G(S:N460K)	15	64	0.234375	22791	22968
G22813T(S:K417N) T22882G(S:N440K)	13	161	0.08074534161490683	22808	22886
(24253,1)(S:DEL898)	10	144	0.06944444444444445	24226	24254
