Covariants	Count	Max_count	Freq	Coverage_start	Coverage_end
T23599G(S:N679K) C23604A(S:P681H)	14	51	0.27450980392156865	23579	23708
(25262,1)(S:DEL1235)	14	27	0.5185185185185185	25248	25291
A24424T(S:Q954H) T24469A(S:N969K)	10	14	0.7142857142857143	24406	24488
C25416T(ORF3a:F8F)	10	17	0.5882352941176471	25380	25469
