Covariants	Count	Max_count	Freq	Coverage_start	Coverage_end
A24424T(S:Q954H) T24469A(S:N969K)	85	144	0.5902777777777778	24413	24486
T23599G(S:N679K) C23604A(S:P681H)	80	285	0.2807017543859649	23579	23664
C23525T(S:H655Y) T23599G(S:N679K) C23604A(S:P681H)	37	122	0.30327868852459017	23505	23607
C25416T(ORF3a:F8F)	36	66	0.5454545454545454	25381	25452
A23403G(S:D614G)	22	125	0.176	23322	23433
T23487G C23525T(S:H655Y) T23599G(S:N679K) C23604A(S:P681H)	22	97	0.2268041237113402	23486	23607
(23334,1)(S:DEL592)	19	110	0.17272727272727273	23270	23336
(25262,1)(S:DEL1235)	19	39	0.48717948717948717	25248	25263
A24424T(S:Q954H)	17	145	0.11724137931034483	24406	24488
(23486,1)(S:DEL643) C23525T(S:H655Y) T23599G(S:N679K) C23604A(S:P681H)	14	96	0.14583333333333334	23471	23607
T23599G(S:N679K) C23604A(S:P681H) C23673T(S:S704L)	14	131	0.10687022900763359	23579	23708
C23525T(S:H655Y)	12	166	0.07228915662650602	23485	23540
A24424T(S:Q954H) T24469A(S:N969K) A24532C(S:E990D)	12	81	0.14814814814814814	24406	24541
G22813T(S:K417N) T22882G(S:N440K) G22895C(S:V445P) T22896C(S:V445P) G22898A(S:G446S) T22942G(S:N460K)	11	33	0.3333333333333333	22791	22968
G22813T(S:K417N) T22882G(S:N440K) G22895C(S:V445P) T22896C(S:V445P) G22898A(S:G446S)	11	50	0.22	22808	22898
