Covariants	Count	Max_count	Freq	Coverage_start	Coverage_end
A23403G(S:D614G)	22	79	0.27848101265822783	23402	23404
C22109G(S:Q183E)	14	42	0.3333333333333333	22108	22114
