Covariants	Count	Max_count	Freq	Coverage_start	Coverage_end
A23403G(S:D614G)	54	127	0.4251968503937008	23402	23404
C22109G(S:Q183E)	30	104	0.28846153846153844	22108	22114
C22033A(S:F157L)	22	33	0.6666666666666666	22029	22072
