Covariants	Count	Max_count	Freq	Coverage_start	Coverage_end
A22320G(S:D253G)	73	145	0.503448275862069	22319	22346
A22108T(S:K182N) C22109G(S:Q183E)	36	56	0.6428571428571429	22067	22113
C23745T(S:P728L)	17	32	0.53125	23742	23745
