Covariants	Count	Max_count	Freq	Coverage_start	Coverage_end
T23599G(S:N679K) C23604A(S:P681H)	196	710	0.27605633802816903	23579	23659
A24424T(S:Q954H) T24469A(S:N969K)	138	232	0.5948275862068966	24413	24486
C23525T(S:H655Y) T23599G(S:N679K) C23604A(S:P681H)	84	259	0.32432432432432434	23507	23607
C25416T(ORF3a:F8F)	56	105	0.5333333333333333	25381	25446
G22317T(S:G252V)	47	74	0.6351351351351351	22256	22324
A24424T(S:Q954H)	45	233	0.19313304721030042	24406	24486
(23334,1)(S:DEL592)	44	243	0.18106995884773663	23322	23336
(23486,1)(S:DEL643) C23525T(S:H655Y) T23599G(S:N679K) C23604A(S:P681H)	37	225	0.16444444444444445	23471	23607
T23599G(S:N679K) C23604A(S:P681H) C23673T(S:S704L)	32	378	0.08465608465608465	23579	23695
(25262,1)(S:DEL1235)	31	67	0.4626865671641791	25248	25263
A23403G(S:D614G)	28	224	0.125	23346	23425
T23599G(S:N679K) C23604A(S:P681H) C23664T(S:A701V)	28	423	0.06619385342789598	23579	23666
T23599G(S:N679K) C23604A(S:P681H) C23625T(S:A688V)	26	691	0.03762662807525326	23582	23666
T23487G C23525T(S:H655Y) T23599G(S:N679K) C23604A(S:P681H)	20	230	0.08695652173913043	23486	23607
(24253,1)(S:DEL898)	18	107	0.16822429906542055	24217	24262
C23854A(S:N764K)	16	186	0.08602150537634409	23793	23858
G22813T(S:K417N) T22882G(S:N440K)	13	98	0.1326530612244898	22791	22885
C23280T(S:T573I) (23334,1)(S:DEL592)	11	170	0.06470588235294118	23268	23363
(23334,1)(S:DEL592) A23403G(S:D614G)	10	155	0.06451612903225806	23322	23405
G22813T(S:K417N) T22882G(S:N440K) G22895C(S:V445P) T22896C(S:V445P) G22898A(S:G446S)	10	69	0.14492753623188406	22808	22898
