Covariants	Count	Max_count	Freq	Coverage_start	Coverage_end
T23599G(S:N679K) C23604A(S:P681H)	121	208	0.5817307692307693	23580	23666
A24424T(S:Q954H) T24469A(S:N969K)	38	65	0.5846153846153846	24406	24488
C23525T(S:H655Y) T23599G(S:N679K) C23604A(S:P681H)	15	25	0.6	23485	23607
(25262,1)(S:DEL1235)	13	20	0.65	25248	25295
C25416T(ORF3a:F8F)	13	19	0.6842105263157895	25381	25442
