Covariants	Count	Max_count	Freq	Coverage_start	Coverage_end
C25416T(ORF3a:F8F)	48	68	0.7058823529411765	25381	25434
G22317T(S:G252V)	46	61	0.7540983606557377	22207	22347
C23525T(S:H655Y) G23562A	30	31	0.967741935483871	23411	23562
A23403G(S:D614G)	17	20	0.85	23325	23468
T21810C(S:V83A)	15	18	0.8333333333333334	21765	21900
T23385A	12	32	0.375	23250	23385
