Covariants	Count	Max_count	Freq	Coverage_start	Coverage_end
T23599G(S:N679K) C23604A(S:P681H)	68	186	0.3655913978494624	23579	23663
A24424T(S:Q954H) T24469A(S:N969K)	19	36	0.5277777777777778	24406	24488
C23525T(S:H655Y) T23599G(S:N679K) C23604A(S:P681H)	17	49	0.3469387755102041	23508	23627
(25262,1)(S:DEL1235)	11	19	0.5789473684210527	25248	25326
T24469A(S:N969K)	10	60	0.16666666666666666	24464	24548
C25416T(ORF3a:F8F)	10	15	0.6666666666666666	25381	25453
