Covariants	Count	Max_count	Freq	Coverage_start	Coverage_end
T23599G(S:N679K) C23604A(S:P681H)	230	792	0.2904040404040404	23580	23662
A24424T(S:Q954H) T24469A(S:N969K)	193	383	0.5039164490861618	24410	24488
C23525T(S:H655Y) T23599G(S:N679K) C23604A(S:P681H)	172	392	0.4387755102040816	23508	23605
A24424T(S:Q954H)	64	385	0.16623376623376623	24413	24476
(25262,1)(S:DEL1235)	53	147	0.36054421768707484	25236	25287
C25416T(ORF3a:F8F)	50	86	0.5813953488372093	25381	25442
T24469A(S:N969K)	41	485	0.08453608247422681	24464	24546
(23486,1)(S:DEL643) C23525T(S:H655Y) T23599G(S:N679K) C23604A(S:P681H)	39	319	0.12225705329153605	23471	23607
C23854A(S:N764K)	31	319	0.09717868338557993	23681	23861
T23487G C23525T(S:H655Y) T23599G(S:N679K) C23604A(S:P681H)	29	322	0.09006211180124224	23486	23607
C25000T(S:D1146D)	23	112	0.20535714285714285	24984	25009
C23525T(S:H655Y)	22	441	0.049886621315192746	23486	23551
A23403G(S:D614G)	22	176	0.125	23339	23410
G22317T(S:G252V)	20	27	0.7407407407407407	22242	22319
G22813T(S:K417N) T22882G(S:N440K) G22895C(S:V445P) T22896C(S:V445P) G22898A(S:G446S) T22942G(S:N460K)	19	57	0.3333333333333333	22801	22968
G22813T(S:K417N) T22882G(S:N440K) G22895C(S:V445P) T22896C(S:V445P) G22898A(S:G446S)	14	81	0.1728395061728395	22791	22898
C24418T(S:V952V) A24424T(S:Q954H) T24469A(S:N969K)	14	383	0.03655352480417755	24406	24488
(23334,1)(S:DEL592)	11	113	0.09734513274336283	23322	23336
(23334,1)(S:DEL592) A23403G(S:D614G)	10	89	0.11235955056179775	23322	23420
G22813T(S:K417N) T22882G(S:N440K) G22895C(S:V445P) T22896C(S:V445P)	10	95	0.10526315789473684	22791	22896
(24981,1)(S:DEL1141) C25000T(S:D1146D)	10	84	0.11904761904761904	24849	25004
