Covariants	Count	Max_count	Freq	Coverage_start	Coverage_end
C22109G(S:Q183E)	35	40	0.875	22073	22113
A22101T(S:E180V)	12	89	0.1348314606741573	22077	22103
T22942G(S:N460K)	10	23	0.43478260869565216	22935	22966
