Covariants	Count	Max_count	Freq	Coverage_start	Coverage_end
T23599G(S:N679K) C23604A(S:P681H)	499	1350	0.36962962962962964	23593	23664
C23525T(S:H655Y) T23599G(S:N679K) C23604A(S:P681H)	208	537	0.38733705772811916	23508	23604
A24424T(S:Q954H) T24469A(S:N969K)	193	328	0.5884146341463414	24406	24488
C23854A(S:N764K)	81	718	0.11281337047353761	23764	23860
A24424T(S:Q954H)	65	334	0.19461077844311378	24410	24487
(23486,1)(S:DEL643) C23525T(S:H655Y) T23599G(S:N679K) C23604A(S:P681H)	59	432	0.13657407407407407	23478	23607
T23487G C23525T(S:H655Y) T23599G(S:N679K) C23604A(S:P681H)	58	434	0.1336405529953917	23486	23607
(25262,1)(S:DEL1235)	34	104	0.3269230769230769	25249	25263
A23403G(S:D614G)	33	290	0.11379310344827587	23351	23417
C25416T(ORF3a:F8F)	31	72	0.4305555555555556	25381	25452
C23525T(S:H655Y)	29	650	0.04461538461538461	23485	23551
G22813T(S:K417N) T22882G(S:N440K) G22895C(S:V445P) T22896C(S:V445P) G22898A(S:G446S) T22942G(S:N460K)	23	55	0.41818181818181815	22801	22942
G22813T(S:K417N) T22882G(S:N440K)	16	99	0.16161616161616163	22791	22884
C21618T(S:T19I) (21632,9)(S:DEL25/27)	14	16	0.875	21596	21681
T23335C A23403G(S:D614G)	13	156	0.08333333333333333	23334	23420
T24469A(S:N969K)	12	383	0.031331592689295036	24464	24541
C25000T(S:D1146D)	12	77	0.15584415584415584	24998	25069
G22813T(S:K417N)	11	112	0.09821428571428571	22791	22871
(23334,1)(S:DEL592)	10	201	0.04975124378109453	23322	23367
G22813T(S:K417N) T22882G(S:N440K) G22895C(S:V445P) T22896C(S:V445P) G22898A(S:G446S)	10	78	0.1282051282051282	22791	22898
