Covariants	Count	Max_count	Freq	Coverage_start	Coverage_end
C21618T(S:T19I) (21632,9)(S:DEL25/27)	1008	1081	0.9324699352451434	21596	21655
A24424T(S:Q954H) T24469A(S:N969K)	668	799	0.8360450563204005	24412	24531
G22992A(S:S477N) C22995A(S:T478K) A23013C(S:E484A) T23018C(S:F486P) T23019C(S:F486P) T23031C(S:F490S) A23055G(S:Q498R) A23063T(S:N501Y) T23075C(S:Y505H) T23194C(S:N544N)	424	595	0.7126050420168067	22958	23195
C25000T(S:D1146D)	215	248	0.8669354838709677	24947	25001
T23599G(S:N679K) C23604A(S:P681H) C23854A(S:N764K)	26	33	0.7878787878787878	23553	23910
G22992A(S:S477N) C22995A(S:T478K) A23013C(S:E484A) T23018C(S:F486P) T23019C(S:F486P) C23029T(S:Y489Y) T23031C(S:F490S) A23055G(S:Q498R) A23063T(S:N501Y) T23075C(S:Y505H)	22	599	0.03672787979966611	22944	23195
A23403G(S:D614G) C23525T(S:H655Y) T23599G(S:N679K) C23604A(S:P681H)	21	29	0.7241379310344828	23384	23605
G22992A(S:S477N) C22995A(S:T478K) A23013C(S:E484A) T23018C(S:F486P) T23019C(S:F486P) T23031C(S:F490S) A23055G(S:Q498R) A23063T(S:N501Y) T23075C(S:Y505H) C23123T(S:P521S)	18	597	0.03015075376884422	22944	23291
T23194C(S:N544N)	16	619	0.025848142164781908	23187	23351
T24469A(S:N969K)	13	808	0.01608910891089109	24461	24567
