Covariants	Count	Max_count	Freq	Coverage_start	Coverage_end
A23403G(S:D614G)	66	219	0.3013698630136986	23402	23404
C22109G(S:Q183E)	21	80	0.2625	22108	22113
C23202T(S:T547I)	13	86	0.1511627906976744	23163	23205
