Covariants	Count	Max_count	Freq	Coverage_start	Coverage_end
C25416T(ORF3a:F8F)	43	56	0.7678571428571429	25377	25426
G22317T(S:G252V)	38	44	0.8636363636363636	22207	22347
T21810C(S:V83A)	29	39	0.7435897435897436	21764	21817
C23525T(S:H655Y) G23562A	16	22	0.7272727272727273	23411	23562
A23403G(S:D614G)	14	32	0.4375	23325	23439
T23385A	13	46	0.2826086956521739	23250	23385
C23601T T23752A(S:S730S)	12	15	0.8	23600	23752
C22664A(S:L368I) C22674T(S:S371F) T22679C(S:S373P) C22686T(S:S375F) A22688G(S:T376A) G22775A(S:D405N)	10	12	0.8333333333333334	22589	22781
T22882G(S:N440K) G22895C(S:V445P) T22896C(S:V445P) G22898A(S:G446S) T22942G(S:N460K) G22992A(S:S477N) C22995A(S:T478K) A23013C(S:E484A) T23018C(S:F486P) T23019C(S:F486P) T23031C(S:F490S) A23055G(S:Q498R) A23063T(S:N501Y) T23075C(S:Y505H)	10	14	0.7142857142857143	22851	23097
