Covariants	Count	Max_count	Freq	Coverage_start	Coverage_end
T23599G(S:N679K) C23604A(S:P681H)	98	457	0.21444201312910285	23590	23665
A24424T(S:Q954H) T24469A(S:N969K)	65	110	0.5909090909090909	24406	24488
C23525T(S:H655Y) T23599G(S:N679K) C23604A(S:P681H)	59	177	0.3333333333333333	23505	23607
T23599G(S:N679K) C23604A(S:P681H) C23664T(S:A701V)	34	233	0.1459227467811159	23579	23665
A23403G(S:D614G)	25	217	0.1152073732718894	23351	23404
(23486,1)(S:DEL643) C23525T(S:H655Y) T23599G(S:N679K) C23604A(S:P681H)	22	143	0.15384615384615385	23471	23645
A24424T(S:Q954H)	20	111	0.18018018018018017	24406	24488
C23525T(S:H655Y)	19	243	0.07818930041152264	23487	23551
T23599G(S:N679K) C23604A(S:P681H) C23613T(S:A684V) C23664T(S:A701V)	19	233	0.0815450643776824	23579	23669
C25416T(ORF3a:F8F)	14	34	0.4117647058823529	25371	25451
G22317T(S:G252V)	11	20	0.55	22249	22322
(23334,1)(S:DEL592)	11	161	0.06832298136645963	23322	23336
T23487G C23525T(S:H655Y) T23599G(S:N679K) C23604A(S:P681H)	11	144	0.0763888888888889	23486	23607
C25000T(S:D1146D)	11	46	0.2391304347826087	24984	25069
