Covariants	Count	Max_count	Freq	Coverage_start	Coverage_end
T23599G(S:N679K) C23604A(S:P681H)	103	201	0.5124378109452736	23579	23660
A24424T(S:Q954H) T24469A(S:N969K)	75	98	0.7653061224489796	24406	24487
C25416T(ORF3a:F8F)	45	68	0.6617647058823529	25385	25470
C23525T(S:H655Y) T23599G(S:N679K) C23604A(S:P681H)	28	57	0.49122807017543857	23505	23607
A23403G(S:D614G)	21	151	0.1390728476821192	23285	23429
G22317T(S:G252V)	17	30	0.5666666666666667	22242	22333
C23854A(S:N764K)	15	96	0.15625	23764	23888
G22813T(S:K417N) T22882G(S:N440K) G22895C(S:V445P) T22896C(S:V445P) G22898A(S:G446S)	11	39	0.28205128205128205	22791	22898
