Covariants	Count	Max_count	Freq	Coverage_start	Coverage_end
G22317T(S:G252V)	100	179	0.5586592178770949	22207	22347
C25416T(ORF3a:F8F)	81	156	0.5192307692307693	25377	25434
(21764,6)(S:DEL69/70)	75	165	0.45454545454545453	21674	21817
T21810C(S:V83A)	61	174	0.3505747126436782	21767	21817
C23525T(S:H655Y) G23562A	60	70	0.8571428571428571	23411	23562
T23385A	33	60	0.55	23250	23385
C23601T T23752A(S:S730S)	20	51	0.39215686274509803	23600	23752
C22295A(S:H245N)	15	167	0.08982035928143713	22206	22347
A23403G(S:D614G)	15	25	0.6	23325	23468
A24652T	10	69	0.14492753623188406	24651	24802
