Covariants	Count	Max_count	Freq	Coverage_start	Coverage_end
C25416T(ORF3a:F8F)	450	519	0.8670520231213873	25357	25427
C21618T(S:T19I) (21632,9)(S:DEL25/27) T21810C(S:V83A)	180	254	0.7086614173228346	21611	21898
A23403G(S:D614G) C23525T(S:H655Y) T23599G(S:N679K) C23604A(S:P681H)	157	197	0.7969543147208121	23384	23607
C21618T(S:T19I) (21632,9)(S:DEL25/27)	125	387	0.32299741602067183	21565	21658
G22992A(S:S477N) C22995A(S:T478K) A23013C(S:E484A) T23018C(S:F486P) T23019C(S:F486P) T23031C(S:F490S) A23055G(S:Q498R) A23063T(S:N501Y) T23075C(S:Y505H)	61	129	0.4728682170542636	22978	23195
C21618T(S:T19I) (21632,9)(S:DEL25/27) (21719,1)(S:DEL54) G21786T(S:G75V) T21810C(S:V83A)	36	254	0.14173228346456693	21565	21900
(24848,'T')(S:INS1097) C25000T(S:D1146D)	36	74	0.4864864864864865	24776	25000
C22986T(S:A475V) G22992A(S:S477N) C22995A(S:T478K) A23013C(S:E484A) T23018C(S:F486P) T23019C(S:F486P) T23031C(S:F490S) A23055G(S:Q498R) A23063T(S:N501Y) T23075C(S:Y505H)	35	129	0.2713178294573643	22978	23122
C25000T(S:D1146D) G25064C(S:D1168H)	25	72	0.3472222222222222	24899	25112
A24424T(S:Q954H) T24469A(S:N969K)	13	14	0.9285714285714286	24316	24541
