Covariants	Count	Max_count	Freq	Coverage_start	Coverage_end
C25416T(ORF3a:F8F)	7678	7949	0.9659076613410492	25385	25437
C23525T(S:H655Y)	4580	13684	0.3346974568839521	23523	23525
A23403G(S:D614G)	4191	14137	0.2964561080851666	23402	23403
T23599G(S:N679K) C23604A(S:P681H)	3740	9408	0.39753401360544216	23598	23605
C23854A(S:N764K)	2893	4455	0.6493827160493827	23829	23854
A23403G(S:D614G) C23525T(S:H655Y)	2480	9389	0.264138885930344	23402	23525
C23525T(S:H655Y) T23599G(S:N679K) C23604A(S:P681H)	2374	4929	0.4816392777439643	23524	23604
T21810C(S:V83A)	1964	3740	0.5251336898395722	21809	21810
C21618T(S:T19I) (21632,9)(S:DEL25/27)	1688	2935	0.5751277683134582	21616	21651
T23599G(S:N679K) C23604A(S:P681H) C23854A(S:N764K)	1362	1429	0.9531140657802659	23598	23854
A23403G(S:D614G) C23525T(S:H655Y) T23599G(S:N679K) C23604A(S:P681H)	1015	3054	0.3323510150622135	23402	23605
C21618T(S:T19I) (21632,9)(S:DEL25/27) T21810C(S:V83A)	1011	1467	0.689161554192229	21615	21812
C23525T(S:H655Y) T23599G(S:N679K)	628	5892	0.10658520027155464	23524	23599
A23403G(S:D614G) T23599G(S:N679K) C23604A(S:P681H)	575	3054	0.1882776686313032	23402	23606
A23403G(S:D614G) C23525T(S:H655Y) T23599G(S:N679K)	281	3657	0.07683893902105551	23402	23599
G23948T(S:D796Y)	184	195	0.9435897435897436	23946	23963
(21632,9)(S:DEL25/27)	112	2956	0.037889039242219216	21620	21653
T23599G(S:N679K)	87	10371	0.008388776395718832	23592	23599
(21632,9)(S:DEL25/27) T21810C(S:V83A)	65	1478	0.04397834912043302	21620	21812
C23604A(S:P681H)	45	9432	0.004770992366412214	23602	23607
A23403G(S:D614G) T23599G(S:N679K)	37	3657	0.010117582718074924	23401	23599
A22786C(S:R408S) G22813T(S:K417N)	22	53	0.41509433962264153	22779	22860
T22882G(S:N440K) G22895C(S:V445P) T22896C(S:V445P) G22898A(S:G446S) T22942G(S:N460K)	19	78	0.24358974358974358	22872	22942
C23604A(S:P681H) C23854A(S:N764K)	14	1439	0.009728978457261988	23602	23854
C23525T(S:H655Y) C23604A(S:P681H)	11	4929	0.0022316899979711907	23524	23607
G22813T(S:K417N) T22882G(S:N440K)	10	51	0.19607843137254902	22803	22888
