Covariants	Count	Max_count	Freq	Coverage_start	Coverage_end
C23854A(S:N764K)	635	980	0.6479591836734694	23826	23854
T23599G(S:N679K) C23604A(S:P681H)	475	814	0.5835380835380836	23598	23659
T23599G(S:N679K) C23604A(S:P681H) C23854A(S:N764K)	303	318	0.9528301886792453	23598	23854
