Covariants	Count	Max_count	Freq	Coverage_start	Coverage_end
T23599G(S:N679K) C23604A(S:P681H)	148	308	0.4805194805194805	23593	23666
A24424T(S:Q954H) T24469A(S:N969K)	52	80	0.65	24410	24487
C23525T(S:H655Y) T23599G(S:N679K) C23604A(S:P681H)	28	81	0.345679012345679	23485	23607
C25416T(ORF3a:F8F)	22	46	0.4782608695652174	25381	25472
A23403G(S:D614G)	17	114	0.14912280701754385	23342	23425
T24469A(S:N969K)	17	126	0.1349206349206349	24464	24535
C25000T(S:D1146D)	17	32	0.53125	24984	25002
(23486,1)(S:DEL643) C23525T(S:H655Y) T23599G(S:N679K) C23604A(S:P681H)	13	65	0.2	23471	23645
A24424T(S:Q954H)	12	86	0.13953488372093023	24406	24487
(25262,1)(S:DEL1235)	12	18	0.6666666666666666	25248	25328
(23334,1)(S:DEL592) A23403G(S:D614G)	11	64	0.171875	23322	23405
C23525T(S:H655Y)	10	161	0.062111801242236024	23485	23540
T23487G C23525T(S:H655Y) T23599G(S:N679K) C23604A(S:P681H)	10	65	0.15384615384615385	23486	23645
