Covariants	Count	Max_count	Freq	Coverage_start	Coverage_end
T23599G(S:N679K) C23604A(S:P681H)	106	228	0.4649122807017544	23580	23666
A24424T(S:Q954H) T24469A(S:N969K)	34	66	0.5151515151515151	24416	24488
C23525T(S:H655Y) T23599G(S:N679K) C23604A(S:P681H)	17	58	0.29310344827586204	23501	23607
A24424T(S:Q954H)	15	66	0.22727272727272727	24413	24487
(23334,1)(S:DEL592)	13	57	0.22807017543859648	23268	23348
(25262,1)(S:DEL1235)	11	28	0.39285714285714285	25248	25295
G22813T(S:K417N) T22882G(S:N440K) G22895C(S:V445P) T22896C(S:V445P) G22898A(S:G446S)	10	26	0.38461538461538464	22795	22898
T23487G C23525T(S:H655Y) T23599G(S:N679K) C23604A(S:P681H)	10	48	0.20833333333333334	23486	23607
