Covariants	Count	Max_count	Freq	Coverage_start	Coverage_end
C21618T(S:T19I) (21632,9)(S:DEL25/27)	1008	1032	0.9767441860465116	21591	21652
(21764,6)(S:DEL69/70)	186	187	0.9946524064171123	21756	21780
