Covariants	Count	Max_count	Freq	Coverage_start	Coverage_end
A23403G(S:D614G)	59	169	0.34911242603550297	23402	23404
C23202T(S:T547I)	22	114	0.19298245614035087	23169	23207
C22109G(S:Q183E)	15	74	0.20270270270270271	22108	22112
C23123T(S:P521S)	11	105	0.10476190476190476	23120	23150
