Covariants	Count	Max_count	Freq	Coverage_start	Coverage_end
T23599G(S:N679K) C23604A(S:P681H)	251	485	0.5175257731958763	23590	23665
A24424T(S:Q954H) T24469A(S:N969K)	57	94	0.6063829787234043	24406	24488
C23525T(S:H655Y) T23599G(S:N679K) C23604A(S:P681H)	27	116	0.23275862068965517	23485	23607
(23486,1)(S:DEL643) C23525T(S:H655Y) T23599G(S:N679K) C23604A(S:P681H)	26	102	0.2549019607843137	23471	23645
(25262,1)(S:DEL1235)	22	52	0.4230769230769231	25248	25265
(23334,1)(S:DEL592)	20	94	0.2127659574468085	23322	23336
T24469A(S:N969K)	20	137	0.145985401459854	24464	24541
C25416T(ORF3a:F8F)	18	30	0.6	25371	25438
A23403G(S:D614G)	16	111	0.14414414414414414	23340	23425
T23487G C23525T(S:H655Y) T23599G(S:N679K) C23604A(S:P681H)	16	102	0.1568627450980392	23486	23607
C23854A(S:N764K)	15	98	0.15306122448979592	23765	23867
A24424T(S:Q954H)	15	97	0.15463917525773196	24406	24488
G22813T(S:K417N) T22882G(S:N440K) G22895C(S:V445P) T22896C(S:V445P) G22898A(S:G446S)	11	18	0.6111111111111112	22801	22898
(23334,1)(S:DEL592) A23403G(S:D614G)	10	76	0.13157894736842105	23331	23408
