Covariants	Count	Max_count	Freq	Coverage_start	Coverage_end
G22317T(S:G252V)	86	109	0.7889908256880734	22207	22347
C25416T(ORF3a:F8F)	66	80	0.825	25377	25434
T21810C(S:V83A)	37	50	0.74	21765	21895
A23403G(S:D614G)	30	45	0.6666666666666666	23325	23439
C23525T(S:H655Y) G23562A	25	31	0.8064516129032258	23411	23562
T23385A	19	65	0.2923076923076923	23250	23385
C23601T T23752A(S:S730S)	14	37	0.3783783783783784	23600	23752
T23599G(S:N679K) C23604A(S:P681H)	13	19	0.6842105263157895	23546	23664
A24424T(S:Q954H) T24469A(S:N969K)	11	16	0.6875	24388	24484
T22200A(S:V213E) G22317T(S:G252V)	10	11	0.9090909090909091	22129	22347
C22664A(S:L368I) C22674T(S:S371F) T22679C(S:S373P) C22686T(S:S375F) A22688G(S:T376A) G22775A(S:D405N)	10	14	0.7142857142857143	22589	22781
