Covariants	Count	Max_count	Freq	Coverage_start	Coverage_end
T23599G(S:N679K) C23604A(S:P681H)	32	138	0.2318840579710145	23593	23645
T23599G(S:N679K) C23604A(S:P681H) C23664T(S:A701V)	31	100	0.31	23581	23697
A24424T(S:Q954H) T24469A(S:N969K)	18	30	0.6	24406	24488
C23525T(S:H655Y) T23599G(S:N679K) C23604A(S:P681H)	10	28	0.35714285714285715	23487	23645
C25416T(ORF3a:F8F)	10	12	0.8333333333333334	25371	25451
