Covariants	Count	Max_count	Freq	Coverage_start	Coverage_end
C22109G(S:Q183E)	17	22	0.7727272727272727	22066	22111
A22320G(S:D253G)	12	25	0.48	22316	22349
T22942G(S:N460K)	12	23	0.5217391304347826	22940	22946
