Covariants	Count	Max_count	Freq	Coverage_start	Coverage_end
(21764,6)(S:DEL69/70)	1846	1859	0.993006993006993	21756	21779
C21618T(S:T19I) (21632,9)(S:DEL25/27)	447	455	0.9824175824175824	21591	21652
