Covariants	Count	Max_count	Freq	Coverage_start	Coverage_end
T23599G(S:N679K) C23604A(S:P681H)	23	108	0.21296296296296297	23579	23645
C23525T(S:H655Y) T23599G(S:N679K) C23604A(S:P681H)	16	53	0.3018867924528302	23487	23608
A24424T(S:Q954H) T24469A(S:N969K)	16	23	0.6956521739130435	24406	24488
