Covariants	Count	Max_count	Freq	Coverage_start	Coverage_end
T23599G(S:N679K) C23604A(S:P681H)	65	238	0.27310924369747897	23580	23666
C23525T(S:H655Y) T23599G(S:N679K) C23604A(S:P681H)	35	84	0.4166666666666667	23505	23607
A24424T(S:Q954H) T24469A(S:N969K)	26	46	0.5652173913043478	24406	24488
C25416T(ORF3a:F8F)	22	37	0.5945945945945946	25382	25465
T23599G(S:N679K) C23604A(S:P681H) (23606,1)(S:DEL683)	16	238	0.06722689075630252	23579	23695
C25000T(S:D1146D)	15	34	0.4411764705882353	24984	25069
G22813T(S:K417N) T22882G(S:N440K) G22895C(S:V445P) T22896C(S:V445P) G22898A(S:G446S)	12	28	0.42857142857142855	22791	22898
