Covariants	Count	Max_count	Freq	Coverage_start	Coverage_end
T24469A(S:N969K)	170	220	0.7727272727272727	24468	24533
G21987A(S:G142D) (21990,3)(S:DEL144) C22000A(S:H146Q)	38	64	0.59375	21978	22020
C25000T(S:D1146D)	38	60	0.6333333333333333	24997	25021
C24912T(S:T1117I)	32	54	0.5925925925925926	24856	24914
C22109G(S:Q183E) T22200A(S:V213E)	25	33	0.7575757575757576	22085	22201
A24424T(S:Q954H) T24469A(S:N969K)	25	44	0.5681818181818182	24420	24482
A23403G(S:D614G)	23	37	0.6216216216216216	23402	23410
C24912T(S:T1117I) C25000T(S:D1146D)	18	21	0.8571428571428571	24907	25000
G21987A(S:G142D) (21990,3)(S:DEL144) C22000A(S:H146Q) C22109G(S:Q183E)	17	23	0.7391304347826086	21978	22109
C24381T(S:S940F) A24424T(S:Q954H) T24469A(S:N969K)	16	33	0.48484848484848486	24369	24477
T22200A(S:V213E)	14	49	0.2857142857142857	22161	22212
C22109G(S:Q183E)	13	64	0.203125	22080	22152
C21618T(S:T19I) (21632,9)(S:DEL25/27)	12	13	0.9230769230769231	21591	21654
C23525T(S:H655Y)	10	33	0.30303030303030304	23503	23525
C23525T(S:H655Y) T23599G(S:N679K) C23604A(S:P681H)	10	15	0.6666666666666666	23516	23607
C24381T(S:S940F)	10	66	0.15151515151515152	24304	24386
