Covariants	Count	Max_count	Freq	Coverage_start	Coverage_end
A23403G(S:D614G)	41	122	0.3360655737704918	23402	23404
C23202T(S:T547I)	10	11	0.9090909090909091	23169	23207
