Covariants	Count	Max_count	Freq	Coverage_start	Coverage_end
T23599G(S:N679K) C23604A(S:P681H)	52	135	0.3851851851851852	23579	23664
A24424T(S:Q954H) T24469A(S:N969K)	19	31	0.6129032258064516	24406	24488
C23525T(S:H655Y) T23599G(S:N679K) C23604A(S:P681H)	10	46	0.21739130434782608	23485	23607
