Covariants	Count	Max_count	Freq	Coverage_start	Coverage_end
T23599G(S:N679K) C23604A(S:P681H)	79	174	0.4540229885057471	23580	23666
A24424T(S:Q954H) T24469A(S:N969K)	16	33	0.48484848484848486	24413	24488
C21618T(S:T19I) (21632,9)(S:DEL25/27)	15	21	0.7142857142857143	21596	21667
C23525T(S:H655Y) T23599G(S:N679K) C23604A(S:P681H)	13	37	0.35135135135135137	23485	23607
