Covariants	Count	Max_count	Freq	Coverage_start	Coverage_end
T22942G(S:N460K)	110	240	0.4583333333333333	22940	22965
C22033A(S:F157L)	104	402	0.25870646766169153	22032	22060
C22109G(S:Q183E)	101	140	0.7214285714285714	22077	22113
G21761T(S:A67S)	20	44	0.45454545454545453	21760	21784
G22992A(S:S477N) C22995A(S:T478K)	16	30	0.5333333333333333	22968	22998
C22033A(S:F157L) C22109G(S:Q183E)	15	36	0.4166666666666667	22030	22111
G22317T(S:G252V)	10	35	0.2857142857142857	22316	22362
