Covariants	Count	Max_count	Freq	Coverage_start	Coverage_end
T23599G(S:N679K) C23604A(S:P681H)	183	763	0.2398427260812582	23580	23663
A24424T(S:Q954H) T24469A(S:N969K)	181	320	0.565625	24413	24487
C23525T(S:H655Y) T23599G(S:N679K) C23604A(S:P681H)	146	448	0.32589285714285715	23505	23606
C25416T(ORF3a:F8F)	114	223	0.5112107623318386	25382	25452
T23487G(S:V642G) C23525T(S:H655Y) T23599G(S:N679K) C23604A(S:P681H)	65	389	0.16709511568123395	23486	23608
(23486,1)(S:DEL643) C23525T(S:H655Y) T23599G(S:N679K) C23604A(S:P681H)	53	380	0.1394736842105263	23477	23607
A24424T(S:Q954H)	49	325	0.15076923076923077	24406	24486
G22813T(S:K417N) T22882G(S:N440K) G22895C(S:V445P) T22896C(S:V445P) G22898A(S:G446S)	48	132	0.36363636363636365	22801	22898
G22317T(S:G252V)	46	73	0.6301369863013698	22279	22324
A23403G(S:D614G)	45	221	0.20361990950226244	23351	23423
G22813T(S:K417N) T22882G(S:N440K) G22895C(S:V445P) T22896C(S:V445P) G22898A(S:G446S) T22942G(S:N460K)	25	70	0.35714285714285715	22791	22959
C23854A(S:N764K)	21	163	0.12883435582822086	23765	23858
T24469A(S:N969K)	20	398	0.05025125628140704	24464	24560
(23334,1)(S:DEL592)	19	175	0.10857142857142857	23322	23336
C23525T(S:H655Y)	17	510	0.03333333333333333	23471	23551
G22813T(S:K417N)	16	176	0.09090909090909091	22791	22871
(24981,1)(S:DEL1141) C25000T(S:D1146D)	15	63	0.23809523809523808	24849	25001
G22813T(S:K417N) T22882G(S:N440K) G22895C(S:V445P) T22896C(S:V445P)	14	148	0.0945945945945946	22791	22896
(23334,1)(S:DEL592) A23403G(S:D614G)	13	139	0.09352517985611511	23322	23406
(25262,1)(S:DEL1235)	13	111	0.11711711711711711	25248	25326
C25000T(S:D1146D)	11	73	0.1506849315068493	24984	25009
