Covariants	Count	Max_count	Freq	Coverage_start	Coverage_end
A24424T(S:Q954H) T24469A(S:N969K)	35	57	0.6140350877192983	24416	24487
T23599G(S:N679K) C23604A(S:P681H)	32	95	0.3368421052631579	23579	23666
T24469A(S:N969K)	19	93	0.20430107526881722	24464	24541
C25416T(ORF3a:F8F)	18	33	0.5454545454545454	25381	25452
G22813T(S:K417N) T22882G(S:N440K) G22895C(S:V445P) T22896C(S:V445P) G22898A(S:G446S)	14	33	0.42424242424242425	22791	22898
