Covariants	Count	Max_count	Freq	Coverage_start	Coverage_end
T21810C(S:V83A)	664	1311	0.5064836003051106	21809	21811
C21618T(S:T19I) (21632,9)(S:DEL25/27)	596	1093	0.5452881976212259	21616	21651
C21618T(S:T19I) (21632,9)(S:DEL25/27) T21810C(S:V83A)	436	544	0.8014705882352942	21613	21810
(21632,9)(S:DEL25/27)	31	1102	0.028130671506352088	21620	21671
(21632,9)(S:DEL25/27) T21810C(S:V83A)	24	549	0.04371584699453552	21620	21812
