Covariants	Count	Max_count	Freq	Coverage_start	Coverage_end
T23599G(S:N679K) C23604A(S:P681H) C23664T(S:A701V)	145	355	0.4084507042253521	23580	23664
A24424T(S:Q954H) T24469A(S:N969K)	119	191	0.6230366492146597	24415	24478
T23599G(S:N679K) C23604A(S:P681H) C23673T(S:S704L)	52	301	0.17275747508305647	23579	23683
C25416T(ORF3a:F8F)	52	86	0.6046511627906976	25381	25446
T23599G(S:N679K) C23604A(S:P681H)	51	526	0.09695817490494296	23579	23661
C23525T(S:H655Y) T23599G(S:N679K) C23604A(S:P681H)	50	153	0.32679738562091504	23505	23607
(25262,1)(S:DEL1235)	38	99	0.3838383838383838	25248	25284
T24469A(S:N969K)	35	272	0.12867647058823528	24464	24544
A24424T(S:Q954H)	30	193	0.15544041450777202	24406	24486
G22317T(S:G252V)	24	39	0.6153846153846154	22256	22324
C25000T(S:D1146D)	23	69	0.3333333333333333	24984	25069
A23403G(S:D614G)	22	170	0.12941176470588237	23322	23425
T23487G C23525T(S:H655Y) T23599G(S:N679K) C23604A(S:P681H)	20	126	0.15873015873015872	23486	23628
(23334,1)(S:DEL592)	18	136	0.1323529411764706	23282	23336
C23525T(S:H655Y)	16	228	0.07017543859649122	23485	23554
G22813T(S:K417N) T22882G(S:N440K) G22895C(S:V445P) T22896C(S:V445P) G22898A(S:G446S) T22928C(S:F456L) T22942G(S:N460K)	14	58	0.2413793103448276	22791	22948
G22813T(S:K417N) T22882G(S:N440K) G22895C(S:V445P) T22896C(S:V445P) G22898A(S:G446S)	12	84	0.14285714285714285	22791	22898
T23075C(S:Y505H)	12	21	0.5714285714285714	23074	23156
T23599G(S:N679K) C23604A(S:P681H) C23625T(S:A688V) C23664T(S:A701V)	12	355	0.03380281690140845	23579	23666
C23854A(S:N764K)	11	56	0.19642857142857142	23794	23867
A23403G(S:D614G) C23525T(S:H655Y)	10	44	0.22727272727272727	23339	23540
