Covariants	Count	Max_count	Freq	Coverage_start	Coverage_end
T24469A(S:N969K)	50	54	0.9259259259259259	24467	24715
T22882G(S:N440K)	33	36	0.9166666666666666	22837	22882
