Covariants	Count	Max_count	Freq	Coverage_start	Coverage_end
T23599G(S:N679K) C23604A(S:P681H)	137	311	0.4405144694533762	23581	23666
C23525T(S:H655Y) T23599G(S:N679K) C23604A(S:P681H)	25	78	0.32051282051282054	23508	23607
A24424T(S:Q954H) T24469A(S:N969K)	17	22	0.7727272727272727	24406	24488
T23487G C23525T(S:H655Y) T23599G(S:N679K) C23604A(S:P681H)	14	56	0.25	23486	23645
C25416T(ORF3a:F8F)	13	22	0.5909090909090909	25381	25471
