Covariants	Count	Max_count	Freq	Coverage_start	Coverage_end
C21618T(S:T19I) (21632,9)(S:DEL25/27)	842	869	0.9689298043728424	21591	21652
(21764,6)(S:DEL69/70)	150	154	0.974025974025974	21756	21779
