Covariants	Count	Max_count	Freq	Coverage_start	Coverage_end
T23599G(S:N679K) C23604A(S:P681H) C23709T(S:T716I)	454	905	0.5016574585635359	23593	23709
A24424T(S:Q954H) T24469A(S:N969K)	256	403	0.6352357320099256	24410	24486
T23599G(S:N679K) C23604A(S:P681H)	220	1606	0.136986301369863	23580	23661
T24469A(S:N969K)	180	807	0.22304832713754646	24464	24541
C23525T(S:H655Y) T23599G(S:N679K) C23604A(S:P681H)	127	431	0.29466357308584684	23505	23604
C25416T(ORF3a:F8F)	105	198	0.5303030303030303	25381	25448
A23403G(S:D614G)	77	459	0.16775599128540306	23342	23406
C25000T(S:D1146D)	70	189	0.37037037037037035	24998	25020
G22813T(S:K417N) T22882G(S:N440K) G22895C(S:V445P) T22896C(S:V445P) G22898A(S:G446S)	69	170	0.40588235294117647	22809	22898
(23486,1)(S:DEL643) C23525T(S:H655Y) T23599G(S:N679K) C23604A(S:P681H)	64	353	0.1813031161473088	23471	23607
A24424T(S:Q954H)	47	421	0.11163895486935867	24415	24425
C23709T(S:T716I)	46	1261	0.03647898493259318	23681	23728
T23487G(S:V642G) C23525T(S:H655Y) T23599G(S:N679K) C23604A(S:P681H)	42	354	0.11864406779661017	23486	23627
G22317T(S:G252V)	42	61	0.6885245901639344	22242	22322
C23525T(S:H655Y)	39	677	0.05760709010339734	23485	23551
G22813T(S:K417N) T22882G(S:N440K) G22895C(S:V445P) T22896C(S:V445P) G22898A(S:G446S) T22942G(S:N460K)	38	74	0.5135135135135135	22791	22944
(25262,1)(S:DEL1235)	37	171	0.21637426900584794	25248	25286
T23075C(S:Y505H)	34	64	0.53125	23074	23154
T22200A(S:V213E)	23	36	0.6388888888888888	22117	22201
C23709T(S:T716I) C23854A(S:N764K)	21	66	0.3181818181818182	23699	23867
C23854A(S:N764K)	17	389	0.043701799485861184	23765	23855
G22813T(S:K417N) T22882G(S:N440K) G22895C(S:V445P) T22896C(S:V445P)	16	191	0.08376963350785341	22791	22896
(23334,1)(S:DEL592)	15	340	0.04411764705882353	23322	23336
(24320,1)(S:DEL921)	14	150	0.09333333333333334	24226	24321
A23403G(S:D614G) C23525T(S:H655Y)	14	148	0.0945945945945946	23333	23535
(24981,1)(S:DEL1141) C25000T(S:D1146D)	12	126	0.09523809523809523	24849	25001
A23403G(S:D614G) (23486,1)(S:DEL643) C23525T(S:H655Y)	12	148	0.08108108108108109	23333	23540
(24110,1)(S:DEL851)	11	86	0.12790697674418605	24016	24116
T23599G(S:N679K) C23604A(S:P681H) T23605C(S:P681H)	10	1605	0.006230529595015576	23579	23666
