Covariants	Count	Max_count	Freq	Coverage_start	Coverage_end
A23403G(S:D614G)	43	135	0.31851851851851853	23402	23403
C22109G(S:Q183E)	18	58	0.3103448275862069	22108	22113
