Covariants	Count	Max_count	Freq	Coverage_start	Coverage_end
A23403G(S:D614G)	3834	10379	0.3693997494941709	23402	23403
C23525T(S:H655Y)	2999	8605	0.3485183033120279	23511	23525
A23403G(S:D614G) C23525T(S:H655Y)	2311	6245	0.3700560448358687	23402	23525
T21810C(S:V83A)	1106	1857	0.5955842757135165	21809	21810
C23525T(S:H655Y) T23599G(S:N679K) C23604A(S:P681H)	1058	2503	0.42269276867758687	23524	23604
A23403G(S:D614G) C23525T(S:H655Y) T23599G(S:N679K) C23604A(S:P681H)	669	1538	0.43498049414824447	23402	23605
C21618T(S:T19I) (21632,9)(S:DEL25/27)	425	1325	0.32075471698113206	21616	21668
A23403G(S:D614G) T23599G(S:N679K) C23604A(S:P681H)	412	1538	0.26788036410923277	23402	23605
G21578C(S:V6L) C21618T(S:T19I) (21632,9)(S:DEL25/27)	337	533	0.6322701688555347	21577	21653
T23599G(S:N679K) C23604A(S:P681H)	323	2563	0.1260241904018728	23527	23607
C21618T(S:T19I) (21632,9)(S:DEL25/27) T21810C(S:V83A)	315	577	0.5459272097053726	21615	21812
C23525T(S:H655Y) T23599G(S:N679K)	228	2939	0.07757740728138823	23524	23599
A23403G(S:D614G) C23525T(S:H655Y) T23599G(S:N679K)	196	1828	0.10722100656455143	23402	23599
G21578C(S:V6L) C21618T(S:T19I) (21632,9)(S:DEL25/27) T21810C(S:V83A)	156	192	0.8125	21577	21813
T23031C(S:F490S) A23055G(S:Q498R) A23063T(S:N501Y) T23075C(S:Y505H)	140	187	0.7486631016042781	23030	23116
A23055G(S:Q498R) A23063T(S:N501Y) T23075C(S:Y505H)	43	203	0.21182266009852216	23042	23116
(21632,9)(S:DEL25/27)	33	1333	0.024756189047261814	21620	21657
(21632,9)(S:DEL25/27) T21810C(S:V83A)	27	581	0.04647160068846816	21620	21812
A23403G(S:D614G) T23599G(S:N679K)	14	1828	0.007658643326039387	23400	23599
T23599G(S:N679K)	13	2999	0.004334778259419807	23527	23601
G21578C(S:V6L) (21632,9)(S:DEL25/27)	12	533	0.0225140712945591	21565	21654
T23020G T23031C(S:F490S) A23055G(S:Q498R) A23063T(S:N501Y) T23075C(S:Y505H)	11	74	0.14864864864864866	23019	23114
