Covariants	Count	Max_count	Freq	Coverage_start	Coverage_end
T23599G(S:N679K) C23604A(S:P681H)	41	70	0.5857142857142857	23579	23666
A24424T(S:Q954H) T24469A(S:N969K)	14	17	0.8235294117647058	24406	24488
