Covariants	Count	Max_count	Freq	Coverage_start	Coverage_end
A23403G(S:D614G)	46	166	0.27710843373493976	23402	23404
C22109G(S:Q183E)	24	82	0.2926829268292683	22108	22114
