Covariants	Count	Max_count	Freq	Coverage_start	Coverage_end
T23599G(S:N679K) C23604A(S:P681H)	103	268	0.3843283582089552	23593	23666
T23599G(S:N679K) C23604G(S:P681R)	25	268	0.09328358208955224	23579	23666
A24424T(S:Q954H) T24469A(S:N969K)	25	39	0.6410256410256411	24406	24487
C23525T(S:H655Y) T23599G(S:N679K) C23604A(S:P681H)	22	54	0.4074074074074074	23501	23608
