Covariants	Count	Max_count	Freq	Coverage_start	Coverage_end
T24469A(S:N969K)	3550	4076	0.8709519136408244	24468	24482
G25337T(S:D1259Y)	3083	4656	0.6621563573883161	25325	25337
T21810C(S:V83A)	1979	3616	0.5472898230088495	21809	21811
C25000T(S:D1146D)	1913	2321	0.8242137009909521	24999	25000
C21618T(S:T19I) (21632,9)(S:DEL25/27)	1521	2774	0.5483056957462149	21616	21650
T23599G(S:N679K) C23604A(S:P681H)	1214	1831	0.6630256690333152	23598	23659
C23854A(S:N764K)	1205	1868	0.6450749464668094	23830	23854
C21618T(S:T19I) (21632,9)(S:DEL25/27) T21810C(S:V83A)	1097	1338	0.819880418535127	21615	21810
C25416T(ORF3a:F8F)	957	1805	0.5301939058171745	25385	25418
G25337T(S:D1259Y) C25416T(ORF3a:F8F)	806	1368	0.5891812865497076	25335	25416
T23599G(S:N679K) C23604A(S:P681H) C23854A(S:N764K)	577	603	0.956882255389718	23598	23854
G24398C(S:G946R) A24424T(S:Q954H)	235	832	0.2824519230769231	24371	24424
G24398C(S:G946R) A24424T(S:Q954H) T24469A(S:N969K)	184	566	0.3250883392226148	24396	24469
A23055G(S:Q498R) A23063T(S:N501Y) T23075C(S:Y505H)	131	296	0.44256756756756754	23054	23116
A24424T(S:Q954H) T24469A(S:N969K)	126	624	0.20192307692307693	24420	24487
G23948T(S:D796Y)	115	123	0.9349593495934959	23941	23968
G24398C(S:G946R)	93	899	0.10344827586206896	24357	24398
T23031C(S:F490S) A23055G(S:Q498R) A23063T(S:N501Y) T23075C(S:Y505H)	91	156	0.5833333333333334	23030	23113
(21632,9)(S:DEL25/27)	72	2798	0.02573266619013581	21620	21652
(21632,9)(S:DEL25/27) T21810C(S:V83A)	60	1352	0.04437869822485207	21620	21811
A23063T(S:N501Y) T23075C(S:Y505H)	45	339	0.13274336283185842	23060	23145
T23075C(S:Y505H)	40	380	0.10526315789473684	23074	23170
G22992A(S:S477N) C22995A(S:T478K) A23013C(S:E484A) T23018C(S:F486P) T23019C(S:F486P) T23031C(S:F490S) A23055G(S:Q498R)	27	51	0.5294117647058824	22978	23058
G24398C(S:G946R) T24469A(S:N969K)	27	566	0.04770318021201413	24368	24480
G22577C(S:G339H) G22578A(S:G339H) G22599C(S:R346T)	26	43	0.6046511627906976	22559	22608
C24575T(S:Q1005*)	26	7018	0.0037047591906526076	24562	24586
C23604A(S:P681H)	18	1845	0.00975609756097561	23602	23660
A23013C(S:E484A) T23018C(S:F486P) T23019C(S:F486P) T23031C(S:F490S) A23055G(S:Q498R) A23063T(S:N501Y) T23075C(S:Y505H)	17	60	0.2833333333333333	23008	23109
G22992A(S:S477N) C22995A(S:T478K) A23013C(S:E484A) T23018C(S:F486P) T23019C(S:F486P) T23031C(S:F490S) A23055G(S:Q498R) A23063T(S:N501Y)	14	46	0.30434782608695654	22978	23063
A24780G(S:K1073R)	12	4164	0.002881844380403458	24776	24792
