Covariants	Count	Max_count	Freq	Coverage_start	Coverage_end
T23599G(S:N679K) C23604A(S:P681H)	299	647	0.46213292117465227	23580	23662
A24424T(S:Q954H) T24469A(S:N969K)	111	195	0.5692307692307692	24415	24481
C23525T(S:H655Y) T23599G(S:N679K) C23604A(S:P681H)	51	114	0.4473684210526316	23505	23608
T23599G(S:N679K) C23604A(S:P681H) C23673T(S:S704L)	37	443	0.0835214446952596	23579	23683
A24424T(S:Q954H)	33	197	0.16751269035532995	24413	24488
T23599G(S:N679K) C23604A(S:P681H) C23664T(S:A701V)	22	516	0.04263565891472868	23579	23667
C25416T(ORF3a:F8F)	21	40	0.525	25381	25452
A23403G(S:D614G)	20	145	0.13793103448275862	23351	23416
(23486,1)(S:DEL643) C23525T(S:H655Y) T23599G(S:N679K) C23604A(S:P681H)	19	104	0.18269230769230768	23471	23645
(23334,1)(S:DEL592)	16	102	0.1568627450980392	23322	23336
T24469A(S:N969K)	15	224	0.06696428571428571	24464	24537
G22813T(S:K417N) T22882G(S:N440K) G22895C(S:V445P) T22896C(S:V445P) G22898A(S:G446S)	12	34	0.35294117647058826	22801	22898
T23487G C23525T(S:H655Y) T23599G(S:N679K) C23604A(S:P681H)	11	104	0.10576923076923077	23486	23645
(24110,1)(S:DEL851)	11	33	0.3333333333333333	24016	24112
G22317T(S:G252V)	10	15	0.6666666666666666	22242	22322
C23525T(S:H655Y)	10	140	0.07142857142857142	23485	23542
