Covariants	Count	Max_count	Freq	Coverage_start	Coverage_end
T23599G(S:N679K) C23604A(S:P681H)	457	1032	0.4428294573643411	23584	23645
T24469A(S:N969K)	226	732	0.3087431693989071	24464	24536
A24424T(S:Q954H) T24469A(S:N969K)	173	283	0.6113074204946997	24415	24488
C23525T(S:H655Y) T23599G(S:N679K) C23604A(S:P681H)	153	373	0.4101876675603217	23518	23607
C25416T(ORF3a:F8F)	106	204	0.5196078431372549	25385	25451
(25262,1)(S:DEL1235)	87	275	0.31636363636363635	25248	25263
C23854A(S:N764K)	52	516	0.10077519379844961	23765	23858
C25000T(S:D1146D)	39	143	0.2727272727272727	24992	25069
A24424T(S:Q954H)	37	291	0.12714776632302405	24406	24488
T23487G C23525T(S:H655Y) T23599G(S:N679K) C23604A(S:P681H)	36	309	0.11650485436893204	23486	23607
(23486,1)(S:DEL643) C23525T(S:H655Y) T23599G(S:N679K) C23604A(S:P681H)	34	303	0.11221122112211221	23471	23607
C23525T(S:H655Y)	27	527	0.051233396584440226	23485	23551
A23403G(S:D614G)	26	308	0.08441558441558442	23322	23406
(23334,1)(S:DEL592)	25	215	0.11627906976744186	23322	23360
T23075C(S:Y505H)	23	32	0.71875	23074	23156
G22813T(S:K417N) T22882G(S:N440K) G22895C(S:V445P) T22896C(S:V445P) G22898A(S:G446S)	21	68	0.3088235294117647	22791	22898
(23334,1)(S:DEL592) A23403G(S:D614G)	19	175	0.10857142857142857	23322	23408
A23403G(S:D614G) C23525T(S:H655Y)	18	96	0.1875	23333	23538
G22813T(S:K417N) T22882G(S:N440K) G22895C(S:V445P) T22896C(S:V445P) G22898A(S:G446S) T22942G(S:N460K)	17	39	0.4358974358974359	22791	22949
G22317T(S:G252V)	15	25	0.6	22256	22328
T22200A(S:V213E)	11	16	0.6875	22117	22201
