Covariants	Count	Max_count	Freq	Coverage_start	Coverage_end
T23599G(S:N679K) C23604A(S:P681H)	396	1003	0.3948155533399801	23590	23664
A24424T(S:Q954H) T24469A(S:N969K)	164	269	0.6096654275092936	24415	24488
T24469A(S:N969K)	96	464	0.20689655172413793	24464	24541
C25416T(ORF3a:F8F)	80	179	0.44692737430167595	25381	25442
C23525T(S:H655Y) T23599G(S:N679K) C23604A(S:P681H)	69	289	0.23875432525951557	23505	23608
A23403G(S:D614G)	51	445	0.1146067415730337	23332	23420
G22317T(S:G252V)	50	93	0.5376344086021505	22296	22326
(23334,1)(S:DEL592)	48	337	0.142433234421365	23322	23336
(23486,1)(S:DEL643) C23525T(S:H655Y) T23599G(S:N679K) C23604A(S:P681H)	47	242	0.19421487603305784	23471	23607
G22813T(S:K417N) T22882G(S:N440K) G22895C(S:V445P) T22896C(S:V445P) G22898A(S:G446S)	47	116	0.4051724137931034	22791	22898
C23854A(S:N764K)	42	350	0.12	23765	23858
T23599G(S:N679K) C23604A(S:P681H) C23635T(S:S691S)	41	991	0.04137235116044399	23579	23666
C25000T(S:D1146D)	37	175	0.21142857142857144	24984	25069
A24424T(S:Q954H)	33	276	0.11956521739130435	24406	24488
C23525T(S:H655Y)	31	486	0.06378600823045268	23485	23551
(23334,1)(S:DEL592) A23403G(S:D614G)	29	287	0.10104529616724739	23322	23406
T22200A(S:V213E)	22	39	0.5641025641025641	22117	22201
T23487G C23525T(S:H655Y) T23599G(S:N679K) C23604A(S:P681H)	22	243	0.09053497942386832	23486	23645
A23403G(S:D614G) C23525T(S:H655Y)	19	104	0.18269230769230768	23351	23532
(24320,1)(S:DEL921)	17	161	0.10559006211180125	24226	24321
G22813T(S:K417N) T22882G(S:N440K) G22895C(S:V445P) T22896C(S:V445P) G22898A(S:G446S) T22942G(S:N460K)	16	51	0.3137254901960784	22808	22945
G22813T(S:K417N) T22882G(S:N440K) G22895C(S:V445P) T22896C(S:V445P)	15	135	0.1111111111111111	22791	22897
(24672,1)(S:DEL1038)	14	172	0.08139534883720931	24608	24692
(24981,1)(S:DEL1141) C25000T(S:D1146D)	12	120	0.1	24849	25002
(25262,2)(S:DEL1235)	12	195	0.06153846153846154	25248	25275
T23075C(S:Y505H)	11	35	0.3142857142857143	23074	23165
C23525T(S:H655Y) G23545T(S:E661D) T23599G(S:N679K) C23604A(S:P681H)	10	289	0.03460207612456748	23485	23607
