Covariants	Count	Max_count	Freq	Coverage_start	Coverage_end
C21618T(S:T19I) (21632,9)(S:DEL25/27)	518	530	0.9773584905660377	21591	21652
(21764,6)(S:DEL69/70)	321	324	0.9907407407407407	21756	21779
