Covariants	Count	Max_count	Freq	Coverage_start	Coverage_end
C25416T(ORF3a:F8F)	33	44	0.75	25381	25451
A24424T(S:Q954H) T24469A(S:N969K)	30	46	0.6521739130434783	24415	24488
G22317T(S:G252V)	15	22	0.6818181818181818	22242	22325
T23599G(S:N679K) C23604A(S:P681H)	12	38	0.3157894736842105	23579	23666
