Covariants	Count	Max_count	Freq	Coverage_start	Coverage_end
T24469A(S:N969K)	1129	1898	0.5948366701791359	24461	24470
C25000T(S:D1146D)	1122	1357	0.8268238761974944	24998	25000
A24424T(S:Q954H)	913	2775	0.32900900900900903	24402	24424
T21810C(S:V83A)	899	1734	0.5184544405997693	21809	21810
C21618T(S:T19I) (21632,9)(S:DEL25/27)	755	1382	0.5463096960926194	21613	21646
C25416T(ORF3a:F8F)	726	744	0.9758064516129032	25385	25437
A24424T(S:Q954H) T24469A(S:N969K)	694	1750	0.3965714285714286	24421	24469
C21618T(S:T19I) (21632,9)(S:DEL25/27) T21810C(S:V83A)	541	700	0.7728571428571429	21615	21811
T23599G(S:N679K) C23604A(S:P681H) C23664T(S:A701V)	508	1027	0.4946445959104187	23598	23666
C23854A(S:N764K)	413	1232	0.3352272727272727	23826	23854
C23664T(S:A701V) C23854A(S:N764K)	379	814	0.4656019656019656	23662	23854
C23664T(S:A701V)	332	1770	0.18757062146892656	23662	23693
T23599G(S:N679K) C23604A(S:P681H) C23664T(S:A701V) C23854A(S:N764K)	273	412	0.662621359223301	23598	23854
T23599G(S:N679K) C23604A(S:P681H)	124	1053	0.1177587844254511	23579	23659
A23055G(S:Q498R) A23063T(S:N501Y) T23075C(S:Y505H)	121	272	0.44485294117647056	23054	23116
T23599G(S:N679K) C23604A(S:P681H) C23854A(S:N764K)	120	412	0.2912621359223301	23598	23854
T23031C(S:F490S) A23055G(S:Q498R) A23063T(S:N501Y) T23075C(S:Y505H)	87	150	0.58	23030	23111
A23063T(S:N501Y) T23075C(S:Y505H)	46	318	0.14465408805031446	23062	23157
T23075C(S:Y505H)	31	352	0.08806818181818182	23074	23157
(21632,9)(S:DEL25/27)	29	1386	0.020923520923520924	21619	21653
A23013C(S:E484A) T23018C(S:F486P) T23019C(S:F486P) T23031C(S:F490S) A23055G(S:Q498R) A23063T(S:N501Y) T23075C(S:Y505H)	29	54	0.5370370370370371	23008	23116
G24357A(S:G932D) A24424T(S:Q954H)	26	2520	0.010317460317460317	24339	24428
(21632,9)(S:DEL25/27) T21810C(S:V83A)	22	702	0.03133903133903134	21620	21815
G24357A(S:G932D) A24424T(S:Q954H) T24469A(S:N969K)	18	1516	0.011873350923482849	24352	24470
G24357A(S:G932D)	16	2989	0.005352960856473737	24319	24368
C21618T(S:T19I) (21632,9)(S:DEL25/27) A21692G(S:R44G)	15	1233	0.012165450121654502	21613	21702
G22992A(S:S477N) C22995G(S:T478R) A23013C(S:E484A) T23018C(S:F486P) T23019C(S:F486P) T23031C(S:F490S) A23055G(S:Q498R)	11	26	0.4230769230769231	22978	23183
