Covariants	Count	Max_count	Freq	Coverage_start	Coverage_end
A24424T(S:Q954H) T24469A(S:N969K)	316	544	0.5808823529411765	24416	24487
C23525T(S:H655Y) T23599G(S:N679K) C23604A(S:P681H)	203	657	0.3089802130898021	23505	23605
A24424T(S:Q954H)	91	544	0.16727941176470587	24406	24487
(23486,1)(S:DEL643) C23525T(S:H655Y) T23599G(S:N679K) C23604A(S:P681H)	87	508	0.17125984251968504	23478	23605
A23403G(S:D614G)	78	509	0.15324165029469547	23285	23416
T23487G C23525T(S:H655Y) T23599G(S:N679K) C23604A(S:P681H)	76	512	0.1484375	23486	23607
C25416T(ORF3a:F8F)	72	128	0.5625	25371	25439
G22813T(S:K417N) T22882G(S:N440K) G22895C(S:V445P) T22896C(S:V445P) G22898A(S:G446S)	58	193	0.3005181347150259	22793	22898
G22813T(S:K417N) T22882G(S:N440K) G22895C(S:V445P) T22896C(S:V445P) G22898A(S:G446S) T22930A(S:F456L) T22942G(S:N460K)	52	106	0.49056603773584906	22801	22949
G22317T(S:G252V)	49	66	0.7424242424242424	22302	22320
(23334,1)(S:DEL592)	45	393	0.11450381679389313	23268	23336
C23525T(S:H655Y)	45	726	0.06198347107438017	23501	23551
T23599G(S:N679K) C23604A(S:P681H)	36	888	0.04054054054054054	23579	23666
C23854A(S:N764K)	36	468	0.07692307692307693	23705	23861
G22813T(S:K417N) T22882G(S:N440K) G22895C(S:V445P) T22896C(S:V445P)	32	232	0.13793103448275862	22800	22896
(25262,1)(S:DEL1235)	32	113	0.2831858407079646	25226	25263
G22813T(S:K417N) T22882G(S:N440K)	27	266	0.10150375939849623	22791	22882
G22813T(S:K417N)	18	288	0.0625	22791	22866
(24320,1)(S:DEL921)	15	166	0.09036144578313253	24144	24321
(23334,1)(S:DEL592) A23403G(S:D614G)	13	271	0.04797047970479705	23270	23406
(24253,1)(S:DEL898)	13	211	0.061611374407582936	24217	24261
(24981,1)(S:DEL1141) C25000T(S:D1146D)	13	37	0.35135135135135137	24849	25020
G22813T(S:K417N) T22882G(S:N440K) T22896C G22898A(S:G446S) T22930A(S:F456L) T22942G(S:N460K)	11	106	0.10377358490566038	22791	22968
