Covariants	Count	Max_count	Freq	Coverage_start	Coverage_end
C21618T(S:T19I) (21632,9)(S:DEL25/27)	2620	2879	0.9100382077110107	21591	21652
(21764,6)(S:DEL69/70)	2098	2311	0.9078321073128516	21756	21779
(21764,6)(S:DEL69/70) C21789T(S:T76I)	185	1979	0.09348155634158666	21756	21789
C21575T(S:L5F) C21618T(S:T19I) (21632,9)(S:DEL25/27)	180	722	0.24930747922437674	21574	21652
(21632,9)(S:DEL25/27)	30	2879	0.010420284821118444	21591	21654
