Covariants	Count	Max_count	Freq	Coverage_start	Coverage_end
T23599G(S:N679K) C23604A(S:P681H)	154	387	0.3979328165374677	23580	23665
A24424T(S:Q954H) T24469A(S:N969K)	105	174	0.603448275862069	24406	24486
C23525T(S:H655Y) T23599G(S:N679K) C23604A(S:P681H)	64	166	0.3855421686746988	23505	23607
T24469A(S:N969K)	52	274	0.1897810218978102	24464	24541
T23487G C23525T(S:H655Y) T23599G(S:N679K) C23604A(S:P681H)	24	149	0.1610738255033557	23486	23608
A24424T(S:Q954H)	24	174	0.13793103448275862	24413	24486
C23854A(S:N764K)	23	106	0.2169811320754717	23681	23858
(25262,1)(S:DEL1235)	19	81	0.2345679012345679	25248	25272
C25416T(ORF3a:F8F)	17	31	0.5483870967741935	25381	25442
C23525T(S:H655Y)	13	195	0.06666666666666667	23485	23553
C25000T(S:D1146D)	11	22	0.5	24984	25072
