Covariants	Count	Max_count	Freq	Coverage_start	Coverage_end
T23599G(S:N679K) C23604A(S:P681H)	507	1253	0.4046288906624102	23582	23648
A24424T(S:Q954H) T24469A(S:N969K)	235	382	0.6151832460732984	24406	24478
(23486,1)(S:DEL643) C23525T(S:H655Y) T23599G(S:N679K) C23604A(S:P681H)	150	415	0.3614457831325301	23478	23607
C23525T(S:H655Y) T23599G(S:N679K) C23604A(S:P681H)	110	465	0.23655913978494625	23510	23607
C25416T(ORF3a:F8F)	103	188	0.5478723404255319	25381	25446
(23334,1)(S:DEL592)	73	359	0.20334261838440112	23322	23336
A23403G(S:D614G)	56	406	0.13793103448275862	23351	23404
A24424T(S:Q954H)	55	390	0.14102564102564102	24410	24487
G22317T(S:G252V)	53	89	0.5955056179775281	22260	22322
T24469A(S:N969K)	51	524	0.09732824427480916	24464	24541
C25000T(S:D1146D)	48	177	0.2711864406779661	24992	25020
(23334,1)(S:DEL592) A23403G(S:D614G)	47	279	0.16845878136200718	23322	23405
T23487G C23525T(S:H655Y) T23599G(S:N679K) C23604A(S:P681H)	44	418	0.10526315789473684	23486	23607
G22813T(S:K417N) T22882G(S:N440K) G22895C(S:V445P) T22896C(S:V445P) G22898A(S:G446S)	44	103	0.42718446601941745	22808	22898
C23854A(S:N764K)	41	324	0.12654320987654322	23765	23856
C23525T(S:H655Y)	35	600	0.058333333333333334	23485	23552
C24210T(S:T883I)	26	160	0.1625	24144	24227
(24981,1)(S:DEL1141) C25000T(S:D1146D)	26	116	0.22413793103448276	24849	25002
(25262,1)(S:DEL1235)	16	117	0.13675213675213677	25248	25323
C24865T(S:H1101H)	14	192	0.07291666666666667	24849	24921
(24253,1)(S:DEL898)	12	218	0.05504587155963303	24218	24255
G22813T(S:K417N) T22882G(S:N440K) G22895C(S:V445P) T22896C(S:V445P)	11	118	0.09322033898305085	22791	22897
A23013C(S:E484A) T23018C(S:F486P) T23019C(S:F486P) T23031C(S:F490S) A23055G(S:Q498R) A23063T(S:N501Y) T23075C(S:Y505H)	11	22	0.5	23005	23081
T22200A(S:V213E)	11	25	0.44	22117	22211
(24320,1)(S:DEL921)	10	194	0.05154639175257732	24233	24321
