Covariants	Count	Max_count	Freq	Coverage_start	Coverage_end
C25416T(ORF3a:F8F)	392	445	0.8808988764044944	25381	25434
T21810C(S:V83A)	125	190	0.6578947368421053	21765	21817
G22317T(S:G252V)	90	238	0.37815126050420167	22207	22347
A23403G(S:D614G)	86	141	0.6099290780141844	23325	23468
C22664A(S:L368I) C22674T(S:S371F) T22679C(S:S373P) C22686T(S:S375F) A22688G(S:T376A) G22775A(S:D405N)	55	89	0.6179775280898876	22589	22781
T22882G(S:N440K) G22895C(S:V445P) T22896C(S:V445P) G22898A(S:G446S) T22942G(S:N460K) G22992A(S:S477N) C22995G(S:T478R) A23013C(S:E484A) T23018C(S:F486P) T23019C(S:F486P) T23031C(S:F490S) A23055G(S:Q498R) A23063T(S:N501Y) T23075C(S:Y505H)	55	97	0.5670103092783505	22850	23097
C25000T(S:D1146D)	54	83	0.6506024096385542	24942	25076
C23525T(S:H655Y)	44	165	0.26666666666666666	23411	23558
C23525T(S:H655Y) G23562A	42	83	0.5060240963855421	23411	23562
A24424T(S:Q954H) T24469A(S:N969K)	39	57	0.6842105263157895	24388	24538
T22200A(S:V213E) G22226T(S:A222S) G22317T(S:G252V)	35	69	0.5072463768115942	22129	22347
A22320G(S:D253G)	25	238	0.10504201680672269	22207	22347
T23599G(S:N679K) C23604A(S:P681H)	22	33	0.6666666666666666	23514	23664
A23403G(S:D614G) C23525T(S:H655Y)	19	34	0.5588235294117647	23325	23561
C23854A(S:N764K)	19	20	0.95	23690	23910
T23385A	19	161	0.11801242236024845	23250	23385
G21987A(S:G142D) (21990,3)(S:DEL144) C22000A(S:H146Q)	18	26	0.6923076923076923	21949	22098
C22674T(S:S371F) T22679C(S:S373P) C22686T(S:S375F) A22688G(S:T376A) G22775A(S:D405N)	18	89	0.20224719101123595	22589	22781
T22200A(S:V213E) G22317T(S:G252V)	18	69	0.2608695652173913	22129	22347
A23403G(S:D614G) T23431C(S:A623A)	17	141	0.12056737588652482	23349	23468
G22331A(S:G257S)	15	238	0.06302521008403361	22307	22347
G24848A(S:V1096I)	14	153	0.0915032679738562	24652	24878
T22200A(S:V213E) G22226T(S:A222S)	14	94	0.14893617021276595	22129	22243
T22882G(S:N440K) G22895C(S:V445P) T22896C(S:V445P) G22898A(S:G446S) T22930A(S:F456L) T22942G(S:N460K) G22992A(S:S477N) C22995A(S:T478K) A23013C(S:E484A) T23018C(S:F486P) T23019C(S:F486P) T23031C(S:F490S) A23055G(S:Q498R) A23063T(S:N501Y) T23075C(S:Y505H)	11	97	0.1134020618556701	22850	23097
C25416T(ORF3a:F8F) T25496A(ORF3a:I35K)	11	374	0.029411764705882353	25377	25518
G22226T(S:A222S) G22317T(S:G252V)	10	215	0.046511627906976744	22207	22347
A24388T A24424T(S:Q954H) T24469A(S:N969K) A24539G	10	53	0.18867924528301888	24386	24539
