Covariants	Count	Max_count	Freq	Coverage_start	Coverage_end
G22317T(S:G252V)	449	536	0.8376865671641791	22307	22347
C25416T(ORF3a:F8F)	310	336	0.9226190476190477	25381	25434
T21810C(S:V83A)	269	338	0.7958579881656804	21767	21822
A23403G(S:D614G)	94	103	0.912621359223301	23325	23439
T23385A	78	184	0.42391304347826086	23250	23385
G21987A(S:G142D) (21990,3)(S:DEL144) C22000A(S:H146Q)	48	68	0.7058823529411765	21950	22098
C23854A(S:N764K)	40	49	0.8163265306122449	23690	23910
C25000T(S:D1146D)	39	46	0.8478260869565217	24926	25074
C22664A(S:L368I) C22674T(S:S371F) T22679C(S:S373P) C22686T(S:S375F) A22688G(S:T376A) A22753C(S:A397A) G22775A(S:D405N)	34	74	0.4594594594594595	22657	22781
C23525T(S:H655Y) G23562A	32	39	0.8205128205128205	23411	23562
C22664A(S:L368I) C22674T(S:S371F) T22679C(S:S373P) C22686T(S:S375F) A22688G(S:T376A) G22775A(S:D405N)	32	74	0.43243243243243246	22589	22781
T22882G(S:N440K) G22895C(S:V445P) T22896C(S:V445P) G22898A(S:G446S) T22942G(S:N460K) G22992A(S:S477N) C22995A(S:T478K) A23013C(S:E484A) T23018C(S:F486P) T23019C(S:F486P) T23031C(S:F490S) A23055G(S:Q498R) A23063T(S:N501Y) T23075C(S:Y505H)	30	51	0.5882352941176471	22850	23097
T22200A(S:V213E) G22317T(S:G252V)	29	40	0.725	22196	22347
A24424T(S:Q954H) T24469A(S:N969K)	24	53	0.4528301886792453	24388	24538
C21618T(S:T19I) (21632,9)(S:DEL25/27)	22	23	0.9565217391304348	21576	21725
C23601T T23752A(S:S730S)	19	58	0.3275862068965517	23600	23752
T22200A(S:V213E)	17	56	0.30357142857142855	22129	22243
C22664A(S:L368I) C22674T(S:S371F) T22679C(S:S373P) C22686T(S:S375F) A22688G(S:T376A)	16	93	0.17204301075268819	22589	22733
(21764,6)(S:DEL69/70)	15	318	0.04716981132075472	21674	21817
A24652T	15	190	0.07894736842105263	24651	24802
A24388T A24424T(S:Q954H) T24469A(S:N969K) A24539G	13	47	0.2765957446808511	24387	24539
T22882G(S:N440K) G22895C(S:V445P) T22896C(S:V445P) G22898A(S:G446S) T22942G(S:N460K) (22954,2)(S:DEL465) G22992A(S:S477N) C22995A(S:T478K) A23013C(S:E484A) T23018C(S:F486P) T23019C(S:F486P) T23031C(S:F490S) A23055G(S:Q498R) A23063T(S:N501Y) T23075C(S:Y505H)	10	51	0.19607843137254902	22850	23097
