Covariants	Count	Max_count	Freq	Coverage_start	Coverage_end
T23599G(S:N679K) C23604A(S:P681H)	243	521	0.46641074856046066	23587	23659
A24424T(S:Q954H) T24469A(S:N969K)	109	219	0.4977168949771689	24413	24488
C23525T(S:H655Y) T23599G(S:N679K) C23604A(S:P681H)	37	82	0.45121951219512196	23508	23607
A24424T(S:Q954H)	37	221	0.167420814479638	24410	24487
C25416T(ORF3a:F8F)	33	60	0.55	25381	25446
(23334,1)(S:DEL592)	31	168	0.18452380952380953	23323	23348
A23403G(S:D614G)	29	200	0.145	23302	23441
G22813T(S:K417N) T22882G(S:N440K)	26	69	0.37681159420289856	22791	22884
(25262,1)(S:DEL1235)	26	42	0.6190476190476191	25248	25263
T23599G(S:N679K) C23604A(S:P681H) C23664T(S:A701V)	21	425	0.04941176470588235	23579	23667
(24253,1)(S:DEL898)	18	45	0.4	24217	24265
C25000T(S:D1146D)	15	35	0.42857142857142855	24984	25066
(23486,1)(S:DEL643) C23525T(S:H655Y) T23599G(S:N679K) C23604A(S:P681H)	14	76	0.18421052631578946	23471	23640
A24424T(S:Q954H) G24445A(S:T961T) T24469A(S:N969K)	13	219	0.0593607305936073	24406	24502
C23525T(S:H655Y)	10	114	0.08771929824561403	23485	23551
G23587T(S:Q675H) T23599G(S:N679K) C23604A(S:P681H)	10	498	0.020080321285140562	23579	23663
