Covariants	Count	Max_count	Freq	Coverage_start	Coverage_end
C23525T(S:H655Y) T23599G(S:N679K) C23604A(S:P681H)	162	245	0.6612244897959184	23501	23607
A24424T(S:Q954H) T24469A(S:N969K)	154	243	0.6337448559670782	24410	24488
T23599G(S:N679K) C23604A(S:P681H)	137	547	0.25045703839122485	23579	23664
C25416T(ORF3a:F8F)	71	109	0.6513761467889908	25384	25442
T24469A(S:N969K)	65	372	0.17473118279569894	24464	24536
T23599G(S:N679K) C23604A(S:P681H) C23664T(S:A701V)	43	286	0.15034965034965034	23581	23668
(25262,1)(S:DEL1235)	38	66	0.5757575757575758	25248	25287
A24424T(S:Q954H)	26	244	0.10655737704918032	24410	24488
C25000T(S:D1146D)	24	50	0.48	24992	25069
A23403G(S:D614G)	19	111	0.17117117117117117	23351	23405
T23599G(S:N679K) C23604A(S:P681H) C23673T(S:S704L)	19	269	0.07063197026022305	23579	23693
G22317T(S:G252V)	17	28	0.6071428571428571	22242	22331
C23854A(S:N764K)	15	53	0.2830188679245283	23765	23860
(24981,1)(S:DEL1141) C25000T(S:D1146D)	14	22	0.6363636363636364	24849	25000
A23403G(S:D614G) C23525T(S:H655Y)	13	38	0.34210526315789475	23333	23535
T23075C(S:Y505H)	12	29	0.41379310344827586	23074	23156
