Covariants	Count	Max_count	Freq	Coverage_start	Coverage_end
T23599G(S:N679K) C23604A(S:P681H)	142	212	0.6698113207547169	23579	23666
C25416T(ORF3a:F8F)	24	39	0.6153846153846154	25381	25465
(25262,1)(S:DEL1235)	16	23	0.6956521739130435	25248	25322
T23075C(S:Y505H)	13	18	0.7222222222222222	23074	23156
(23334,1)(S:DEL592) A23403G(S:D614G)	10	51	0.19607843137254902	23322	23412
