Covariants	Count	Max_count	Freq	Coverage_start	Coverage_end
C25416T(ORF3a:F8F)	38	39	0.9743589743589743	25377	25434
T21810C(S:V83A)	18	32	0.5625	21765	21900
G22317T(S:G252V)	17	26	0.6538461538461539	22207	22347
G21718T(S:Q52H) T21810C(S:V83A)	10	19	0.5263157894736842	21674	21900
