Covariants	Count	Max_count	Freq	Coverage_start	Coverage_end
A24424T(S:Q954H) T24469A(S:N969K)	47	67	0.7014925373134329	24410	24488
C23525T(S:H655Y) T23599G(S:N679K) C23604A(S:P681H)	35	53	0.660377358490566	23504	23607
(25262,1)(S:DEL1235)	20	40	0.5	25152	25291
C23854A(S:N764K)	18	45	0.4	23699	23860
G22813T(S:K417N) T22882G(S:N440K)	15	80	0.1875	22791	22884
G22813T(S:K417N) T22882G(S:N440K) G22895C(S:V445P) T22896C(S:V445P) G22898A(S:G446S) T22942G(S:N460K)	14	28	0.5	22791	22968
G22317T(S:G252V)	13	17	0.7647058823529411	22249	22342
A23403G(S:D614G)	11	27	0.4074074074074074	23268	23405
C25416T(ORF3a:F8F)	11	22	0.5	25371	25455
G22813T(S:K417N) T22882G(S:N440K) G22895C(S:V445P) T22896C(S:V445P)	10	61	0.16393442622950818	22791	22897
