Covariants	Count	Max_count	Freq	Coverage_start	Coverage_end
T23599G(S:N679K) C23604A(S:P681H)	52	168	0.30952380952380953	23579	23666
A24424T(S:Q954H) T24469A(S:N969K)	33	56	0.5892857142857143	24406	24488
C23525T(S:H655Y) T23599G(S:N679K) C23604A(S:P681H)	20	57	0.3508771929824561	23486	23607
(23486,1)(S:DEL643) C23525T(S:H655Y) T23599G(S:N679K) C23604A(S:P681H)	16	53	0.3018867924528302	23471	23630
C25416T(ORF3a:F8F)	16	25	0.64	25381	25453
T23599G(S:N679K) C23604A(S:P681H) C23664T(S:A701V)	13	94	0.13829787234042554	23579	23668
