Covariants	Count	Max_count	Freq	Coverage_start	Coverage_end
T23599G(S:N679K) C23604A(S:P681H)	72	124	0.5806451612903226	23580	23660
A24424T(S:Q954H) T24469A(S:N969K)	19	32	0.59375	24406	24488
C23525T(S:H655Y)	10	24	0.4166666666666667	23485	23553
