Covariants	Count	Max_count	Freq	Coverage_start	Coverage_end
T23599G(S:N679K) C23604A(S:P681H)	34	85	0.4	23579	23663
C23525T(S:H655Y) T23599G(S:N679K) C23604A(S:P681H)	17	35	0.4857142857142857	23501	23607
A24424T(S:Q954H) T24469A(S:N969K)	15	26	0.5769230769230769	24406	24487
