Covariants	Count	Max_count	Freq	Coverage_start	Coverage_end
C25416T(ORF3a:F8F)	372	544	0.6838235294117647	25381	25434
G22317T(S:G252V)	179	327	0.5474006116207951	22231	22347
C25000T(S:D1146D)	98	109	0.8990825688073395	24926	25076
T21810C(S:V83A)	93	121	0.768595041322314	21779	21900
A23403G(S:D614G)	71	158	0.44936708860759494	23325	23439
A24424T(S:Q954H) T24469A(S:N969K)	64	87	0.735632183908046	24388	24470
(25401,'T')(ORF3a:INS4) C25416T(ORF3a:F8F)	56	544	0.10294117647058823	25377	25434
C23525T(S:H655Y) G23562A	47	91	0.5164835164835165	23411	23562
A23403G(S:D614G) C23525T(S:H655Y)	43	80	0.5375	23325	23561
C23854A(S:N764K)	40	49	0.8163265306122449	23762	23910
T23385A	38	197	0.19289340101522842	23250	23385
G21987A(S:G142D) (21990,3)(S:DEL144) C22000A(S:H146Q)	31	44	0.7045454545454546	21949	22098
T22882G(S:N440K) G22895C(S:V445P) T22896C(S:V445P) G22898A(S:G446S) T22942G(S:N460K) G22992A(S:S477N) C22995A(S:T478K) A23013C(S:E484A) T23018C(S:F486P) T23019C(S:F486P) T23031C(S:F490S) A23055G(S:Q498R) A23063T(S:N501Y) T23075C(S:Y505H)	28	45	0.6222222222222222	22850	23097
A22320G(S:D253G)	26	327	0.07951070336391437	22207	22345
T22200A(S:V213E) G22317T(S:G252V)	23	45	0.5111111111111111	22129	22347
C23525T(S:H655Y)	23	169	0.13609467455621302	23410	23561
T22258C(S:G232G) G22317T(S:G252V)	23	303	0.07590759075907591	22210	22347
C25118T(S:L1186F) G25269A	22	47	0.46808510638297873	25117	25269
C22664A(S:L368I) C22674T(S:S371F) T22679C(S:S373P) C22686T(S:S375F) A22688G(S:T376A) G22775A(S:D405N)	22	44	0.5	22589	22781
C25452T(ORF3a:I20I)	17	480	0.035416666666666666	25377	25457
C22674T(S:S371F) T22679C(S:S373P) C22686T(S:S375F) A22688G(S:T376A) G22775A(S:D405N)	16	44	0.36363636363636365	22589	22781
T21810C(S:V83A) G21830T(S:V90F)	14	120	0.11666666666666667	21764	21900
A23403G(S:D614G) C23525T(S:H655Y) T23599G(S:N679K) C23604A(S:P681H)	12	14	0.8571428571428571	23325	23664
T22200A(S:V213E) (22218,1)(S:DEL220) G22317T(S:G252V)	11	45	0.24444444444444444	22129	22347
C23601T T23752A(S:S730S)	11	74	0.14864864864864866	23600	23752
T22882G(S:N440K) A22893C(S:K444T) T22917G(S:L452R) T22942A(S:N460K) G22992A(S:S477N) C22995A(S:T478K) A23013C(S:E484A) T23018G(S:F486V) A23055G(S:Q498R) A23063T(S:N501Y) T23075C(S:Y505H)	11	45	0.24444444444444444	22850	23097
A24388T A24424T(S:Q954H) T24469A(S:N969K) A24539G	11	82	0.13414634146341464	24387	24539
T22200A(S:V213E)	10	64	0.15625	22129	22243
