Covariants	Count	Max_count	Freq	Coverage_start	Coverage_end
T23599G(S:N679K) C23604A(S:P681H)	35	96	0.3645833333333333	23579	23666
C23525T(S:H655Y) T23599G(S:N679K) C23604A(S:P681H)	12	28	0.42857142857142855	23485	23638
