Covariants	Count	Max_count	Freq	Coverage_start	Coverage_end
T23599G(S:N679K) C23604A(S:P681H)	38	103	0.36893203883495146	23579	23666
A24424T(S:Q954H) T24469A(S:N969K)	12	23	0.5217391304347826	24406	24488
C23525T(S:H655Y) T23599G(S:N679K) C23604A(S:P681H)	11	38	0.2894736842105263	23485	23608
