Covariants	Count	Max_count	Freq	Coverage_start	Coverage_end
T23599G(S:N679K) C23604A(S:P681H)	24	59	0.4067796610169492	23579	23662
T23599G(S:N679K) C23604A(S:P681H) (23675,1)(S:DEL706)	10	29	0.3448275862068966	23579	23686
A24424T(S:Q954H)	10	17	0.5882352941176471	24406	24488
