Covariants	Count	Max_count	Freq	Coverage_start	Coverage_end
T21810C(S:V83A)	105	140	0.75	21800	21825
C25416T(ORF3a:F8F)	100	135	0.7407407407407407	25381	25429
G22317T(S:G252V)	88	209	0.42105263157894735	22298	22347
A22320G(S:D253G)	63	209	0.3014354066985646	22210	22347
C23525T(S:H655Y) G23562A	40	52	0.7692307692307693	23411	23562
T22882G(S:N440K) G22895C(S:V445P) T22896C(S:V445P) G22898A(S:G446S) T22942G(S:N460K) G22992A(S:S477N) C22995G(S:T478R) A23013C(S:E484A) T23018C(S:F486P) T23019C(S:F486P) T23031C(S:F490S) A23055G(S:Q498R) A23063T(S:N501Y) T23075C(S:Y505H)	33	66	0.5	22850	23097
A23403G(S:D614G)	28	55	0.509090909090909	23325	23467
T23385A	18	73	0.2465753424657534	23250	23385
A24424T(S:Q954H) T24469A(S:N969K)	18	25	0.72	24388	24538
T22200A(S:V213E) G22225T(S:S221S) G22317T(S:G252V)	18	46	0.391304347826087	22130	22347
G21987A(S:G142D) (21990,3)(S:DEL144) C22000A(S:H146Q)	16	16	1.0	21949	22098
C25000T(S:D1146D)	16	21	0.7619047619047619	24926	25076
A23403G(S:D614G) C23525T(S:H655Y)	15	24	0.625	23325	23561
C22664A(S:L368I) C22674T(S:S371F) T22679C(S:S373P) C22686T(S:S375F) A22688G(S:T376A) G22775A(S:D405N)	14	16	0.875	22589	22781
C25416T(ORF3a:F8F) T25496A(ORF3a:I35K)	14	110	0.12727272727272726	25377	25518
T22200A(S:V213E) G22317T(S:G252V)	12	46	0.2608695652173913	22129	22347
T22200A(S:V213E) A22320G(S:D253G)	12	46	0.2608695652173913	22129	22347
C23854A(S:N764K)	12	12	1.0	23773	23910
C23525T(S:H655Y)	10	80	0.125	23411	23561
C23601T T23752A(S:S730S)	10	33	0.30303030303030304	23600	23752
