Covariants	Count	Max_count	Freq	Coverage_start	Coverage_end
C25416T(ORF3a:F8F)	126	206	0.6116504854368932	25378	25434
C22664A(S:L368I) C22674T(S:S371F) T22679C(S:S373P) C22686T(S:S375F) A22688G(S:T376A) G22775A(S:D405N)	122	178	0.6853932584269663	22589	22781
G22317T(S:G252V)	92	227	0.4052863436123348	22211	22340
T22882G(S:N440K) G22895C(S:V445P) T22896C(S:V445P) G22898A(S:G446S) T22942G(S:N460K) G22992A(S:S477N) C22995A(S:T478K) A23013C(S:E484A) T23018C(S:F486P) T23019C(S:F486P) T23031C(S:F490S) A23055G(S:Q498R) A23063T(S:N501Y) T23075C(S:Y505H)	85	157	0.5414012738853503	22850	23097
(21764,6)(S:DEL69/70)	66	141	0.46808510638297873	21674	21817
A23403G(S:D614G) C23525T(S:H655Y)	52	77	0.6753246753246753	23325	23561
T21810C(S:V83A)	48	147	0.32653061224489793	21764	21900
C22674T(S:S371F) T22679C(S:S373P) C22686T(S:S375F) A22688G(S:T376A) G22775A(S:D405N)	46	178	0.25842696629213485	22589	22781
C25000T(S:D1146D)	42	71	0.5915492957746479	24926	25076
T22882G(S:N440K) A22893C(S:K444T) T22917G(S:L452R) T22942A(S:N460K) G22992A(S:S477N) C22995A(S:T478K) A23013C(S:E484A) T23018G(S:F486V) A23055G(S:Q498R) A23063T(S:N501Y) T23075C(S:Y505H)	40	157	0.25477707006369427	22850	23097
A24424T(S:Q954H) T24469A(S:N969K)	32	39	0.8205128205128205	24388	24537
A23403G(S:D614G) G23417T(S:E619*)	23	109	0.21100917431192662	23250	23468
T22200A(S:V213E) G22317T(S:G252V)	20	35	0.5714285714285714	22129	22347
C25339A(S:D1259E)	19	107	0.17757009345794392	25306	25455
C25000T(S:D1146D) C25096T(S:N1178N)	17	52	0.3269230769230769	24926	25170
C23854A(S:N764K)	16	17	0.9411764705882353	23787	23910
T22882G(S:N440K) A22893C(S:K444T) T22917G(S:L452R) G22992A(S:S477N) C22995A(S:T478K) A23013C(S:E484A) T23018G(S:F486V) A23055G(S:Q498R) A23063T(S:N501Y) T23075C(S:Y505H)	12	157	0.07643312101910828	22850	23097
(21781,'A')(S:INS74) T21810C(S:V83A)	12	147	0.08163265306122448	21674	21900
(22304,'CAAGATGGATGG')(S:INS249QDGW)	10	214	0.04672897196261682	22207	22347
A23403G(S:D614G) C23525T(S:H655Y) T23599G(S:N679K) C23604A(S:P681H)	10	22	0.45454545454545453	23325	23663
G21987A(S:G142D) (21990,3)(S:DEL144) C22000A(S:H146Q)	10	35	0.2857142857142857	21949	22098
C25207T(S:Y1215Y)	10	16	0.625	25118	25355
