Covariants	Count	Max_count	Freq	Coverage_start	Coverage_end
A24424T(S:Q954H) T24469A(S:N969K)	50	88	0.5681818181818182	24406	24488
C25416T(ORF3a:F8F)	43	64	0.671875	25381	25451
C23525T(S:H655Y) T23599G(S:N679K) C23604A(S:P681H)	38	85	0.4470588235294118	23487	23607
T23599G(S:N679K) C23604A(S:P681H)	28	144	0.19444444444444445	23579	23678
A24424T(S:Q954H)	13	88	0.14772727272727273	24413	24487
G22813T(S:K417N) T22882G(S:N440K) G22895C(S:V445P) T22896C(S:V445P) G22898A(S:G446S) T22942G(S:N460K)	11	19	0.5789473684210527	22791	22968
G23401T(S:Q613H) A23403G(S:D614G)	10	63	0.15873015873015872	23285	23424
(23486,1)(S:DEL643) C23525T(S:H655Y) T23599G(S:N679K) C23604A(S:P681H)	10	73	0.136986301369863	23471	23645
