Covariants	Count	Max_count	Freq	Coverage_start	Coverage_end
C21618T(S:T19I) (21632,9)(S:DEL25/27)	696	717	0.9707112970711297	21591	21652
(21764,6)(S:DEL69/70)	575	578	0.9948096885813149	21756	21779
