Covariants	Count	Max_count	Freq	Coverage_start	Coverage_end
C21618T(S:T19I) (21632,9)(S:DEL25/27)	424	433	0.9792147806004619	21591	21652
(21764,6)(S:DEL69/70)	110	111	0.990990990990991	21756	21780
