Covariants	Count	Max_count	Freq	Coverage_start	Coverage_end
T23599G(S:N679K) C23604A(S:P681H)	84	170	0.49411764705882355	23579	23666
A24424T(S:Q954H) T24469A(S:N969K)	29	43	0.6744186046511628	24416	24487
T24469A(S:N969K)	12	68	0.17647058823529413	24464	24555
C23525T(S:H655Y) T23599G(S:N679K) C23604A(S:P681H)	11	36	0.3055555555555556	23505	23607
