Covariants	Count	Max_count	Freq	Coverage_start	Coverage_end
G22317T(S:G252V)	114	186	0.6129032258064516	22258	22325
(21764,6)(S:DEL69/70)	59	88	0.6704545454545454	21674	21817
C23525T(S:H655Y) G23562A	53	56	0.9464285714285714	23411	23562
C25416T(ORF3a:F8F)	48	100	0.48	25381	25434
C22295A(S:H245N)	40	178	0.2247191011235955	22207	22347
T21810C(S:V83A)	26	94	0.2765957446808511	21765	21825
T23385A	25	59	0.423728813559322	23250	23385
A23403G(S:D614G)	24	32	0.75	23325	23439
C23601T T23752A(S:S730S)	14	22	0.6363636363636364	23600	23752
