Covariants	Count	Max_count	Freq	Coverage_start	Coverage_end
A24424T(S:Q954H) T24469A(S:N969K)	39	60	0.65	24413	24487
T23599G(S:N679K) C23604A(S:P681H)	30	119	0.25210084033613445	23593	23666
C23525T(S:H655Y) T23599G(S:N679K) C23604A(S:P681H)	15	59	0.2542372881355932	23505	23607
T24469A(S:N969K)	12	86	0.13953488372093023	24464	24570
C23525T(S:H655Y)	11	92	0.11956521739130435	23485	23551
C23854A(S:N764K)	10	39	0.2564102564102564	23681	23881
