Covariants	Count	Max_count	Freq	Coverage_start	Coverage_end
G22317T(S:G252V)	220	271	0.8118081180811808	22210	22339
C25416T(ORF3a:F8F)	147	172	0.8546511627906976	25381	25434
A23403G(S:D614G)	79	99	0.797979797979798	23325	23439
T21810C(S:V83A)	50	114	0.43859649122807015	21765	21817
T23385A	49	164	0.29878048780487804	23250	23385
(21764,6)(S:DEL69/70)	44	110	0.4	21674	21817
C23525T(S:H655Y) G23562A	37	46	0.8043478260869565	23411	23562
C25000T(S:D1146D)	22	23	0.9565217391304348	24938	25076
T23335C(S:S591S) T23385A	14	164	0.08536585365853659	23250	23385
A23403G(S:D614G) C23525T(S:H655Y)	11	12	0.9166666666666666	23325	23561
A24388T A24424T(S:Q954H) T24469A(S:N969K) A24539G	11	18	0.6111111111111112	24387	24539
C25118T(S:L1186F) G25269A	10	17	0.5882352941176471	25117	25269
