Covariants	Count	Max_count	Freq	Coverage_start	Coverage_end
G22317T(S:G252V)	40	43	0.9302325581395349	22207	22347
C23525T(S:H655Y) G23562A	12	12	1.0	23411	23562
C25416T(ORF3a:F8F)	10	14	0.7142857142857143	25306	25434
