Covariants	Count	Max_count	Freq	Coverage_start	Coverage_end
T23599G(S:N679K) C23604A(S:P681H)	29	100	0.29	23579	23668
C23525T(S:H655Y) T23599G(S:N679K) C23604A(S:P681H)	17	43	0.3953488372093023	23485	23607
A24424T(S:Q954H) T24469A(S:N969K)	16	33	0.48484848484848486	24406	24488
C25416T(ORF3a:F8F)	16	27	0.5925925925925926	25381	25469
(25262,1)(S:DEL1235)	14	33	0.42424242424242425	25248	25293
