Covariants	Count	Max_count	Freq	Coverage_start	Coverage_end
C22109G(S:Q183E)	24	59	0.4067796610169492	22108	22113
A23403G(S:D614G)	24	116	0.20689655172413793	23402	23404
C23202T(S:T547I)	17	55	0.3090909090909091	23169	23205
G24558A	15	173	0.08670520231213873	24557	24593
