Covariants	Count	Max_count	Freq	Coverage_start	Coverage_end
A24424T(S:Q954H) T24469A(S:N969K)	130	219	0.593607305936073	24413	24478
T23599G(S:N679K) C23604A(S:P681H)	112	538	0.20817843866171004	23579	23660
C23525T(S:H655Y) T23599G(S:N679K) C23604A(S:P681H)	96	311	0.3086816720257235	23508	23607
A24424T(S:Q954H)	52	224	0.23214285714285715	24416	24487
C25416T(ORF3a:F8F)	43	83	0.5180722891566265	25385	25452
(23486,1)(S:DEL643) C23525T(S:H655Y) T23599G(S:N679K) C23604A(S:P681H)	38	248	0.1532258064516129	23471	23607
(23334,1)(S:DEL592)	35	181	0.19337016574585636	23322	23336
T23487G C23525T(S:H655Y) T23599G(S:N679K) C23604A(S:P681H)	31	250	0.124	23486	23607
C23525T(S:H655Y)	23	401	0.057356608478802994	23485	23551
(23334,1)(S:DEL592) C23381A(S:Q607K)	22	134	0.16417910447761194	23322	23382
G22813T(S:K417N) T22882G(S:N440K) G22895C(S:V445P) T22896C(S:V445P) G22898A(S:G446S) T22942G(S:N460K)	22	50	0.44	22800	22968
T24469A(S:N969K)	21	283	0.07420494699646643	24464	24541
G22813T(S:K417N) T22882G(S:N440K) G22895C(S:V445P) T22896C(S:V445P) G22898A(S:G446S)	18	79	0.22784810126582278	22791	22898
(25262,1)(S:DEL1235)	18	80	0.225	25248	25295
C23854A(S:N764K)	13	241	0.05394190871369295	23792	23875
C23381A(S:Q607K) A23403G(S:D614G)	12	211	0.05687203791469194	23333	23430
G22813T(S:K417N) T22882G(S:N440K) G22895C(S:V445P) T22896C(S:V445P)	12	94	0.1276595744680851	22791	22896
G22317T(S:G252V)	11	25	0.44	22249	22323
