Covariants	Count	Max_count	Freq	Coverage_start	Coverage_end
T23599G(S:N679K) C23604A(S:P681H)	42	119	0.35294117647058826	23579	23666
T24469A(S:N969K)	20	56	0.35714285714285715	24464	24544
C23525T(S:H655Y) T23599G(S:N679K) C23604A(S:P681H)	14	34	0.4117647058823529	23509	23607
A24424T(S:Q954H) T24469A(S:N969K)	14	20	0.7	24406	24488
