Covariants	Count	Max_count	Freq	Coverage_start	Coverage_end
T23599G(S:N679K) C23604A(S:P681H)	10	37	0.2702702702702703	23579	23664
A24424T(S:Q954H) T24469A(S:N969K)	10	12	0.8333333333333334	24406	24488
