Covariants	Count	Max_count	Freq	Coverage_start	Coverage_end
T23599G(S:N679K) C23604A(S:P681H)	170	354	0.480225988700565	23579	23663
A24424T(S:Q954H) T24469A(S:N969K)	35	52	0.6730769230769231	24415	24488
(23486,1)(S:DEL643) C23525T(S:H655Y) T23599G(S:N679K) C23604A(S:P681H)	20	56	0.35714285714285715	23471	23607
C23525T(S:H655Y) T23599G(S:N679K) C23604A(S:P681H)	15	66	0.22727272727272727	23505	23608
C25416T(ORF3a:F8F)	14	19	0.7368421052631579	25381	25465
A23403G(S:D614G)	13	100	0.13	23343	23426
C25000T(S:D1146D)	12	30	0.4	24984	25064
T23599G(S:N679K) C23604A(S:P681H) A23670T(S:N703I)	10	250	0.04	23579	23673
