Covariants	Count	Max_count	Freq	Coverage_start	Coverage_end
C25416T(ORF3a:F8F)	125	134	0.9328358208955224	25377	25434
G22317T(S:G252V)	85	165	0.5151515151515151	22207	22347
T21810C(S:V83A)	50	73	0.684931506849315	21765	21900
C22664A(S:L368I) C22674T(S:S371F) T22679C(S:S373P) C22686T(S:S375F) A22688G(S:T376A) G22775A(S:D405N)	35	37	0.9459459459459459	22589	22781
T23385A	28	64	0.4375	23250	23385
A22320G(S:D253G)	21	165	0.12727272727272726	22212	22347
A23403G(S:D614G)	16	35	0.45714285714285713	23325	23468
G21987A(S:G142D) (21990,3)(S:DEL144) C22000A(S:H146Q)	15	16	0.9375	21949	22098
G21718T(S:Q52H) T21810C(S:V83A)	14	53	0.2641509433962264	21674	21900
A23403G(S:D614G) C23525T(S:H655Y)	14	19	0.7368421052631579	23325	23561
C23525T(S:H655Y) G23562A	14	14	1.0	23411	23562
G22317A(S:G252D) A22320G(S:D253G)	13	165	0.07878787878787878	22207	22347
T22254C(S:I231T) G22317T(S:G252V)	12	165	0.07272727272727272	22207	22347
T22200A(S:V213E) A22320G(S:D253G)	11	16	0.6875	22129	22347
C23854A(S:N764K)	11	11	1.0	23690	23910
