Covariants	Count	Max_count	Freq	Coverage_start	Coverage_end
A24424T(S:Q954H) T24469A(S:N969K)	173	260	0.6653846153846154	24406	24488
C23525T(S:H655Y) T23599G(S:N679K) C23604A(S:P681H)	78	138	0.5652173913043478	23501	23607
C25416T(ORF3a:F8F)	49	76	0.6447368421052632	25381	25446
T23599G(S:N679K) C23604A(S:P681H)	42	210	0.2	23579	23645
A23403G(S:D614G)	23	117	0.19658119658119658	23285	23429
G22317T(S:G252V)	22	27	0.8148148148148148	22242	22342
A24424T(S:Q954H)	20	261	0.07662835249042145	24406	24499
(24981,1)(S:DEL1141) C25000T(S:D1146D)	17	26	0.6538461538461539	24849	25000
C23854A(S:N764K)	15	59	0.2542372881355932	23765	23858
(25262,1)(S:DEL1235)	15	46	0.32608695652173914	25248	25263
G22813T(S:K417N) T22882G(S:N440K)	14	61	0.22950819672131148	22791	22885
C23380T(S:N606N) A23403G(S:D614G)	14	115	0.12173913043478261	23322	23444
T24469A(S:N969K)	13	297	0.04377104377104377	24464	24545
(23486,1)(S:DEL643) C23525T(S:H655Y) T23599G(S:N679K) C23604A(S:P681H)	11	132	0.08333333333333333	23471	23645
C23525T(S:H655Y)	10	162	0.06172839506172839	23485	23553
