Covariants	Count	Max_count	Freq	Coverage_start	Coverage_end
C25416T(ORF3a:F8F)	149	158	0.9430379746835443	25377	25423
G22317T(S:G252V)	127	253	0.5019762845849802	22207	22347
C24865T(S:H1101H) C25000T(S:D1146D)	102	115	0.8869565217391304	24829	25076
C22674T(S:S371F) T22679C(S:S373P) C22686T(S:S375F) A22688G(S:T376A) G22775A(S:D405N)	97	141	0.6879432624113475	22657	22781
T23385A	72	92	0.782608695652174	23250	23385
C24865T(S:H1101H)	63	223	0.2825112107623318	24829	24879
C22664A(S:L368I) C22674T(S:S371F) T22679C(S:S373P) C22686T(S:S375F) A22688G(S:T376A) G22775A(S:D405N)	43	141	0.3049645390070922	22659	22781
G21987A(S:G142D) (21990,3)(S:DEL144)	39	47	0.8297872340425532	21949	22098
T21810C(S:V83A)	36	57	0.631578947368421	21807	21900
C23525T(S:H655Y) G23562A	21	39	0.5384615384615384	23411	23562
C25000T(S:D1146D)	19	134	0.1417910447761194	24926	25076
C23601T T23752A(S:S730S)	17	421	0.040380047505938245	23600	23752
T22200A(S:V213E) G22317T(S:G252V)	12	31	0.3870967741935484	22129	22347
A23403G(S:D614G) C23525T(S:H655Y) T23599G(S:N679K) C23604A(S:P681H)	12	13	0.9230769230769231	23325	23664
T22200A(S:V213E) (22218,1)(S:DEL220) G22317T(S:G252V)	10	31	0.3225806451612903	22129	22347
