Covariants	Count	Max_count	Freq	Coverage_start	Coverage_end
T23599G(S:N679K) C23604A(S:P681H)	84	199	0.4221105527638191	23587	23645
A24424T(S:Q954H) T24469A(S:N969K)	71	100	0.71	24415	24488
C23525T(S:H655Y) T23599G(S:N679K) C23604A(S:P681H)	34	84	0.40476190476190477	23490	23608
C25416T(ORF3a:F8F)	25	36	0.6944444444444444	25381	25437
(25262,1)(S:DEL1235)	13	51	0.2549019607843137	25127	25326
A23403G(S:D614G)	11	75	0.14666666666666667	23333	23444
C25000T(S:D1146D)	11	34	0.3235294117647059	24984	25007
C23854A(S:N764K)	10	90	0.1111111111111111	23681	23888
