Covariants	Count	Max_count	Freq	Coverage_start	Coverage_end
T23599G(S:N679K) C23604A(S:P681H)	183	366	0.5	23580	23666
A24424T(S:Q954H) T24469A(S:N969K)	56	85	0.6588235294117647	24406	24487
C23525T(S:H655Y) T23599G(S:N679K) C23604A(S:P681H)	37	112	0.33035714285714285	23505	23607
(25262,1)(S:DEL1235)	18	45	0.4	25248	25263
A23403G(S:D614G)	17	148	0.11486486486486487	23339	23423
(23486,1)(S:DEL643) C23525T(S:H655Y) T23599G(S:N679K) C23604A(S:P681H)	17	90	0.18888888888888888	23471	23607
C23525T(S:H655Y)	16	176	0.09090909090909091	23473	23551
T24469A(S:N969K)	16	113	0.1415929203539823	24464	24537
G22813T(S:K417N) T22882G(S:N440K) G22895C(S:V445P) T22896C(S:V445P) G22898A(S:G446S)	15	31	0.4838709677419355	22799	22898
A24424T(S:Q954H)	14	87	0.16091954022988506	24406	24487
C23854A(S:N764K)	13	84	0.15476190476190477	23789	23860
G22317T(S:G252V)	11	12	0.9166666666666666	22297	22329
