Covariants	Count	Max_count	Freq	Coverage_start	Coverage_end
T23599G(S:N679K) C23604A(S:P681H)	32	72	0.4444444444444444	23579	23660
A24424T(S:Q954H) T24469A(S:N969K)	16	29	0.5517241379310345	24406	24488
