Covariants	Count	Max_count	Freq	Coverage_start	Coverage_end
A24424T(S:Q954H) T24469A(S:N969K)	22	31	0.7096774193548387	24406	24488
C23525T(S:H655Y) T23599G(S:N679K) C23604A(S:P681H)	18	37	0.4864864864864865	23501	23645
T23599G(S:N679K) C23604A(S:P681H)	11	63	0.1746031746031746	23581	23669
