Covariants	Count	Max_count	Freq	Coverage_start	Coverage_end
T23599G(S:N679K) C23604A(S:P681H) C23638T(S:I692I)	283	938	0.3017057569296375	23579	23664
T23599G(S:N679K) C23604A(S:P681H)	138	953	0.14480587618048268	23584	23663
A24424T(S:Q954H) T24469A(S:N969K)	121	199	0.6080402010050251	24410	24487
(23334,1)(S:DEL592)	44	278	0.15827338129496402	23322	23336
(25262,1)(S:DEL1235)	38	59	0.6440677966101694	25248	25263
A24424T(S:Q954H)	38	200	0.19	24406	24488
A23403G(S:D614G)	37	281	0.13167259786476868	23396	23405
(23486,1)(S:DEL643) C23525T(S:H655Y) T23599G(S:N679K) C23604A(S:P681H)	37	241	0.15352697095435686	23471	23624
G22317T(S:G252V)	33	54	0.6111111111111112	22256	22324
C23525T(S:H655Y) T23599G(S:N679K) C23604A(S:P681H)	33	308	0.10714285714285714	23501	23607
(23334,1)(S:DEL592) A23403G(S:D614G)	31	199	0.15577889447236182	23323	23406
C25416T(ORF3a:F8F)	28	59	0.4745762711864407	25371	25451
(24981,1)(S:DEL1141) C25000T(S:D1146D)	26	37	0.7027027027027027	24849	25000
(24110,1)(S:DEL851)	24	45	0.5333333333333333	24028	24111
(23486,1)(S:DEL643) C23525T(S:H655Y) T23599G(S:N679K) C23604A(S:P681H) C23638T(S:I692I)	22	230	0.09565217391304348	23471	23642
C23525T(S:H655Y) T23599G(S:N679K) C23604A(S:P681H) C23638T(S:I692I)	21	296	0.07094594594594594	23505	23639
T23487G C23525T(S:H655Y) T23599G(S:N679K) C23604A(S:P681H)	20	243	0.0823045267489712	23486	23637
C25000T(S:D1146D)	14	55	0.2545454545454545	24984	25065
T23487G C23525T(S:H655Y) T23599G(S:N679K) C23604A(S:P681H) C23638T(S:I692I)	13	232	0.05603448275862069	23486	23645
G22813T(S:K417N) T22882G(S:N440K)	11	69	0.15942028985507245	22791	22883
