Covariants	Count	Max_count	Freq	Coverage_start	Coverage_end
C25000T(S:D1146D)	362	424	0.8537735849056604	24998	25000
G21987A(S:G142D) (21990,3)(S:DEL144) C22000A(S:H146Q)	32	65	0.49230769230769234	21985	22006
A22101T(S:E180V) C22109G(S:Q183E)	13	44	0.29545454545454547	22072	22130
G21987A(S:G142D) (21990,3)(S:DEL144) C22000A(S:H146Q) A22101T(S:E180V) C22109G(S:Q183E)	10	25	0.4	21973	22109
