Covariants	Count	Max_count	Freq	Coverage_start	Coverage_end
T23599G(S:N679K) C23604A(S:P681H)	81	150	0.54	23579	23662
C25416T(ORF3a:F8F)	22	30	0.7333333333333333	25381	25431
A24424T(S:Q954H) T24469A(S:N969K)	16	24	0.6666666666666666	24406	24488
C23525T(S:H655Y) T23599G(S:N679K) C23604A(S:P681H)	13	36	0.3611111111111111	23505	23645
