Covariants	Count	Max_count	Freq	Coverage_start	Coverage_end
C22109G(S:Q183E)	97	176	0.5511363636363636	22108	22112
A22101T(S:E180V)	81	309	0.2621359223300971	22064	22101
C22033A(S:F157L)	67	1063	0.06302916274694262	22032	22060
A23403G(S:D614G)	18	43	0.4186046511627907	23402	23404
T22200A(S:V213E)	12	58	0.20689655172413793	22199	22200
C22033A(S:F157L) C22109G(S:Q183E)	10	55	0.18181818181818182	22031	22114
