Covariants	Count	Max_count	Freq	Coverage_start	Coverage_end
T23599G(S:N679K) C23604A(S:P681H)	82	209	0.3923444976076555	23579	23666
A24424T(S:Q954H) T24469A(S:N969K)	23	47	0.48936170212765956	24415	24486
C23525T(S:H655Y) T23599G(S:N679K) C23604A(S:P681H)	12	33	0.36363636363636365	23501	23608
T23599G(S:N679K) C23604A(S:P681H) C23664T(S:A701V)	12	169	0.07100591715976332	23579	23666
C25000T(S:D1146D)	12	22	0.5454545454545454	24984	25068
(25262,1)(S:DEL1235)	11	21	0.5238095238095238	25248	25263
