Covariants	Count	Max_count	Freq	Coverage_start	Coverage_end
C22109G(S:Q183E)	19	20	0.95	22072	22112
T22942G(S:N460K)	18	31	0.5806451612903226	22936	22946
A22101T(S:E180V)	10	44	0.22727272727272727	22052	22103
