Covariants	Count	Max_count	Freq	Coverage_start	Coverage_end
T23599G(S:N679K) C23604A(S:P681H)	46	102	0.45098039215686275	23579	23660
A24424T(S:Q954H) T24469A(S:N969K)	10	23	0.43478260869565216	24406	24488
