Covariants	Count	Max_count	Freq	Coverage_start	Coverage_end
A23403G(S:D614G)	67	198	0.3383838383838384	23402	23404
C22109G(S:Q183E)	15	67	0.22388059701492538	22066	22114
