Covariants	Count	Max_count	Freq	Coverage_start	Coverage_end
T23599G(S:N679K) C23604A(S:P681H)	64	105	0.6095238095238096	23579	23663
A24424T(S:Q954H) T24469A(S:N969K)	17	29	0.5862068965517241	24406	24488
(23334,1)(S:DEL592)	13	26	0.5	23322	23336
