Covariants	Count	Max_count	Freq	Coverage_start	Coverage_end
G22317T(S:G252V)	42	63	0.6666666666666666	22207	22347
C25416T(ORF3a:F8F)	33	45	0.7333333333333333	25377	25456
A23403G(S:D614G)	20	21	0.9523809523809523	23325	23468
T21810C(S:V83A)	14	33	0.42424242424242425	21764	21817
C23525T(S:H655Y) G23562A	14	15	0.9333333333333333	23410	23562
