Covariants	Count	Max_count	Freq	Coverage_start	Coverage_end
A23403G(S:D614G)	48	194	0.24742268041237114	23402	23404
C22109G(S:Q183E)	30	84	0.35714285714285715	22108	22113
