Covariants	Count	Max_count	Freq	Coverage_start	Coverage_end
A23403G(S:D614G) C23525T(S:H655Y) T23599G(S:N679K) C23604A(S:P681H)	432	527	0.8197343453510436	23384	23606
C25000T(S:D1146D)	247	296	0.8344594594594594	24980	25001
C25416T(ORF3a:F8F)	223	276	0.8079710144927537	25357	25434
C21618T(S:T19I) (21632,9)(S:DEL25/27)	183	331	0.552870090634441	21581	21659
G22992A(S:S477N) C22995G(S:T478R) A23013C(S:E484A) T23018C(S:F486P) T23019C(S:F486P) T23031C(S:F490S) A23055G(S:Q498R) A23063T(S:N501Y) T23075C(S:Y505H) C23202T(S:T547I)	117	271	0.4317343173431734	22978	23226
T24469A(S:N969K)	93	173	0.5375722543352601	24452	24541
G22992A(S:S477N) C22995A(S:T478K) A23013C(S:E484A) T23018C(S:F486P) T23019C(S:F486P) T23031C(S:F490S) A23055G(S:Q498R) A23063T(S:N501Y) T23075C(S:Y505H) C23099T(S:L513F)	70	287	0.24390243902439024	22978	23194
C21618T(S:T19I) (21632,9)(S:DEL25/27) T21810C(S:V83A)	62	129	0.4806201550387597	21565	21900
A24424T(S:Q954H) T24469A(S:N969K)	52	59	0.8813559322033898	24351	24541
G22992A(S:S477N) C22995G(S:T478R) A23013C(S:E484A) T23018C(S:F486P) T23019C(S:F486P) T23031C(S:F490S) A23055G(S:Q498R) A23063T(S:N501Y) T23075C(S:Y505H)	44	290	0.15172413793103448	22978	23089
C21618T(S:T19I) (21632,9)(S:DEL25/27) C21721T(S:D53D) T21810C(S:V83A)	27	129	0.20930232558139536	21565	21900
T23599G(S:N679K) C23604A(S:P681H) C23854A(S:N764K)	19	23	0.8260869565217391	23592	23910
A23403G(S:D614G)	16	548	0.029197080291970802	23250	23425
C21618T(S:T19I) (21632,9)(S:DEL25/27) (21691,1)(S:DEL44) T21810C(S:V83A)	15	129	0.11627906976744186	21582	21900
