Covariants	Count	Max_count	Freq	Coverage_start	Coverage_end
T23599G(S:N679K) C23604A(S:P681H)	43	91	0.4725274725274725	23579	23665
C25416T(ORF3a:F8F)	14	20	0.7	25381	25459
C23525T(S:H655Y) T23599G(S:N679K) C23604A(S:P681H)	10	21	0.47619047619047616	23485	23607
