Covariants	Count	Max_count	Freq	Coverage_start	Coverage_end
T24469A(S:N969K)	112	136	0.8235294117647058	24468	24493
T22882G(S:N440K)	38	43	0.8837209302325582	22838	22882
