Covariants	Count	Max_count	Freq	Coverage_start	Coverage_end
C23854A(S:N764K)	2350	2983	0.7877975192758967	23830	23854
A23403G(S:D614G)	2239	2420	0.925206611570248	23367	23403
T23599G(S:N679K) C23604A(S:P681H)	1396	1919	0.7274622199062012	23598	23673
T23599G(S:N679K) C23604A(S:P681H) C23854A(S:N764K)	351	400	0.8775	23598	23854
C23604A(S:P681H)	42	1938	0.021671826625386997	23602	23676
T23599G(S:N679K)	22	1919	0.011464304325169358	23594	23678
T23599G(S:N679K) C23854A(S:N764K)	11	400	0.0275	23593	23854
C21618T(S:T19I) (21632,9)(S:DEL25/27)	10	18	0.5555555555555556	21612	21668
C25416T(ORF3a:F8F)	10	11	0.9090909090909091	25339	25418
