Covariants	Count	Max_count	Freq	Coverage_start	Coverage_end
T23599G(S:N679K) C23604A(S:P681H) C23664T(S:A701V)	172	467	0.3683083511777302	23593	23666
A24424T(S:Q954H) T24469A(S:N969K)	170	279	0.6093189964157706	24415	24487
C23525T(S:H655Y) T23599G(S:N679K) C23604A(S:P681H)	161	469	0.34328358208955223	23508	23607
T23599G(S:N679K) C23604A(S:P681H)	129	1001	0.12887112887112886	23579	23645
(23486,1)(S:DEL643) C23525T(S:H655Y) T23599G(S:N679K) C23604A(S:P681H)	97	399	0.24310776942355888	23471	23607
T24469A(S:N969K)	78	446	0.17488789237668162	24464	24535
C25416T(ORF3a:F8F)	73	126	0.5793650793650794	25381	25438
(25262,1)(S:DEL1235)	68	174	0.39080459770114945	25252	25263
A23403G(S:D614G)	49	365	0.13424657534246576	23351	23405
A24424T(S:Q954H)	44	289	0.1522491349480969	24413	24487
C23525T(S:H655Y)	44	624	0.07051282051282051	23501	23551
T23487G C23525T(S:H655Y) T23599G(S:N679K) C23604A(S:P681H)	37	406	0.09113300492610837	23486	23643
G22813T(S:K417N) T22882G(S:N440K) G22895C(S:V445P) T22896C(S:V445P) G22898A(S:G446S) T22928C(S:F456L) T22942G(S:N460K)	29	78	0.3717948717948718	22805	22949
G22813T(S:K417N) T22882G(S:N440K) G22895C(S:V445P) T22896C(S:V445P) G22898A(S:G446S)	28	126	0.2222222222222222	22791	22898
(23334,1)(S:DEL592)	27	267	0.10112359550561797	23322	23336
C25000T(S:D1146D)	26	103	0.2524271844660194	24992	25067
T23599G(S:N679K) C23604A(S:P681H) (23641,1)(S:DEL694) C23664T(S:A701V)	23	467	0.04925053533190578	23580	23666
C23854A(S:N764K)	23	160	0.14375	23765	23866
T22200A(S:V213E)	18	40	0.45	22117	22208
G22317T(S:G252V)	17	42	0.40476190476190477	22242	22322
G22813T(S:K417N) T22882G(S:N440K) G22895C(S:V445P) T22896C(S:V445P)	16	147	0.10884353741496598	22791	22897
G22813T(S:K417N) T22882G(S:N440K)	13	168	0.07738095238095238	22791	22883
G22317T(S:G252V) T22348C(S:A262A)	13	29	0.4482758620689655	22242	22352
T23075C(S:Y505H)	11	23	0.4782608695652174	23074	23154
(24320,1)(S:DEL921)	10	98	0.10204081632653061	24226	24321
