Covariants	Count	Max_count	Freq	Coverage_start	Coverage_end
C21772T(S:V70V) T21810C(S:V83A)	786	1495	0.525752508361204	21769	21810
C21618T(S:T19I) (21632,9)(S:DEL25/27)	431	919	0.4689880304678999	21614	21692
T23268C(S:I569T)	364	590	0.6169491525423729	23267	23268
T21810C(S:V83A)	281	1695	0.1657817109144543	21809	21812
G21987A(S:G142D) (21990,3)(S:DEL144) C22000A(S:H146Q)	245	583	0.4202401372212693	21979	22009
A23403G(S:D614G)	221	356	0.6207865168539326	23365	23403
C21618T(S:T19I) (21632,9)(S:DEL25/27) C21772T(S:V70V) T21810C(S:V83A)	209	391	0.5345268542199488	21615	21812
C21772T(S:V70V)	153	1769	0.08648954211418881	21753	21772
C21618T(S:T19I) (21632,9)(S:DEL25/27) C21772T(S:V70V)	149	552	0.26992753623188404	21614	21772
T23268C(S:I569T) A23403G(S:D614G)	123	183	0.6721311475409836	23267	23403
C22109G(S:Q183E) T22200A(S:V213E)	118	274	0.4306569343065693	22108	22201
G22317T(S:G252V)	113	204	0.553921568627451	22314	22318
C22109G(S:Q183E)	93	606	0.15346534653465346	22101	22109
T22200A(S:V213E)	82	379	0.21635883905013192	22198	22211
G21987A(S:G142D) (21990,3)(S:DEL144) C22000A(S:H146Q) C22109G(S:Q183E)	81	287	0.28222996515679444	21978	22109
C21618T(S:T19I) (21632,9)(S:DEL25/27) T21810C(S:V83A)	68	391	0.17391304347826086	21613	21837
G21987A(S:G142D) (21990,3)(S:DEL144) C22000A(S:H146Q) A22101T(S:E180V) C22109G(S:Q183E)	62	287	0.21602787456445993	21980	22109
G21987A(S:G142D) (21990,3)(S:DEL144) C22000A(S:H146Q) T22200A(S:V213E)	58	87	0.6666666666666666	21976	22210
A22101T(S:E180V) C22109G(S:Q183E) T22200A(S:V213E)	51	267	0.19101123595505617	22088	22200
A22101T(S:E180V) C22109G(S:Q183E)	39	599	0.0651085141903172	22098	22133
T22200A(S:V213E) G22317T(S:G252V)	23	65	0.35384615384615387	22193	22324
G21987A(S:G142D) A22101T(S:E180V) C22109G(S:Q183E)	21	287	0.07317073170731707	21902	22109
(21632,9)(S:DEL25/27)	20	935	0.0213903743315508	21620	21728
G21987A(S:G142D) C22109G(S:Q183E)	17	287	0.059233449477351915	21902	22109
(21632,9)(S:DEL25/27) C21772T(S:V70V) T21810C(S:V83A)	15	398	0.03768844221105527	21620	21817
G21987A(S:G142D) C22000A(S:H146Q)	14	583	0.024013722126929673	21901	22089
G21987A(S:G142D)	14	592	0.02364864864864865	21901	21987
G21987A(S:G142D) T22200A(S:V213E)	12	87	0.13793103448275862	21902	22214
