Covariants	Count	Max_count	Freq	Coverage_start	Coverage_end
C22109G(S:Q183E)	22	33	0.6666666666666666	22073	22113
C22033A(S:F157L)	10	272	0.03676470588235294	22031	22062
A22101T(S:E180V)	10	72	0.1388888888888889	22064	22103
