Covariants	Count	Max_count	Freq	Coverage_start	Coverage_end
C23991T(S:S810L)	25	175	0.14285714285714285	23988	23991
C22109G(S:Q183E)	17	18	0.9444444444444444	22066	22111
