Covariants	Count	Max_count	Freq	Coverage_start	Coverage_end
G22317T(S:G252V)	145	171	0.847953216374269	22305	22347
C25416T(ORF3a:F8F)	102	157	0.6496815286624203	25377	25434
T23385A	73	136	0.5367647058823529	23250	23385
A23403G(S:D614G)	39	54	0.7222222222222222	23325	23439
C23525T(S:H655Y) G23562A	34	43	0.7906976744186046	23411	23562
G21776A(S:G72R)	21	87	0.2413793103448276	21674	21817
T21810C(S:V83A)	21	87	0.2413793103448276	21765	21900
G21809C(S:V83P) T21810C(S:V83P)	19	87	0.21839080459770116	21765	21900
A24652T	18	50	0.36	24651	24802
C25000T(S:D1146D)	17	22	0.7727272727272727	24926	25076
(25262,'T')(S:INS1235)	16	87	0.1839080459770115	25215	25355
C23601T T23752A(S:S730S)	14	44	0.3181818181818182	23600	23752
C22664A(S:L368I) C22674T(S:S371F) T22679C(S:S373P) C22686T(S:S375F) A22688G(S:T376A) G22775A(S:D405N)	13	14	0.9285714285714286	22589	22781
(21569,'T')(S:INS4) C21618T(S:T19I) (21632,9)(S:DEL25/27)	12	15	0.8	21474	21725
C21618T(S:T19I) (21632,9)(S:DEL25/27)	11	24	0.4583333333333333	21573	21725
(25262,'T')(S:INS1235) C25416T(ORF3a:F8F)	10	17	0.5882352941176471	25215	25434
