Covariants	Count	Max_count	Freq	Coverage_start	Coverage_end
T23599G(S:N679K) C23604A(S:P681H) C23664T(S:A701V)	54	114	0.47368421052631576	23579	23665
A24424T(S:Q954H) T24469A(S:N969K)	42	67	0.6268656716417911	24406	24488
C23525T(S:H655Y) T23599G(S:N679K) C23604A(S:P681H)	22	65	0.3384615384615385	23485	23607
C25416T(ORF3a:F8F)	21	38	0.5526315789473685	25381	25451
G22317T(S:G252V)	20	22	0.9090909090909091	22256	22324
T23599G(S:N679K) C23604A(S:P681H) (23641,1)(S:DEL694) C23664T(S:A701V)	17	114	0.14912280701754385	23579	23668
(25262,1)(S:DEL1235)	13	31	0.41935483870967744	25249	25295
(23486,1)(S:DEL643) C23525T(S:H655Y) T23599G(S:N679K) C23604A(S:P681H)	12	61	0.19672131147540983	23471	23645
T23487G C23525T(S:H655Y) T23599G(S:N679K) C23604A(S:P681H)	12	62	0.1935483870967742	23486	23637
(23334,1)(S:DEL592) A23403G(S:D614G)	11	39	0.28205128205128205	23322	23405
T23599G(S:N679K) C23604A(S:P681H)	11	187	0.058823529411764705	23579	23697
(23334,1)(S:DEL592)	10	55	0.18181818181818182	23322	23348
