Covariants	Count	Max_count	Freq	Coverage_start	Coverage_end
T21810C(S:V83A)	1642	6059	0.27100181548110247	21809	21813
C21618T(S:T19I) (21632,9)(S:DEL25/27) G21718T(S:Q52H)	1438	3954	0.3636823469903895	21614	21722
G21718T(S:Q52H)	1422	6543	0.2173314993122421	21715	21721
C21618T(S:T19I) (21632,9)(S:DEL25/27)	1336	4400	0.30363636363636365	21613	21692
C21618T(S:T19I) (21632,9)(S:DEL25/27) T21810C(S:V83A)	1163	2534	0.4589581689029203	21613	21812
G21718T(S:Q52H) T21810C(S:V83A)	936	4447	0.21047897458961098	21717	21810
C25000T(S:D1146D)	710	933	0.7609860664523044	24998	25000
C21618T(S:T19I) (21632,9)(S:DEL25/27) G21718T(S:Q52H) T21810C(S:V83A)	273	2534	0.10773480662983426	21616	21810
(21632,9)(S:DEL25/27) G21718T(S:Q52H)	81	3999	0.020255063765941484	21620	21727
(21632,9)(S:DEL25/27) G21718T(S:Q52H) T21810C(S:V83A)	39	2566	0.015198752922837101	21621	21812
(21632,9)(S:DEL25/27)	18	4446	0.004048582995951417	21620	21692
