Covariants	Count	Max_count	Freq	Coverage_start	Coverage_end
T23599G(S:N679K) C23604A(S:P681H)	86	293	0.2935153583617747	23579	23664
A24424T(S:Q954H) T24469A(S:N969K)	44	90	0.4888888888888889	24410	24487
T23599G(S:N679K) C23604A(S:P681H) C23664T(S:A701V)	43	199	0.21608040201005024	23579	23666
A24424T(S:Q954H)	22	93	0.23655913978494625	24406	24488
C23525T(S:H655Y) T23599G(S:N679K) C23604A(S:P681H)	19	75	0.25333333333333335	23485	23638
C25416T(ORF3a:F8F)	17	37	0.4594594594594595	25381	25452
C23525T(S:H655Y)	16	119	0.13445378151260504	23485	23551
(23486,1)(S:DEL643) C23525T(S:H655Y) T23599G(S:N679K) C23604A(S:P681H)	11	63	0.1746031746031746	23471	23645
T23487G C23525T(S:H655Y) T23599G(S:N679K) C23604A(S:P681H)	11	63	0.1746031746031746	23486	23645
A23403G(S:D614G)	10	120	0.08333333333333333	23322	23408
