Covariants	Count	Max_count	Freq	Coverage_start	Coverage_end
A23403G(S:D614G) C23525T(S:H655Y) T23599G(S:N679K) C23604A(S:P681H)	2363	2487	0.950140731805388	23392	23607
C23525T(S:H655Y) T23599G(S:N679K) C23604A(S:P681H)	36	2513	0.01432550736171906	23513	23607
A23403G(S:D614G) C23525T(S:H655Y)	26	2515	0.010337972166998012	23250	23525
A23403G(S:D614G)	16	2531	0.006321612011062821	23250	23417
(23249,1)(S:DEL564) A23403G(S:D614G) C23525T(S:H655Y) T23599G(S:N679K) C23604A(S:P681H)	14	14	1.0	23249	23607
