Covariants	Count	Max_count	Freq	Coverage_start	Coverage_end
T23470C(S:Y636Y)	24	69	0.34782608695652173	23243	23474
C21618T(S:T19I)	11	12	0.9166666666666666	21592	21622
