Covariants	Count	Max_count	Freq	Coverage_start	Coverage_end
G22317T(S:G252V)	47	75	0.6266666666666667	22207	22339
A23403G(S:D614G)	33	54	0.6111111111111112	23250	23468
C25416T(ORF3a:F8F)	30	49	0.6122448979591837	25377	25457
G24653A(S:E1031K)	16	41	0.3902439024390244	24652	24803
C23525T(S:H655Y) G23562A	13	19	0.6842105263157895	23410	23562
(21764,6)(S:DEL69/70)	12	28	0.42857142857142855	21674	21817
T23385A	12	67	0.1791044776119403	23250	23385
A23403G(S:D614G) C23525T(S:H655Y)	12	19	0.631578947368421	23325	23561
C23525T(S:H655Y)	10	41	0.24390243902439024	23471	23561
