Covariants	Count	Max_count	Freq	Coverage_start	Coverage_end
C25416T(ORF3a:F8F)	216	301	0.717607973421927	25377	25434
T21810C(S:V83A)	150	186	0.8064516129032258	21765	21819
G22317T(S:G252V)	136	248	0.5483870967741935	22207	22331
A22320G(S:D253G)	55	247	0.22267206477732793	22207	22347
C23525T(S:H655Y) G23562A	54	64	0.84375	23411	23562
C22664A(S:L368I) C22674T(S:S371F) T22679C(S:S373P) C22686T(S:S375F) A22688G(S:T376A) G22775A(S:D405N)	49	57	0.8596491228070176	22589	22781
T22882G(S:N440K) G22895C(S:V445P) T22896C(S:V445P) G22898A(S:G446S) T22942G(S:N460K) G22992A(S:S477N) C22995A(S:T478K) A23013C(S:E484A) T23018C(S:F486P) T23019C(S:F486P) T23031C(S:F490S) A23055G(S:Q498R) A23063T(S:N501Y) T23075C(S:Y505H)	43	129	0.3333333333333333	22850	23097
A24424T(S:Q954H) T24469A(S:N969K)	37	56	0.6607142857142857	24388	24537
C25000T(S:D1146D)	36	59	0.6101694915254238	24927	25076
C25416T(ORF3a:F8F) G25429T(ORF3a:V13L)	35	301	0.11627906976744186	25377	25454
A23403G(S:D614G) C23525T(S:H655Y)	32	39	0.8205128205128205	23325	23561
G21987A(S:G142D) (21990,3)(S:DEL144) C22000A(S:H146Q)	31	34	0.9117647058823529	21949	22098
T22882G(S:N440K) G22895C(S:V445P) T22896C(S:V445P) G22898A(S:G446S) T22930A(S:F456L) T22942G(S:N460K) G22992A(S:S477N) C22995G(S:T478R) A23013C(S:E484A) T23018C(S:F486P) T23019C(S:F486P) T23031C(S:F490S) A23055G(S:Q498R) A23063T(S:N501Y) T23075C(S:Y505H)	26	129	0.20155038759689922	22850	23097
T22882G(S:N440K) G22895C(S:V445P) T22896C(S:V445P) G22898A(S:G446S) T22942G(S:N460K) G22992A(S:S477N) C22995G(S:T478R) A23013C(S:E484A) T23018C(S:F486P) T23019C(S:F486P) T23031C(S:F490S) A23055G(S:Q498R) A23063T(S:N501Y) T23075C(S:Y505H)	24	129	0.18604651162790697	22850	23097
G22317T(S:G252V) C22414T(S:T284T)	18	84	0.21428571428571427	22207	22448
A23403G(S:D614G)	15	61	0.2459016393442623	23325	23468
T21802C(S:D80D) T21810C(S:V83A)	15	186	0.08064516129032258	21674	21900
C23191T(S:F543F)	15	74	0.20270270270270271	23132	23277
T22200A(S:V213E) G22317T(S:G252V)	14	23	0.6086956521739131	22196	22347
C25416T(ORF3a:F8F) G25429C(ORF3a:V13L)	12	301	0.03986710963455149	25377	25517
T25403C(ORF3a:F4S) C25416T(ORF3a:F8F)	12	301	0.03986710963455149	25377	25518
C23854A(S:N764K)	11	13	0.8461538461538461	23690	23910
C23664T(S:A701V)	11	47	0.23404255319148937	23601	23751
A24388T A24424T(S:Q954H) T24469A(S:N969K) A24539G	10	51	0.19607843137254902	24387	24539
