Covariants	Count	Max_count	Freq	Coverage_start	Coverage_end
T23599G(S:N679K) C23604A(S:P681H)	251	825	0.30424242424242426	23580	23666
A24424T(S:Q954H) T24469A(S:N969K)	224	341	0.656891495601173	24413	24487
C23525T(S:H655Y) T23599G(S:N679K) C23604A(S:P681H)	167	370	0.45135135135135135	23508	23607
C25416T(ORF3a:F8F)	103	168	0.6130952380952381	25381	25452
G22317T(S:G252V)	57	97	0.5876288659793815	22249	22322
A23403G(S:D614G)	52	318	0.16352201257861634	23345	23413
(25262,1)(S:DEL1235)	46	200	0.23	25248	25263
C23854A(S:N764K)	42	340	0.12352941176470589	23811	23867
C25000T(S:D1146D)	34	108	0.3148148148148148	24992	25020
C23525T(S:H655Y)	34	507	0.0670611439842209	23485	23551
A24424T(S:Q954H)	34	351	0.09686609686609686	24413	24487
(23334,1)(S:DEL592)	33	244	0.13524590163934427	23322	23336
T22882G(S:N440K) G22895C(S:V445P) T22896C(S:V445P) G22898A(S:G446S) T22942G(S:N460K)	28	75	0.37333333333333335	22874	22959
(23486,1)(S:DEL643) C23525T(S:H655Y) T23599G(S:N679K) C23604A(S:P681H)	26	294	0.08843537414965986	23471	23607
T23487G(S:V642G) C23525T(S:H655Y) T23599G(S:N679K) C23604A(S:P681H)	23	295	0.07796610169491526	23486	23645
A23013C(S:E484A) T23018C(S:F486P) T23019C(S:F486P) T23031C(S:F490S) A23055G(S:Q498R) A23063T(S:N501Y) T23075C(S:Y505H)	14	19	0.7368421052631579	23005	23087
T22200A(S:V213E)	14	26	0.5384615384615384	22117	22208
(24320,1)(S:DEL921)	12	185	0.06486486486486487	24217	24321
(23334,1)(S:DEL592) A23403G(S:D614G)	10	193	0.05181347150259067	23322	23406
