Covariants	Count	Max_count	Freq	Coverage_start	Coverage_end
C22109G(S:Q183E)	15	56	0.26785714285714285	22108	22113
A23403G(S:D614G)	12	36	0.3333333333333333	23402	23404
