Covariants	Count	Max_count	Freq	Coverage_start	Coverage_end
C22109G(S:Q183E)	29	34	0.8529411764705882	22077	22113
A23403G(S:D614G)	26	38	0.6842105263157895	23379	23404
