Covariants	Count	Max_count	Freq	Coverage_start	Coverage_end
T23599G(S:N679K) C23604A(S:P681H)	60	193	0.31088082901554404	23579	23666
A24424T(S:Q954H) T24469A(S:N969K)	29	52	0.5576923076923077	24406	24488
C23525T(S:H655Y) T23599G(S:N679K) C23604A(S:P681H)	23	74	0.3108108108108108	23505	23607
A24424T(S:Q954H)	14	52	0.2692307692307692	24406	24488
