Covariants	Count	Max_count	Freq	Coverage_start	Coverage_end
T23599G(S:N679K) C23604A(S:P681H)	57	235	0.2425531914893617	23580	23608
A24424T(S:Q954H) T24469A(S:N969K)	35	67	0.5223880597014925	24406	24488
C23525T(S:H655Y) T23599G(S:N679K) C23604A(S:P681H)	33	91	0.3626373626373626	23516	23636
C25416T(ORF3a:F8F)	22	41	0.5365853658536586	25384	25451
T23599G(S:N679K) C23604A(S:P681H) T23698A(S:I712I)	18	112	0.16071428571428573	23579	23706
(25262,1)(S:DEL1235)	17	37	0.4594594594594595	25248	25290
G22813T(S:K417N) T22882G(S:N440K) G22895C(S:V445P) T22896C(S:V445P) G22898A(S:G446S)	12	28	0.42857142857142855	22808	22898
(23486,1)(S:DEL643) C23525T(S:H655Y) T23599G(S:N679K) C23604A(S:P681H)	10	72	0.1388888888888889	23471	23645
