Covariants	Count	Max_count	Freq	Coverage_start	Coverage_end
T23599G(S:N679K) C23604A(S:P681H)	143	370	0.3864864864864865	23593	23645
A24424T(S:Q954H) T24469A(S:N969K)	41	58	0.7068965517241379	24406	24488
(23486,1)(S:DEL643) C23525T(S:H655Y) T23599G(S:N679K) C23604A(S:P681H)	36	93	0.3870967741935484	23471	23607
(23334,1)(S:DEL592)	26	85	0.3058823529411765	23322	23351
C23525T(S:H655Y) T23599G(S:N679K) C23604A(S:P681H)	21	107	0.19626168224299065	23508	23607
A24424T(S:Q954H)	14	62	0.22580645161290322	24406	24488
G22813T(S:K417N) T22882G(S:N440K)	10	24	0.4166666666666667	22791	22888
