Covariants	Count	Max_count	Freq	Coverage_start	Coverage_end
A24424T(S:Q954H) T24469A(S:N969K)	25	37	0.6756756756756757	24406	24488
T23599G(S:N679K) C23604A(S:P681H)	21	101	0.2079207920792079	23579	23673
T23599G(S:N679K) C23604A(S:P681H) C23664T(S:A701V)	19	62	0.3064516129032258	23579	23664
C23525T(S:H655Y) T23599G(S:N679K) C23604A(S:P681H)	14	36	0.3888888888888889	23487	23643
(23486,1)(S:DEL643) C23525T(S:H655Y) T23599G(S:N679K) C23604A(S:P681H)	11	31	0.3548387096774194	23471	23645
G22317T(S:G252V)	10	12	0.8333333333333334	22249	22324
