Covariants	Count	Max_count	Freq	Coverage_start	Coverage_end
T23599G(S:N679K) C23604A(S:P681H)	487	918	0.5305010893246187	23580	23666
A24424T(S:Q954H) T24469A(S:N969K)	150	213	0.704225352112676	24413	24488
T24469A(S:N969K)	92	433	0.21247113163972287	24464	24541
C23525T(S:H655Y) T23599G(S:N679K) C23604A(S:P681H)	82	166	0.4939759036144578	23485	23607
(25262,1)(S:DEL1235)	46	207	0.2222222222222222	25248	25264
A23403G(S:D614G)	39	346	0.11271676300578035	23351	23409
C25000T(S:D1146D)	33	70	0.4714285714285714	24991	25068
C23854A(S:N764K)	33	224	0.14732142857142858	23765	23859
C25416T(ORF3a:F8F)	31	104	0.2980769230769231	25381	25432
A23403G(S:D614G) C23525T(S:H655Y)	31	182	0.17032967032967034	23351	23532
T23075C(S:Y505H)	28	56	0.5	23074	23156
A24424T(S:Q954H)	28	227	0.12334801762114538	24406	24425
C21618T(S:T19I) (21632,9)(S:DEL25/27)	27	44	0.6136363636363636	21604	21667
G22813T(S:K417N) T22882G(S:N440K) G22895C(S:V445P) T22896C(S:V445P) G22898A(S:G446S) T22942G(S:N460K)	15	33	0.45454545454545453	22791	22944
C23525T(S:H655Y)	15	401	0.03740648379052369	23471	23551
A23597G(S:N679E) T23599G(S:N679E) C23604A(S:P681H)	14	913	0.01533406352683461	23579	23699
T23335C A23403G(S:D614G) C23525T(S:H655Y)	14	93	0.15053763440860216	23334	23530
T23335C A23403G(S:D614G)	13	225	0.057777777777777775	23334	23416
G21987A(S:G142D) (21990,3)(S:DEL144) C22000A(S:H146Q)	12	134	0.08955223880597014	21893	22001
(23486,1)(S:DEL643) C23525T(S:H655Y) T23599G(S:N679K) C23604A(S:P681H)	11	146	0.07534246575342465	23471	23645
G22813T(S:K417N) T22882G(S:N440K) G22895C(S:V445P) T22896C(S:V445P) G22898A(S:G446S)	10	51	0.19607843137254902	22791	22898
