Covariants	Count	Max_count	Freq	Coverage_start	Coverage_end
T23599G(S:N679K) C23604A(S:P681H)	287	884	0.3246606334841629	23580	23662
A24424T(S:Q954H) T24469A(S:N969K)	128	251	0.5099601593625498	24415	24488
C23525T(S:H655Y) T23599G(S:N679K) C23604A(S:P681H)	124	388	0.31958762886597936	23505	23604
C25416T(ORF3a:F8F)	51	88	0.5795454545454546	25381	25438
G22317T(S:G252V)	48	63	0.7619047619047619	22256	22324
A24424T(S:Q954H)	46	253	0.18181818181818182	24413	24488
G22813T(S:K417N) T22882G(S:N440K) G22895C(S:V445P) T22896C(S:V445P) G22898A(S:G446S) T22942G(S:N460K)	45	111	0.40540540540540543	22791	22968
(25262,1)(S:DEL1235)	45	113	0.39823008849557523	25248	25263
(23486,1)(S:DEL643) C23525T(S:H655Y) T23599G(S:N679K) C23604A(S:P681H)	43	276	0.15579710144927536	23478	23642
G22813T(S:K417N) T22882G(S:N440K)	41	229	0.17903930131004367	22791	22884
G22813T(S:K417N) T22882G(S:N440K) G22895C(S:V445P) T22896C(S:V445P) G22898A(S:G446S)	35	157	0.2229299363057325	22801	22898
(23816,1)(S:DEL753)	29	314	0.09235668789808917	23765	23818
T23487G C23525T(S:H655Y) T23599G(S:N679K) C23604A(S:P681H)	27	279	0.0967741935483871	23486	23606
(24981,1)(S:DEL1141) C25000T(S:D1146D)	21	57	0.3684210526315789	24849	25002
(23334,1)(S:DEL592)	20	94	0.2127659574468085	23322	23336
T24469A(S:N969K)	19	326	0.05828220858895705	24464	24546
G22813T(S:K417N) T22882G(S:N440K) G22895C(S:V445P) T22896C(S:V445P)	18	178	0.10112359550561797	22801	22896
C23854A(S:N764K)	16	257	0.0622568093385214	23765	23858
T23599G(S:N679K) C23604A(S:P681H) C23638T(S:I692I)	14	848	0.01650943396226415	23579	23663
T23075C(S:Y505H)	13	17	0.7647058823529411	23074	23156
T22200A(S:V213E)	12	18	0.6666666666666666	22117	22203
(24253,1)(S:DEL898)	11	160	0.06875	24217	24262
C25000T(S:D1146D)	11	81	0.13580246913580246	24984	25070
(24110,1)(S:DEL851)	10	41	0.24390243902439024	24016	24115
