Covariants	Count	Max_count	Freq	Coverage_start	Coverage_end
T23599G(S:N679K) C23604A(S:P681H)	215	501	0.4291417165668663	23581	23659
A24424T(S:Q954H) T24469A(S:N969K)	73	126	0.5793650793650794	24410	24487
C23525T(S:H655Y) T23599G(S:N679K) C23604A(S:P681H)	62	132	0.4696969696969697	23501	23607
C25416T(ORF3a:F8F)	46	88	0.5227272727272727	25381	25438
(25262,1)(S:DEL1235)	27	96	0.28125	25248	25263
G22317T(S:G252V)	26	39	0.6666666666666666	22242	22324
A24424T(S:Q954H)	25	131	0.19083969465648856	24406	24487
(23334,1)(S:DEL592)	20	136	0.14705882352941177	23322	23336
C25000T(S:D1146D)	19	46	0.41304347826086957	24984	25068
A23403G(S:D614G)	17	180	0.09444444444444444	23345	23420
C23854A(S:N764K)	16	128	0.125	23765	23858
T24469A(S:N969K)	15	184	0.08152173913043478	24464	24571
G22813T(S:K417N) T22882G(S:N440K) G22895C(S:V445P) T22896C(S:V445P) G22898A(S:G446S)	14	62	0.22580645161290322	22801	22898
G22813T(S:K417N) T22882G(S:N440K) G22895C(S:V445P) T22896C(S:V445P) G22898A(S:G446S) T22942G(S:N460K)	12	40	0.3	22791	22968
A23403G(S:D614G) C23525T(S:H655Y)	10	58	0.1724137931034483	23333	23529
A23013C(S:E484A) T23018C(S:F486P) T23019C(S:F486P) T23031C(S:F490S) A23055G(S:Q498R) A23063T(S:N501Y) T23075C(S:Y505H)	10	13	0.7692307692307693	23005	23087
G23593T(S:Q677H) T23599G(S:N679K) C23604A(S:P681H)	10	486	0.0205761316872428	23580	23708
