Covariants	Count	Max_count	Freq	Coverage_start	Coverage_end
A23403G(S:D614G)	10659	11812	0.9023874026413816	23368	23403
C23123A(S:P521T)	3826	5576	0.686154949784792	23122	23193
C23123A(S:P521T) A23403G(S:D614G)	648	913	0.7097480832420592	23122	23403
C25000T(S:D1146D) A25045G(S:S1161S)	340	418	0.8133971291866029	24995	25046
C25000T(S:D1146D)	156	580	0.2689655172413793	24960	25000
A25045G(S:S1161S)	85	441	0.1927437641723356	25032	25057
A23187G(S:N542S)	17	12620	0.001347068145800317	23185	23285
A23403G(S:D614G) G23412A(S:C617Y)	17	9377	0.0018129465713981018	23362	23415
(23276,'G')(S:INS573)	16	19214	0.0008327261371916311	23273	23373
C23260T(S:G566G)	12	17364	0.000691085003455425	23250	23278
C23123G(S:P521A)	11	5576	0.0019727403156384504	23122	23220
C23243T(S:P561S)	11	17073	0.0006442921572072863	23233	23244
C23388T(S:A609V) A23403G(S:D614G)	10	11812	0.0008465966813410091	23351	23410
