Covariants	Count	Max_count	Freq	Coverage_start	Coverage_end
(21764,6)(S:DEL69/70)	31	50	0.62	21674	21817
C25416T(ORF3a:F8F)	27	71	0.38028169014084506	25377	25434
C23525T(S:H655Y) G23562A	26	33	0.7878787878787878	23411	23562
G22317T(S:G252V)	19	59	0.3220338983050847	22206	22347
A21717G(S:Q52R) (21764,6)(S:DEL69/70)	10	46	0.21739130434782608	21674	21817
