Covariants	Count	Max_count	Freq	Coverage_start	Coverage_end
T23599G(S:N679K) C23604A(S:P681H)	219	609	0.35960591133004927	23580	23665
A24424T(S:Q954H) T24469A(S:N969K)	101	165	0.6121212121212121	24406	24487
C23525T(S:H655Y) T23599G(S:N679K) C23604A(S:P681H)	92	252	0.36507936507936506	23505	23607
G22317T(S:G252V)	46	61	0.7540983606557377	22256	22324
T23487G C23525T(S:H655Y) T23599G(S:N679K) C23604A(S:P681H)	39	217	0.17972350230414746	23486	23645
C25416T(ORF3a:F8F)	35	76	0.4605263157894737	25381	25439
(23486,1)(S:DEL643) C23525T(S:H655Y) T23599G(S:N679K) C23604A(S:P681H)	32	214	0.14953271028037382	23471	23645
A24424T(S:Q954H)	26	169	0.15384615384615385	24415	24487
(23334,1)(S:DEL592)	24	140	0.17142857142857143	23322	23336
(25262,1)(S:DEL1235)	22	64	0.34375	25248	25295
G22813T(S:K417N) T22882G(S:N440K) G22895C(S:V445P) T22896C(S:V445P)	21	110	0.19090909090909092	22791	22896
C23854A(S:N764K)	17	203	0.08374384236453201	23811	23858
G22813T(S:K417N) T22882G(S:N440K) G22895C(S:V445P) T22896C(S:V445P) G22898A(S:G446S)	16	83	0.1927710843373494	22791	22898
A23403G(S:D614G)	15	166	0.09036144578313253	23343	23420
(23334,1)(S:DEL592) A23403G(S:D614G)	15	102	0.14705882352941177	23322	23403
G22813T(S:K417N) T22882G(S:N440K)	11	121	0.09090909090909091	22791	22886
G22813T(S:K417N)	10	133	0.07518796992481203	22791	22866
