Covariants	Count	Max_count	Freq	Coverage_start	Coverage_end
T23599G(S:N679K) C23604A(S:P681H)	59	169	0.34911242603550297	23579	23664
A24424T(S:Q954H) T24469A(S:N969K)	21	38	0.5526315789473685	24416	24486
C23525T(S:H655Y) T23599G(S:N679K) C23604A(S:P681H)	19	52	0.36538461538461536	23501	23605
A24424T(S:Q954H)	14	40	0.35	24413	24487
C25416T(ORF3a:F8F)	12	20	0.6	25381	25451
T23599G(S:N679K) C23604A(S:P681H) C23664T(S:A701V)	10	105	0.09523809523809523	23579	23666
