Covariants	Count	Max_count	Freq	Coverage_start	Coverage_end
T23599G(S:N679K) C23604A(S:P681H)	47	201	0.23383084577114427	23580	23666
A24424T(S:Q954H) T24469A(S:N969K)	46	78	0.5897435897435898	24413	24488
C23525T(S:H655Y) T23599G(S:N679K) C23604A(S:P681H)	26	98	0.2653061224489796	23508	23607
T23487G C23525T(S:H655Y) T23599G(S:N679K) C23604A(S:P681H)	26	84	0.30952380952380953	23486	23607
A24424T(S:Q954H)	17	78	0.21794871794871795	24406	24487
C25416T(ORF3a:F8F)	14	18	0.7777777777777778	25381	25452
T24469A(S:N969K)	13	109	0.11926605504587157	24464	24560
(25262,1)(S:DEL1235)	10	19	0.5263157894736842	25248	25295
