Covariants	Count	Max_count	Freq	Coverage_start	Coverage_end
C25000T(S:D1146D)	1394	1749	0.7970268724985706	24999	25000
C21618T(S:T19I) (21632,9)(S:DEL25/27)	1028	2638	0.38968915845337376	21616	21649
T24469A(S:N969K)	859	1543	0.5567077122488658	24461	24470
T21810C(S:V83A)	836	2639	0.31678666161424784	21809	21811
A24424T(S:Q954H)	808	2290	0.35283842794759823	24420	24424
C21618T(S:T19I) (21632,9)(S:DEL25/27) G21718T(S:Q52H)	681	1691	0.4027202838557067	21615	21719
G21718T(S:Q52H)	655	3087	0.2121801101392938	21716	21721
G21718T(S:Q52H) T21810C(S:V83A)	628	1826	0.343921139101862	21717	21811
A24424T(S:Q954H) T24469A(S:N969K)	627	1394	0.4497847919655667	24421	24469
C21618T(S:T19I) (21632,9)(S:DEL25/27) T21810C(S:V83A)	597	954	0.6257861635220126	21613	21812
C21618T(S:T19I) (21632,9)(S:DEL25/27) G21718T(S:Q52H) T21810C(S:V83A)	192	954	0.20125786163522014	21615	21811
C21618T(S:T19I)	141	2783	0.05066475026949335	21541	21618
(21632,9)(S:DEL25/27) G21718T(S:Q52H) T21810C(S:V83A)	33	964	0.03423236514522822	21620	21812
(21632,9)(S:DEL25/27) G21718T(S:Q52H)	29	1708	0.016978922716627636	21628	21721
(21632,9)(S:DEL25/27)	25	2657	0.00940910801656003	21620	21653
(21632,9)(S:DEL25/27) T21810C(S:V83A)	13	964	0.013485477178423237	21618	21815
