Covariants	Count	Max_count	Freq	Coverage_start	Coverage_end
C25416T(ORF3a:F8F)	105	122	0.860655737704918	25381	25434
G22317T(S:G252V)	54	79	0.6835443037974683	22210	22347
T21810C(S:V83A)	23	35	0.6571428571428571	21799	21825
C22664A(S:L368I) C22674T(S:S371F) T22679C(S:S373P) C22686T(S:S375F) A22688G(S:T376A) G22775A(S:D405N)	22	22	1.0	22589	22781
T22882G(S:N440K) G22895C(S:V445P) T22896C(S:V445P) G22898A(S:G446S) T22942G(S:N460K) G22992A(S:S477N) C22995G(S:T478R) A23013C(S:E484A) T23018C(S:F486P) T23019C(S:F486P) T23031C(S:F490S) A23055G(S:Q498R) A23063T(S:N501Y) T23075C(S:Y505H)	19	34	0.5588235294117647	22850	23097
C23525T(S:H655Y) G23562A	15	25	0.6	23411	23562
C25000T(S:D1146D)	13	13	1.0	24926	25076
A23403G(S:D614G)	10	16	0.625	23325	23468
C25416T(ORF3a:F8F) C25498T(ORF3a:P36S)	10	99	0.10101010101010101	25377	25518
