Covariants	Count	Max_count	Freq	Coverage_start	Coverage_end
T23599G(S:N679K) C23604A(S:P681H) C23673T(S:S704L)	62	151	0.4105960264900662	23579	23678
T23599G(S:N679K) C23604A(S:P681H)	27	233	0.11587982832618025	23579	23663
T23599G(S:N679K) C23604A(S:P681H) C23664T(S:A701V)	25	159	0.15723270440251572	23579	23666
A24424T(S:Q954H) T24469A(S:N969K)	22	43	0.5116279069767442	24417	24488
C23525T(S:H655Y) T23599G(S:N679K) C23604A(S:P681H)	19	63	0.30158730158730157	23505	23607
T23487G C23525T(S:H655Y) T23599G(S:N679K) C23604A(S:P681H)	13	53	0.24528301886792453	23486	23636
