Covariants	Count	Max_count	Freq	Coverage_start	Coverage_end
T23599G(S:N679K) C23604A(S:P681H)	353	731	0.4829001367989056	23580	23645
T23599G(S:N679K) C23604A(S:P681H) C23673T(S:S704L)	52	615	0.08455284552845528	23579	23684
C23525T(S:H655Y) T23599G(S:N679K) C23604A(S:P681H)	37	68	0.5441176470588235	23487	23607
T23599G(S:N679K) C23604A(S:P681H) C23638T(S:I692I)	33	723	0.04564315352697095	23579	23659
A24424T(S:Q954H) T24469A(S:N969K)	20	32	0.625	24406	24488
G23587C(S:Q675H) T23599G(S:N679K) C23604A(S:P681H)	17	703	0.02418207681365576	23579	23666
T23075C(S:Y505H)	13	22	0.5909090909090909	23074	23156
(23334,1)(S:DEL592) A23403G(S:D614G)	12	96	0.125	23322	23406
T23335C A23403G(S:D614G)	11	97	0.1134020618556701	23334	23419
C23854A(S:N764K)	11	53	0.20754716981132076	23765	23858
A23403G(S:D614G) C23525T(S:H655Y)	10	97	0.10309278350515463	23333	23540
T24469A(S:N969K)	10	77	0.12987012987012986	24466	24562
