Covariants	Count	Max_count	Freq	Coverage_start	Coverage_end
A24424T(S:Q954H) T24469A(S:N969K)	26	30	0.8666666666666667	24406	24488
C25416T(ORF3a:F8F)	20	23	0.8695652173913043	25381	25464
T23599G(S:N679K) C23604A(S:P681H) C23664T(S:A701V)	12	40	0.3	23579	23668
T24469A(S:N969K)	12	48	0.25	24464	24541
C23525T(S:H655Y) T23599G(S:N679K) C23604A(S:P681H)	10	25	0.4	23505	23607
T23599G(S:N679K) C23604A(S:P681H)	10	67	0.14925373134328357	23579	23666
