Covariants	Count	Max_count	Freq	Coverage_start	Coverage_end
C25416T(ORF3a:F8F)	17	23	0.7391304347826086	25377	25434
G22317T(S:G252V)	12	19	0.631578947368421	22232	22347
