Covariants	Count	Max_count	Freq	Coverage_start	Coverage_end
G22317T(S:G252V)	88	122	0.7213114754098361	22261	22344
C25416T(ORF3a:F8F)	75	96	0.78125	25379	25434
T21810C(S:V83A)	58	71	0.8169014084507042	21765	21825
C25000T(S:D1146D)	23	25	0.92	24926	25076
T22882G(S:N440K) G22895C(S:V445P) T22896C(S:V445P) G22898A(S:G446S) T22942G(S:N460K) G22992A(S:S477N) C22995G(S:T478R) A23013C(S:E484A) T23018C(S:F486P) T23019C(S:F486P) T23031C(S:F490S) A23055G(S:Q498R) A23063T(S:N501Y) T23075C(S:Y505H)	18	36	0.5	22850	23097
A23403G(S:D614G) C23525T(S:H655Y)	15	17	0.8823529411764706	23325	23561
C23525T(S:H655Y)	14	47	0.2978723404255319	23442	23561
T22200A(S:V213E) G22317T(S:G252V)	13	15	0.8666666666666667	22129	22347
C23525T(S:H655Y) G23562A	13	19	0.6842105263157895	23411	23562
C22664A(S:L368I) C22674T(S:S371F) T22679C(S:S373P) C22686T(S:S375F) A22688G(S:T376A) G22775A(S:D405N)	12	13	0.9230769230769231	22589	22781
A23403G(S:D614G)	11	31	0.3548387096774194	23325	23468
C23854A(S:N764K)	11	11	1.0	23773	23910
A24424T(S:Q954H) T24469A(S:N969K)	10	15	0.6666666666666666	24388	24621
