Covariants	Count	Max_count	Freq	Coverage_start	Coverage_end
C22916A(S:L452R) T22917G(S:L452R)	13	27	0.48148148148148145	22791	22926
C22916T(S:L452W) T22917G(S:L452W)	12	27	0.4444444444444444	22791	22937
