Covariants	Count	Max_count	Freq	Coverage_start	Coverage_end
T23599G(S:N679K) C23604A(S:P681H)	298	1051	0.28353948620361563	23580	23655
A24424T(S:Q954H) T24469A(S:N969K)	154	253	0.6086956521739131	24413	24487
(23486,1)(S:DEL643) C23525T(S:H655Y) T23599G(S:N679K) C23604A(S:P681H)	95	312	0.30448717948717946	23471	23607
C23525T(S:H655Y) T23599G(S:N679K) C23604A(S:P681H)	82	406	0.2019704433497537	23505	23607
A24424T(S:Q954H)	51	267	0.19101123595505617	24406	24487
C25416T(ORF3a:F8F)	46	85	0.5411764705882353	25381	25452
A23403G(S:D614G)	44	460	0.09565217391304348	23364	23406
T24469A(S:N969K)	37	349	0.10601719197707736	24464	24538
T23487G C23525T(S:H655Y) T23599G(S:N679K) C23604A(S:P681H)	34	313	0.10862619808306709	23486	23607
C23854A(S:N764K)	32	469	0.06823027718550106	23765	23858
C23525T(S:H655Y)	31	572	0.05419580419580419	23485	23540
(23334,1)(S:DEL592) A23403G(S:D614G)	27	239	0.11297071129707113	23322	23406
(23334,1)(S:DEL592)	27	281	0.09608540925266904	23322	23336
G22813T(S:K417N) T22882G(S:N440K) G22895C(S:V445P) T22896C(S:V445P) G22898A(S:G446S)	24	87	0.27586206896551724	22801	22898
G22813T(S:K417N) T22882G(S:N440K) G22895C(S:V445P) T22896C(S:V445P) G22898A(S:G446S) T22942G(S:N460K)	24	57	0.42105263157894735	22791	22949
(25262,1)(S:DEL1235)	18	226	0.07964601769911504	25248	25298
C25000T(S:D1146D)	17	103	0.1650485436893204	24992	25071
G22317T(S:G252V)	11	29	0.3793103448275862	22242	22324
