Covariants	Count	Max_count	Freq	Coverage_start	Coverage_end
G22317T(S:G252V)	206	264	0.7803030303030303	22262	22345
C25416T(ORF3a:F8F)	195	235	0.8297872340425532	25381	25420
C23525T(S:H655Y) G23562A	78	97	0.8041237113402062	23411	23562
T21810C(S:V83A)	70	109	0.6422018348623854	21804	21817
A23403G(S:D614G)	38	82	0.4634146341463415	23379	23468
C25000T(S:D1146D)	29	83	0.3493975903614458	24926	25076
C23854A(S:N764K)	29	30	0.9666666666666667	23762	23910
T22882G(S:N440K) G22895C(S:V445P) T22896C(S:V445P) G22898A(S:G446S) T22930A(S:F456L) T22942G(S:N460K) G22992A(S:S477N) C22995G(S:T478R) A23013C(S:E484A) T23018C(S:F486P) T23019C(S:F486P) T23031C(S:F490S) A23055G(S:Q498R) A23063T(S:N501Y) T23075C(S:Y505H)	29	66	0.4393939393939394	22850	23097
A23403G(S:D614G) C23525T(S:H655Y)	27	45	0.6	23325	23561
C23525T(S:H655Y)	23	155	0.14838709677419354	23411	23551
T23385A	20	102	0.19607843137254902	23250	23385
A22320G(S:D253G)	20	264	0.07575757575757576	22207	22347
(24866,1)(S:DEL1103) C25000T(S:D1146D)	19	52	0.36538461538461536	24829	25076
A24424T(S:Q954H) T24469A(S:N969K)	17	39	0.4358974358974359	24388	24537
C25416T(ORF3a:F8F) A25426C(ORF3a:T12P)	16	234	0.06837606837606838	25377	25518
T22882G(S:N440K) G22895C(S:V445P) T22896C(S:V445P) G22898A(S:G446S) T22930A(S:F456L) T22942G(S:N460K) G22992A(S:S477N) C22995A(S:T478K) A23013C(S:E484A) T23018C(S:F486P) T23019C(S:F486P) T23031C(S:F490S) A23055G(S:Q498R) A23063T(S:N501Y) T23075C(S:Y505H)	15	66	0.22727272727272727	22850	23097
A24388T A24424T(S:Q954H) T24469A(S:N969K) A24539G	15	31	0.4838709677419355	24387	24539
T22200A(S:V213E) G22317T(S:G252V)	15	19	0.7894736842105263	22129	22347
G21987A(S:G142D) (21990,3)(S:DEL144) C22000A(S:H146Q)	14	31	0.45161290322580644	21949	22098
C25000T(S:D1146D) A25045G(S:S1161S)	14	83	0.1686746987951807	24926	25076
(23212,1)(S:DEL551)	11	87	0.12643678160919541	23129	23277
C22664A(S:L368I) C22674T(S:S371F) T22679C(S:S373P) C22686T(S:S375F) A22688G(S:T376A) G22775A(S:D405N)	10	10	1.0	22589	22781
C25118T(S:L1186F) G25269A	10	15	0.6666666666666666	25117	25269
C25416T(ORF3a:F8F) G25429T(ORF3a:V13L)	10	234	0.042735042735042736	25377	25457
