Covariants	Count	Max_count	Freq	Coverage_start	Coverage_end
T24469A(S:N969K)	176	303	0.5808580858085809	24466	24544
A23403G(S:D614G) C23525T(S:H655Y) T23599G(S:N679K) C23604A(S:P681H)	128	220	0.5818181818181818	23385	23607
A24424T(S:Q954H) T24469A(S:N969K)	86	98	0.8775510204081632	24198	24502
C21618T(S:T19I) (21632,9)(S:DEL25/27) (21764,6)(S:DEL69/70)	68	107	0.6355140186915887	21565	21798
A22786C(S:R408S) G22813T(S:K417N) T22882G(S:N440K) T22917G(S:L452R) G22992A(S:S477N) C22995A(S:T478K) A23013C(S:E484A) T23018G(S:F486V)	62	125	0.496	22778	23024
C21618T(S:T19I) (21632,9)(S:DEL25/27)	56	165	0.3393939393939394	21565	21659
A23403G(S:D614G) G23438T(S:A626S) C23525T(S:H655Y) T23599G(S:N679K) C23604A(S:P681H)	49	220	0.22272727272727272	23390	23607
C25000T(S:D1146D)	44	77	0.5714285714285714	24899	25036
A22786C(S:R408S) G22813T(S:K417N) T22882G(S:N440K) A22910G(S:N450D) T22917G(S:L452R) G22992A(S:S477N) C22995A(S:T478K) A23013C(S:E484A) T23018G(S:F486V)	34	125	0.272	22778	23024
C25452T(ORF3a:I20I) (25517,1)(ORF3a:DEL43) G25563T(ORF3a:Q57H)	26	81	0.32098765432098764	25357	25564
C21618T(S:T19I) (21632,9)(S:DEL25/27) T21710C(S:S50P) C21716T(S:Q52*) (21764,6)(S:DEL69/70)	22	107	0.205607476635514	21565	21798
G22992A(S:S477N) C22995A(S:T478K) A23013C(S:E484A) T23018G(S:F486V) A23055G(S:Q498R) A23063T(S:N501Y) T23075C(S:Y505H) T23225C(S:S555P)	20	34	0.5882352941176471	22978	23259
(24840,1)(S:DEL1094) C25000T(S:D1146D)	15	73	0.2054794520547945	24796	25117
C25546T(ORF3a:L52F)	13	83	0.1566265060240964	25357	25581
G22992A(S:S477N) C22995A(S:T478K) A23013C(S:E484A) T23018G(S:F486V) A23055G(S:Q498R) A23063T(S:N501Y) T23075C(S:Y505H)	12	36	0.3333333333333333	22987	23124
