Covariants	Count	Max_count	Freq	Coverage_start	Coverage_end
T22942G(S:N460K)	23	29	0.7931034482758621	22940	22946
C22109G(S:Q183E)	16	17	0.9411764705882353	22072	22112
