Covariants	Count	Max_count	Freq	Coverage_start	Coverage_end
G22317T(S:G252V)	464	609	0.7619047619047619	22264	22344
C25416T(ORF3a:F8F)	376	579	0.6493955094991365	25381	25425
C23525T(S:H655Y) G23562A	201	236	0.8516949152542372	23411	23562
T21810C(S:V83A)	154	247	0.6234817813765182	21765	21817
T23385A	93	201	0.4626865671641791	23250	23385
A23403G(S:D614G)	67	106	0.6320754716981132	23329	23468
A22320G(S:D253G)	50	609	0.08210180623973727	22207	22342
(21764,6)(S:DEL69/70)	31	233	0.13304721030042918	21674	21817
C23525T(S:H655Y)	31	286	0.10839160839160839	23459	23547
A24388T A24424T(S:Q954H) T24469A(S:N969K) A24539G	29	49	0.5918367346938775	24387	24539
C25000T(S:D1146D)	22	27	0.8148148148148148	24926	25076
C23601T T23752A(S:S730S)	22	51	0.43137254901960786	23600	23752
G21987A(S:G142D) (21990,3)(S:DEL144) C22000A(S:H146Q)	21	40	0.525	21949	22098
A23403G(S:D614G) C23525T(S:H655Y)	20	24	0.8333333333333334	23325	23561
T22200A(S:V213E)	20	43	0.46511627906976744	22129	22243
C22664A(S:L368I) C22674T(S:S371F) T22679C(S:S373P) C22686T(S:S375F) A22688G(S:T376A) G22775A(S:D405N)	19	35	0.5428571428571428	22589	22781
A24652T	17	185	0.0918918918918919	24651	24802
C25118T(S:L1186F) G25269A	15	35	0.42857142857142855	25117	25269
C25413T(ORF3a:I7I) C25416T(ORF3a:F8F)	15	579	0.025906735751295335	25377	25456
A23403G(S:D614G) G23441T(S:D627Y)	14	106	0.1320754716981132	23250	23468
T22882G(S:N440K) G22895C(S:V445P) T22896C(S:V445P) G22898A(S:G446S) T22942G(S:N460K) G22992A(S:S477N) C22995A(S:T478K) A23013C(S:E484A) T23018C(S:F486P) T23019C(S:F486P) T23031C(S:F490S) A23055G(S:Q498R) A23063T(S:N501Y) T23075C(S:Y505H)	13	17	0.7647058823529411	22850	23097
A24424T(S:Q954H) T24469A(S:N969K)	13	54	0.24074074074074073	24388	24621
T22200A(S:V213E) G22317T(S:G252V)	13	23	0.5652173913043478	22129	22347
G22577C(S:G339H) G22578A(S:G339H) G22599C(S:R346T)	11	20	0.55	22500	22640
C25416T(ORF3a:F8F) (25472,'T')(ORF3a:INS28)	11	536	0.020522388059701493	25377	25518
(25472,1)(ORF3a:DEL28)	10	536	0.018656716417910446	25306	25518
