Covariants	Count	Max_count	Freq	Coverage_start	Coverage_end
T23599G(S:N679K) C23604A(S:P681H)	79	265	0.2981132075471698	23579	23666
A24424T(S:Q954H) T24469A(S:N969K)	72	124	0.5806451612903226	24416	24487
C23525T(S:H655Y) T23599G(S:N679K) C23604A(S:P681H)	48	109	0.44036697247706424	23501	23607
A23403G(S:D614G)	24	136	0.17647058823529413	23268	23423
A24424T(S:Q954H)	16	125	0.128	24406	24486
(23334,1)(S:DEL592)	15	127	0.11811023622047244	23268	23336
T23599G(S:N679K) C23604A(S:P681H) T23671C(S:N703N)	15	130	0.11538461538461539	23580	23711
(23334,1)(S:DEL592) A23403G(S:D614G)	12	98	0.12244897959183673	23322	23403
(25262,1)(S:DEL1235)	12	43	0.27906976744186046	25248	25263
C23525T(S:H655Y)	11	139	0.07913669064748201	23485	23551
T23487G C23525T(S:H655Y) T23599G(S:N679K) C23604A(S:P681H)	11	93	0.11827956989247312	23486	23645
G22317T(S:G252V)	10	18	0.5555555555555556	22242	22334
C25000T(S:D1146D)	10	32	0.3125	24984	25069
