Covariants	Count	Max_count	Freq	Coverage_start	Coverage_end
T23599G(S:N679K) C23604A(S:P681H)	124	297	0.4175084175084175	23593	23666
A24424T(S:Q954H) T24469A(S:N969K)	50	93	0.5376344086021505	24416	24488
(23334,1)(S:DEL592)	41	129	0.3178294573643411	23285	23336
C23525T(S:H655Y) T23599G(S:N679K) C23604A(S:P681H)	30	113	0.26548672566371684	23501	23604
A24424T(S:Q954H)	25	97	0.25773195876288657	24415	24488
C25416T(ORF3a:F8F)	24	55	0.43636363636363634	25381	25451
(23486,1)(S:DEL643) C23525T(S:H655Y) T23599G(S:N679K) C23604A(S:P681H)	17	90	0.18888888888888888	23473	23607
T23487G C23525T(S:H655Y) T23599G(S:N679K) C23604A(S:P681H)	17	91	0.18681318681318682	23486	23640
G22813T(S:K417N) T22882G(S:N440K) G22895C(S:V445P) T22896C(S:V445P) G22898A(S:G446S) T22942G(S:N460K)	15	36	0.4166666666666667	22791	22968
(23334,1)(S:DEL592) A23403G(S:D614G)	13	81	0.16049382716049382	23322	23405
T24469A(S:N969K)	12	132	0.09090909090909091	24464	24557
G22813T(S:K417N) T22882G(S:N440K)	11	69	0.15942028985507245	22791	22891
C23525T(S:H655Y)	11	147	0.07482993197278912	23485	23553
