Covariants	Count	Max_count	Freq	Coverage_start	Coverage_end
T23599G(S:N679K) C23604A(S:P681H)	385	852	0.4518779342723005	23580	23662
A24424T(S:Q954H) T24469A(S:N969K)	141	249	0.5662650602409639	24421	24488
C25416T(ORF3a:F8F)	100	174	0.5747126436781609	25381	25451
C23525T(S:H655Y) T23599G(S:N679K) C23604A(S:P681H)	100	277	0.36101083032490977	23501	23607
T24469A(S:N969K)	83	413	0.2009685230024213	24464	24536
(25262,1)(S:DEL1235)	74	163	0.4539877300613497	25248	25287
A23403G(S:D614G) C23525T(S:H655Y)	36	119	0.3025210084033613	23351	23529
T23487G C23525T(S:H655Y) T23599G(S:N679K) C23604A(S:P681H)	35	242	0.1446280991735537	23486	23642
A24424T(S:Q954H)	35	252	0.1388888888888889	24415	24488
A23403G(S:D614G)	34	272	0.125	23363	23406
(23486,1)(S:DEL643) C23525T(S:H655Y) T23599G(S:N679K) C23604A(S:P681H)	29	242	0.11983471074380166	23481	23607
G22317T(S:G252V)	25	33	0.7575757575757576	22242	22323
C23525T(S:H655Y)	24	446	0.053811659192825115	23485	23552
C23854A(S:N764K)	23	226	0.10176991150442478	23765	23860
C25000T(S:D1146D)	21	70	0.3	24984	25067
(23334,1)(S:DEL592)	15	196	0.07653061224489796	23322	23336
G22813T(S:K417N) T22882G(S:N440K) G22895C(S:V445P) T22896C(S:V445P) G22898A(S:G446S)	14	46	0.30434782608695654	22801	22898
(23334,1)(S:DEL592) A23403G(S:D614G)	12	161	0.07453416149068323	23322	23406
T23075C(S:Y505H)	10	34	0.29411764705882354	23074	23157
