Covariants	Count	Max_count	Freq	Coverage_start	Coverage_end
A23403G(S:D614G)	46	124	0.3709677419354839	23402	23404
C23202T(S:T547I)	12	34	0.35294117647058826	23160	23202
