Covariants	Count	Max_count	Freq	Coverage_start	Coverage_end
C22109G(S:Q183E)	24	87	0.27586206896551724	22108	22113
A23403G(S:D614G)	22	185	0.11891891891891893	23402	23404
G23401T(S:Q613H) A23403G(S:D614G)	19	178	0.10674157303370786	23378	23406
G21718T(S:Q52H)	17	102	0.16666666666666666	21716	21744
G23401T(S:Q613H)	15	178	0.08426966292134831	23378	23436
