Covariants	Count	Max_count	Freq	Coverage_start	Coverage_end
T23599G(S:N679K) C23604A(S:P681H)	170	348	0.4885057471264368	23593	23645
A24424T(S:Q954H) T24469A(S:N969K)	78	134	0.582089552238806	24416	24487
C23525T(S:H655Y) T23599G(S:N679K) C23604A(S:P681H)	42	90	0.4666666666666667	23518	23605
(25262,1)(S:DEL1235)	37	54	0.6851851851851852	25248	25293
C25416T(ORF3a:F8F)	32	48	0.6666666666666666	25381	25446
T24469A(S:N969K)	27	195	0.13846153846153847	24464	24559
A24424T(S:Q954H)	24	137	0.17518248175182483	24413	24487
C25000T(S:D1146D)	20	34	0.5882352941176471	24984	25067
A23403G(S:D614G)	19	117	0.1623931623931624	23335	23412
G22813T(S:K417N) T22882G(S:N440K) G22895C(S:V445P) T22896C(S:V445P) G22898A(S:G446S) T22942G(S:N460K)	17	23	0.7391304347826086	22801	22968
T22200A(S:V213E)	11	17	0.6470588235294118	22117	22208
G22317T(S:G252V)	10	12	0.8333333333333334	22246	22329
C23854A(S:N764K)	10	52	0.19230769230769232	23817	23858
