Covariants	Count	Max_count	Freq	Coverage_start	Coverage_end
A24424T(S:Q954H) T24469A(S:N969K)	164	290	0.5655172413793104	24410	24487
C23525T(S:H655Y) T23599G(S:N679K) C23604A(S:P681H)	119	287	0.4146341463414634	23519	23606
T23599G(S:N679K) C23604A(S:P681H)	77	416	0.18509615384615385	23580	23666
C25416T(ORF3a:F8F)	58	82	0.7073170731707317	25381	25444
A24424T(S:Q954H)	52	290	0.1793103448275862	24415	24487
(25262,1)(S:DEL1235)	45	92	0.4891304347826087	25248	25295
(23486,1)(S:DEL643) C23525T(S:H655Y) T23599G(S:N679K) C23604A(S:P681H)	44	246	0.17886178861788618	23471	23607
C23854A(S:N764K)	44	244	0.18032786885245902	23811	23857
T23487G C23525T(S:H655Y) T23599G(S:N679K) C23604A(S:P681H)	41	247	0.1659919028340081	23486	23607
T24469A(S:N969K)	37	368	0.10054347826086957	24464	24541
(24981,1)(S:DEL1141) C25000T(S:D1146D)	21	44	0.4772727272727273	24857	25000
C23525T(S:H655Y)	19	319	0.05956112852664577	23485	23551
(23334,1)(S:DEL592)	18	98	0.1836734693877551	23268	23336
A23403G(S:D614G)	18	106	0.16981132075471697	23285	23423
C25000T(S:D1146D)	13	61	0.21311475409836064	24984	25067
G22813T(S:K417N) T22882G(S:N440K)	11	50	0.22	22791	22888
