Covariants	Count	Max_count	Freq	Coverage_start	Coverage_end
C23525T(S:H655Y)	9644	25404	0.37962525586521806	23522	23525
A23403G(S:D614G)	7733	27283	0.2834365722244621	23402	23403
A23403G(S:D614G) C23525T(S:H655Y)	6134	18532	0.33099503561407295	23402	23525
C23525T(S:H655Y) T23599G(S:N679K) C23604A(S:P681H)	3414	7139	0.47821823784843814	23524	23604
T21810C(S:V83A)	2473	4779	0.5174722745344215	21809	21810
C21618T(S:T19I) (21632,9)(S:DEL25/27)	2147	3874	0.554207537429014	21616	21651
A23403G(S:D614G) C23525T(S:H655Y) T23599G(S:N679K) C23604A(S:P681H)	1793	4511	0.39747284415872314	23402	23605
C21618T(S:T19I) (21632,9)(S:DEL25/27) T21810C(S:V83A)	1529	1930	0.7922279792746114	21615	21810
A23403G(S:D614G) T23599G(S:N679K) C23604A(S:P681H)	944	4511	0.2092662380846819	23402	23606
T23599G(S:N679K) C23604A(S:P681H)	865	7251	0.11929389049786236	23527	23606
C23525T(S:H655Y) T23599G(S:N679K)	817	8569	0.09534368070953436	23524	23599
A23403G(S:D614G) C23525T(S:H655Y) T23599G(S:N679K)	555	5456	0.10172287390029326	23402	23599
(21632,9)(S:DEL25/27)	81	3895	0.02079589216944801	21620	21653
(21632,9)(S:DEL25/27) T21810C(S:V83A)	81	1942	0.04170957775489186	21620	21812
T23599G(S:N679K)	62	8681	0.007142034327842414	23526	23600
A23403G(S:D614G) T23599G(S:N679K)	34	5456	0.006231671554252199	23402	23601
C23525T(S:H655Y) C23604A(S:P681H)	15	7139	0.002101134612690853	23524	23607
