Covariants	Count	Max_count	Freq	Coverage_start	Coverage_end
T23599G(S:N679K) C23604A(S:P681H)	39	107	0.3644859813084112	23579	23666
A24424T(S:Q954H) T24469A(S:N969K)	32	44	0.7272727272727273	24410	24488
C23525T(S:H655Y) T23599G(S:N679K) C23604A(S:P681H)	14	49	0.2857142857142857	23501	23606
C25416T(ORF3a:F8F)	13	20	0.65	25381	25451
A23403G(S:D614G)	12	52	0.23076923076923078	23345	23442
(23486,1)(S:DEL643) C23525T(S:H655Y) T23599G(S:N679K) C23604A(S:P681H)	11	43	0.2558139534883721	23471	23645
