Covariants	Count	Max_count	Freq	Coverage_start	Coverage_end
T23599G(S:N679K) C23604A(S:P681H)	59	121	0.48760330578512395	23581	23663
A24424T(S:Q954H) T24469A(S:N969K)	22	39	0.5641025641025641	24406	24488
C23525T(S:H655Y) T23599G(S:N679K) C23604A(S:P681H)	12	37	0.32432432432432434	23487	23607
A24424T(S:Q954H)	11	39	0.28205128205128205	24406	24488
G22317T(S:G252V)	10	14	0.7142857142857143	22242	22323
C25416T(ORF3a:F8F)	10	16	0.625	25381	25452
