Covariants	Count	Max_count	Freq	Coverage_start	Coverage_end
C25416T(ORF3a:F8F)	56	66	0.8484848484848485	25377	25434
G22317T(S:G252V)	41	48	0.8541666666666666	22207	22347
C23525T(S:H655Y) G23562A	33	34	0.9705882352941176	23411	23562
T23385A	24	44	0.5454545454545454	23250	23385
A23403G(S:D614G)	12	20	0.6	23250	23439
T21810C(S:V83A)	11	11	1.0	21764	21900
T22882G(S:N440K) G22895C(S:V445P) T22896C(S:V445P) G22898A(S:G446S) T22942G(S:N460K) G22992A(S:S477N) C22995A(S:T478K) A23013C(S:E484A) T23018C(S:F486P) T23019C(S:F486P) T23031C(S:F490S) A23055G(S:Q498R) A23063T(S:N501Y) T23075C(S:Y505H)	10	15	0.6666666666666666	22850	23097
