Covariants	Count	Max_count	Freq	Coverage_start	Coverage_end
A23403G(S:D614G)	17	23	0.7391304347826086	23356	23410
C21618T(S:T19I) (21632,9)(S:DEL25/27)	13	21	0.6190476190476191	21613	21654
