Covariants	Count	Max_count	Freq	Coverage_start	Coverage_end
T21810C(S:V83A)	70	89	0.7865168539325843	21765	21825
C25416T(ORF3a:F8F)	53	66	0.803030303030303	25377	25434
G22317T(S:G252V)	50	113	0.4424778761061947	22207	22347
T22200A(S:V213E) G22317T(S:G252V)	29	46	0.6304347826086957	22129	22347
A23403G(S:D614G)	22	32	0.6875	23325	23468
C23525T(S:H655Y) G23562A	18	21	0.8571428571428571	23411	23562
T22200A(S:V213E) A22320G(S:D253G)	11	46	0.2391304347826087	22197	22347
A22320G(S:D253G)	10	113	0.08849557522123894	22206	22347
