Covariants	Count	Max_count	Freq	Coverage_start	Coverage_end
A23403G(S:D614G)	45	155	0.2903225806451613	23402	23404
C22109G(S:Q183E)	11	35	0.3142857142857143	22108	22112
