Covariants	Count	Max_count	Freq	Coverage_start	Coverage_end
T23599G(S:N679K) C23604A(S:P681H)	46	95	0.4842105263157895	23593	23669
A24424T(S:Q954H) T24469A(S:N969K)	16	29	0.5517241379310345	24410	24488
T23599G(S:N679K) C23604A(S:P681H) C23664T(S:A701V)	10	68	0.14705882352941177	23579	23666
