Covariants	Count	Max_count	Freq	Coverage_start	Coverage_end
T23599G(S:N679K) C23604A(S:P681H)	279	900	0.31	23580	23645
A24424T(S:Q954H) T24469A(S:N969K)	170	283	0.6007067137809188	24417	24478
C23525T(S:H655Y) T23599G(S:N679K) C23604A(S:P681H)	137	372	0.3682795698924731	23505	23606
A24424T(S:Q954H)	51	285	0.17894736842105263	24406	24478
T24469A(S:N969K)	50	370	0.13513513513513514	24464	24535
A23403G(S:D614G)	48	470	0.10212765957446808	23342	23403
C23525T(S:H655Y)	43	501	0.08582834331337326	23485	23551
C25000T(S:D1146D)	40	132	0.30303030303030304	24993	25055
(23486,1)(S:DEL643) C23525T(S:H655Y) T23599G(S:N679K) C23604A(S:P681H)	38	294	0.1292517006802721	23471	23645
(25262,1)(S:DEL1235)	35	163	0.2147239263803681	25249	25295
T23487G C23525T(S:H655Y) T23599G(S:N679K) C23604A(S:P681H)	33	299	0.11036789297658862	23486	23607
C23854A(S:N764K)	30	403	0.07444168734491315	23765	23863
(23334,1)(S:DEL592)	29	329	0.08814589665653495	23322	23336
G22813T(S:K417N) T22882G(S:N440K) G22895C(S:V445P) T22896C(S:V445P) G22898A(S:G446S)	24	120	0.2	22791	22898
C25416T(ORF3a:F8F)	22	44	0.5	25381	25451
G22317T(S:G252V)	21	30	0.7	22315	22322
G22813T(S:K417N) T22882G(S:N440K) G22895C(S:V445P) T22896C(S:V445P) G22898A(S:G446S) T22930A(S:F456L) T22942G(S:N460K)	16	78	0.20512820512820512	22791	22968
(24110,1)(S:DEL851)	15	39	0.38461538461538464	24024	24115
(24253,1)(S:DEL898)	15	145	0.10344827586206896	24217	24255
T23075C(S:Y505H)	14	28	0.5	23074	23156
G22813T(S:K417N) T22882G(S:N440K)	14	155	0.09032258064516129	22791	22884
(23334,1)(S:DEL592) A23403G(S:D614G)	12	225	0.05333333333333334	23322	23408
(25262,1)(S:DEL1235) G25354A(S:V1264V)	12	34	0.35294117647058826	25250	25356
T22200A(S:V213E)	12	15	0.8	22117	22208
G22813T(S:K417N) T22882G(S:N440K) G22895C(S:V445P) T22896C(S:V445P)	11	140	0.07857142857142857	22791	22897
