Covariants	Count	Max_count	Freq	Coverage_start	Coverage_end
A23403G(S:D614G)	35	104	0.33653846153846156	23402	23404
C22109G(S:Q183E) G22113T(S:G184V)	15	53	0.2830188679245283	22065	22114
