Covariants	Count	Max_count	Freq	Coverage_start	Coverage_end
T23599G(S:N679K) C23604A(S:P681H)	274	441	0.6213151927437641	23587	23665
T24469A(S:N969K)	56	110	0.509090909090909	24464	24547
C25000T(S:D1146D)	42	58	0.7241379310344828	24986	25064
C25416T(ORF3a:F8F)	22	62	0.3548387096774194	25381	25432
T23075C(S:Y505H)	21	39	0.5384615384615384	23074	23154
A23403G(S:D614G) (23486,1)(S:DEL643) C23525T(S:H655Y)	15	188	0.0797872340425532	23333	23537
C23854A(S:N764K)	15	65	0.23076923076923078	23765	23858
(25262,1)(S:DEL1235) C25416T(ORF3a:F8F)	15	36	0.4166666666666667	25248	25428
(25262,1)(S:DEL1235)	15	52	0.28846153846153844	25248	25331
A23403G(S:D614G) C23525T(S:H655Y)	14	188	0.07446808510638298	23387	23532
T23335C A23403G(S:D614G)	14	113	0.12389380530973451	23334	23420
T23599G(S:N679K) C23604A(S:P681H) (23665,1)(S:DEL702)	14	433	0.03233256351039261	23579	23666
T23335C A23403G(S:D614G) C23525T(S:H655Y)	12	71	0.16901408450704225	23334	23531
T23633G(S:S691V) C23634T(S:S691V) C23635T(S:S691V) T23640G(S:I693R) T23641A(S:I693R) G23642C(S:A694L) C23643T(S:A694L) T23645A(S:Y695R) A23646G(S:Y695R) C23647A(S:Y695R) A23648C(S:T696L) C23649T(S:T696L) T23650A(S:T696L) T23652G(S:M697S) G23653T(S:M697S) T23654C(S:S698L) C23655T(S:S698L) A23656C(S:S698L) C23657A(S:L699I) T23659C(S:L699I) T23662C(S:G700G) C23664G(S:A701G) A23665G(S:A701G) G23666C(S:E702H) A23668C(S:E702H) A23669G(S:N703V) A23670T(S:N703V) T23671A(S:N703V) T23672G(S:S704V) C23673T(S:S704V) A23674G(S:S704V) G23675T(S:V705*) T23676A(S:V705*) T23677G(S:V705*) G23678C(S:A706L) C23679T(S:A706L) T23680A(S:A706L) T23681G(S:Y707V) A23682T(S:Y707V) T23684A(S:S708N) C23685A(S:S708N) A23687C(S:N709P) A23688C(S:N709P) T23689A(S:N709P) A23690T(S:N710S) A23691C(S:N710S) C23692A(S:N710S) C23694T(S:S711L) T23695G(S:S711L) A23696C(S:I712P) T23697C(S:I712P) G23699A(S:A713T) C23701A(S:A713T) A23702C(S:I714L) C23705T(S:P715C) C23706G(S:P715C) C23707T(S:P715C) A23708C(S:T716H) C23709A(S:T716H) A23710C(S:T716H) A23711T(S:N717L) A23712T(S:N717L) T23713G(S:N717L) T23714G(S:F718V) T23716G(S:F718V) A23717C C23718A	12	398	0.03015075376884422	23632	23718
T22200A(S:V213E)	11	23	0.4782608695652174	22117	22214
