Covariants	Count	Max_count	Freq	Coverage_start	Coverage_end
T23599G(S:N679K) C23604A(S:P681H)	172	297	0.5791245791245792	23579	23664
A24424T(S:Q954H) T24469A(S:N969K)	55	84	0.6547619047619048	24410	24488
T24469A(S:N969K)	15	124	0.12096774193548387	24464	24545
C25416T(ORF3a:F8F)	12	42	0.2857142857142857	25381	25472
C23525T(S:H655Y) T23599G(S:N679K) C23604A(S:P681H)	11	40	0.275	23508	23643
A23403G(S:D614G)	10	75	0.13333333333333333	23342	23431
C23854A(S:N764K)	10	63	0.15873015873015872	23765	23888
A24424T(S:Q954H)	10	86	0.11627906976744186	24415	24488
