Covariants	Count	Max_count	Freq	Coverage_start	Coverage_end
G22317T(S:G252V)	131	154	0.8506493506493507	22207	22339
C25416T(ORF3a:F8F)	120	210	0.5714285714285714	25377	25434
T21810C(S:V83A)	92	108	0.8518518518518519	21765	21857
C23525T(S:H655Y) G23562A	58	60	0.9666666666666667	23411	23562
A23403G(S:D614G)	37	44	0.8409090909090909	23325	23468
T23385A	23	68	0.3382352941176471	23250	23385
C22664A(S:L368I) C22674T(S:S371F) T22679C(S:S373P) C22686T(S:S375F) A22688G(S:T376A) G22775A(S:D405N)	15	18	0.8333333333333334	22589	22781
T22882G(S:N440K) G22895C(S:V445P) T22896C(S:V445P) G22898A(S:G446S) T22942G(S:N460K) G22992A(S:S477N) C22995A(S:T478K) A23013C(S:E484A) T23018C(S:F486P) T23019C(S:F486P) T23031C(S:F490S) A23055G(S:Q498R) A23063T(S:N501Y) T23075C(S:Y505H)	13	15	0.8666666666666667	22850	23097
G21987A(S:G142D) (21990,3)(S:DEL144) C22000A(S:H146Q)	11	12	0.9166666666666666	21949	22098
A24424T(S:Q954H) T24469A(S:N969K)	10	22	0.45454545454545453	24388	24537
