Covariants	Count	Max_count	Freq	Coverage_start	Coverage_end
T23599G(S:N679K) C23604A(S:P681H)	59	176	0.3352272727272727	23579	23666
A24424T(S:Q954H) T24469A(S:N969K)	33	76	0.4342105263157895	24413	24488
C23525T(S:H655Y) T23599G(S:N679K) C23604A(S:P681H)	31	90	0.34444444444444444	23485	23607
A23403G(S:D614G)	19	76	0.25	23335	23405
C23525T(S:H655Y) A23558G(S:I666V) T23599G(S:N679K) C23604A(S:P681H)	16	90	0.17777777777777778	23485	23608
(23334,1)(S:DEL592)	11	67	0.16417910447761194	23268	23354
G22317T(S:G252V)	10	22	0.45454545454545453	22242	22321
