Covariants	Count	Max_count	Freq	Coverage_start	Coverage_end
T21810C(S:V83A)	623	1693	0.36798582398109864	21809	21810
C21618T(S:T19I) (21632,9)(S:DEL25/27)	441	1021	0.43192948090107736	21615	21654
C21618T(S:T19I) (21632,9)(S:DEL25/27) T21810C(S:V83A)	333	591	0.5634517766497462	21616	21812
C23854A(S:N764K)	321	449	0.7149220489977728	23830	23854
G21718T(S:Q52H)	268	1738	0.15420023014959724	21716	21732
A23403G(S:D614G)	243	367	0.662125340599455	23396	23403
T23599G(S:N679K) C23604A(S:P681H)	192	317	0.6056782334384858	23598	23605
G21718T(S:Q52H) T21810C(S:V83A)	178	1193	0.14920368818105617	21716	21812
C21618T(S:T19I) (21632,9)(S:DEL25/27) G21718T(S:Q52H)	125	833	0.15006002400960383	21616	21723
C25000T(S:D1146D)	105	159	0.660377358490566	24993	25000
T23599G(S:N679K) C23604A(S:P681H) C23854A(S:N764K)	73	84	0.8690476190476191	23598	23854
C23525T(S:H655Y)	57	131	0.4351145038167939	23494	23525
C21618T(S:T19I) (21632,9)(S:DEL25/27) G21718T(S:Q52H) T21810C(S:V83A)	34	591	0.05752961082910321	21616	21811
A22786C(S:R408S) G22813T(S:K417N)	24	100	0.24	22779	22858
A23403G(S:D614G) C23525T(S:H655Y)	19	86	0.22093023255813954	23377	23525
(21632,9)(S:DEL25/27) T21810C(S:V83A)	18	606	0.0297029702970297	21621	21812
G22813T(S:K417N) T22882G(S:N440K)	16	142	0.11267605633802817	22803	22888
C23525T(S:H655Y) T23599G(S:N679K) C23604A(S:P681H)	14	29	0.4827586206896552	23520	23605
T22882G(S:N440K) G22895C(S:V445P) T22896C(S:V445P) G22898A(S:G446S) T22930A(S:F456L) T22942G(S:N460K)	13	168	0.07738095238095238	22881	22943
(21632,9)(S:DEL25/27)	11	1040	0.010576923076923078	21620	21692
G24933T(S:G1124V) C25000T(S:D1146D)	11	132	0.08333333333333333	24931	25016
A23403G(S:D614G) C23525T(S:H655Y) T23599G(S:N679K) C23604A(S:P681H)	10	13	0.7692307692307693	23400	23605
T22200A(S:V213E)	10	13	0.7692307692307693	22195	22274
