Covariants	Count	Max_count	Freq	Coverage_start	Coverage_end
G22317T(S:G252V)	127	177	0.7175141242937854	22207	22347
C25416T(ORF3a:F8F)	74	105	0.7047619047619048	25367	25419
T21810C(S:V83A)	58	112	0.5178571428571429	21765	21915
C23525T(S:H655Y) G23562A	38	49	0.7755102040816326	23411	23562
C25000T(S:D1146D)	35	39	0.8974358974358975	24927	25076
T22200A(S:V213E) G22317T(S:G252V)	29	36	0.8055555555555556	22129	22347
C22664A(S:L368I) C22674T(S:S371F) T22679C(S:S373P) C22686T(S:S375F) A22688G(S:T376A) G22775A(S:D405N) A22786C(S:R408S)	28	36	0.7777777777777778	22589	22808
G21718T(S:Q52H) T21810C(S:V83A)	27	87	0.3103448275862069	21674	21915
C25416T(ORF3a:F8F) A25492G(ORF3a:T34A)	18	86	0.20930232558139536	25306	25518
T22882G(S:N440K) G22895C(S:V445P) T22896C(S:V445P) G22898A(S:G446S) T22930A(S:F456L) T22942G(S:N460K) G22992A(S:S477N) C22995G(S:T478R) A23013C(S:E484A) T23018C(S:F486P) T23019C(S:F486P) T23031C(S:F490S) A23055G(S:Q498R) A23063T(S:N501Y) T23075C(S:Y505H)	18	96	0.1875	22850	23097
T22882G(S:N440K) G22895C(S:V445P) T22896C(S:V445P) G22898A(S:G446S) T22942G(S:N460K) G22992A(S:S477N) C22995G(S:T478R) A23013C(S:E484A) T23018C(S:F486P) T23019C(S:F486P) T23031C(S:F490S) A23055G(S:Q498R) A23063T(S:N501Y) T23075C(S:Y505H)	18	96	0.1875	22850	23097
T22882G(S:N440K) G22895C(S:V445P) T22896C(S:V445P) G22898A(S:G446S) T22930A(S:F456L) T22942G(S:N460K) G22992A(S:S477N) C22995A(S:T478K) A23013C(S:E484A) T23018C(S:F486P) T23019C(S:F486P) T23031C(S:F490S) A23055G(S:Q498R) A23063T(S:N501Y) T23075C(S:Y505H)	16	96	0.16666666666666666	22850	23097
A23403G(S:D614G) C23525T(S:H655Y)	14	18	0.7777777777777778	23325	23561
A24424T(S:Q954H) T24469A(S:N969K)	14	22	0.6363636363636364	24398	24531
C23854A(S:N764K)	13	16	0.8125	23690	23910
T22882G(S:N440K) G22895C(S:V445P) T22896C(S:V445P) G22898A(S:G446S) T22942G(S:N460K) G22992A(S:S477N) C22995A(S:T478K) A23013C(S:E484A) T23018C(S:F486P) T23019C(S:F486P) T23031C(S:F490S) A23055G(S:Q498R) A23063T(S:N501Y) T23075C(S:Y505H)	12	96	0.125	22850	23097
T22882G(S:N440K) G22895C(S:V445P) T22896C(S:V445P) G22898A(S:G446S) T22928C(S:F456L) T22942G(S:N460K) G22992A(S:S477N) C22995A(S:T478K) A23013C(S:E484A) T23018C(S:F486P) T23019C(S:F486P) T23031C(S:F490S) A23055G(S:Q498R) A23063T(S:N501Y) T23075C(S:Y505H)	12	96	0.125	22850	23097
A23403G(S:D614G)	10	31	0.3225806451612903	23325	23448
T21810C(S:V83A) T21916A(S:L118L)	10	12	0.8333333333333334	21765	21916
G25396C(ORF3a:D2H) C25416T(ORF3a:F8F)	10	105	0.09523809523809523	25306	25457
