Covariants	Count	Max_count	Freq	Coverage_start	Coverage_end
T23599G(S:N679K) C23604A(S:P681H)	136	470	0.28936170212765955	23579	23663
A24424T(S:Q954H) T24469A(S:N969K)	113	188	0.601063829787234	24413	24487
C23525T(S:H655Y) T23599G(S:N679K) C23604A(S:P681H)	86	224	0.38392857142857145	23505	23606
C25416T(ORF3a:F8F)	33	78	0.4230769230769231	25381	25452
A23403G(S:D614G)	30	198	0.15151515151515152	23363	23416
A24424T(S:Q954H)	23	191	0.12041884816753927	24410	24488
(23486,1)(S:DEL643) C23525T(S:H655Y) T23599G(S:N679K) C23604A(S:P681H)	21	178	0.11797752808988764	23471	23637
C23525T(S:H655Y)	20	309	0.06472491909385113	23485	23551
T23487G C23525T(S:H655Y) T23599G(S:N679K) C23604A(S:P681H)	20	182	0.10989010989010989	23486	23645
T24469A(S:N969K)	19	249	0.07630522088353414	24464	24546
G22813T(S:K417N) T22882G(S:N440K) G22895C(S:V445P) T22896C(S:V445P) G22898A(S:G446S)	16	52	0.3076923076923077	22791	22898
(23334,1)(S:DEL592)	14	146	0.0958904109589041	23288	23336
G22317T(S:G252V)	13	19	0.6842105263157895	22266	22344
(25262,1)(S:DEL1235)	13	76	0.17105263157894737	25248	25263
G22813T(S:K417N) T22882G(S:N440K) G22895C(S:V445P) T22896C(S:V445P) G22898A(S:G446S) T22942G(S:N460K)	12	30	0.4	22791	22946
