Covariants	Count	Max_count	Freq	Coverage_start	Coverage_end
T23599G(S:N679K) C23604A(S:P681H)	154	280	0.55	23593	23666
A24424T(S:Q954H) T24469A(S:N969K)	48	85	0.5647058823529412	24407	24488
A24424T(S:Q954H)	18	89	0.20224719101123595	24406	24488
C25416T(ORF3a:F8F)	18	60	0.3	25381	25452
(23334,1)(S:DEL592)	17	89	0.19101123595505617	23285	23336
C23525T(S:H655Y) T23599G(S:N679K) C23604A(S:P681H)	16	57	0.2807017543859649	23505	23607
G22317T(S:G252V)	11	21	0.5238095238095238	22256	22335
A25411G(ORF3a:I7V) C25416T(ORF3a:F8F)	11	60	0.18333333333333332	25371	25464
A23403G(S:D614G)	10	105	0.09523809523809523	23351	23413
