Covariants	Count	Max_count	Freq	Coverage_start	Coverage_end
G23587T(S:Q675H) T23599G(S:N679K) C23604A(S:P681H)	73	613	0.11908646003262642	23579	23663
T23599G(S:N679K) C23604A(S:P681H) A23656G(S:S698S)	73	309	0.23624595469255663	23580	23662
T23599G(S:N679K) C23604A(S:P681H)	54	626	0.08626198083067092	23593	23664
A24424T(S:Q954H) T24469A(S:N969K)	40	86	0.46511627906976744	24406	24488
C25416T(ORF3a:F8F)	36	59	0.6101694915254238	25384	25451
(23486,1)(S:DEL643) C23525T(S:H655Y) T23599G(S:N679K) C23604A(S:P681H)	32	221	0.14479638009049775	23471	23607
C23525T(S:H655Y)	29	334	0.08682634730538923	23485	23539
T23487G C23525T(S:H655Y) T23599G(S:N679K) C23604A(S:P681H)	26	223	0.11659192825112108	23486	23645
T23487G C23525T(S:H655Y) G23587T(S:Q675H) T23599G(S:N679K) C23604A(S:P681H)	25	223	0.11210762331838565	23486	23607
A24424T(S:Q954H)	25	88	0.2840909090909091	24406	24487
(25262,1)(S:DEL1235)	25	67	0.373134328358209	25252	25263
C23525T(S:H655Y) G23587T(S:Q675H) T23599G(S:N679K) C23604A(S:P681H)	23	272	0.08455882352941177	23507	23604
C23525T(S:H655Y) T23599G(S:N679K) C23604A(S:P681H)	23	272	0.08455882352941177	23505	23640
(23486,1)(S:DEL643) C23525T(S:H655Y) G23587T(S:Q675H) T23599G(S:N679K) C23604A(S:P681H)	20	221	0.09049773755656108	23477	23607
(23334,1)(S:DEL592)	20	121	0.1652892561983471	23322	23336
A23403G(S:D614G)	20	154	0.12987012987012986	23339	23405
C23854A(S:N764K)	11	139	0.07913669064748201	23765	23867
(23334,1)(S:DEL592) A23403G(S:D614G)	11	91	0.12087912087912088	23322	23408
T24469A(S:N969K)	10	117	0.08547008547008547	24464	24535
G22813T(S:K417N) T22882G(S:N440K) G22895C(S:V445P) T22896C(S:V445P) G22898A(S:G446S)	10	38	0.2631578947368421	22791	22898
