Covariants	Count	Max_count	Freq	Coverage_start	Coverage_end
T23599G(S:N679K) C23604A(S:P681H)	344	1014	0.33925049309664695	23580	23645
T23599G(S:N679K) C23604A(S:P681H) C23664T(S:A701V)	127	714	0.17787114845938376	23579	23665
A24424T(S:Q954H) T24469A(S:N969K)	108	178	0.6067415730337079	24413	24487
C23525T(S:H655Y) T23599G(S:N679K) C23604A(S:P681H)	92	268	0.34328358208955223	23504	23607
T24469A(S:N969K)	84	359	0.233983286908078	24464	24535
(25262,1)(S:DEL1235)	60	132	0.45454545454545453	25248	25263
(23486,1)(S:DEL643) C23525T(S:H655Y) T23599G(S:N679K) C23604A(S:P681H)	51	238	0.21428571428571427	23471	23643
C25416T(ORF3a:F8F)	47	72	0.6527777777777778	25385	25438
A23403G(S:D614G)	39	211	0.1848341232227488	23345	23405
C23525T(S:H655Y)	25	353	0.0708215297450425	23485	23551
A24424T(S:Q954H)	25	181	0.13812154696132597	24406	24487
G22813T(S:K417N) T22882G(S:N440K) G22895C(S:V445P) T22896C(S:V445P) G22898A(S:G446S)	24	62	0.3870967741935484	22809	22898
G22317T(S:G252V)	19	28	0.6785714285714286	22242	22330
T23487G C23525T(S:H655Y) T23599G(S:N679K) C23604A(S:P681H)	18	240	0.075	23486	23607
C23854A(S:N764K)	16	82	0.1951219512195122	23765	23860
(23334,1)(S:DEL592)	14	186	0.07526881720430108	23322	23366
C25000T(S:D1146D)	13	57	0.22807017543859648	24984	25007
T23599G(S:N679K) C23604A(S:P681H) C23673T(S:S704L)	10	636	0.015723270440251572	23579	23683
