Covariants	Count	Max_count	Freq	Coverage_start	Coverage_end
T23599G(S:N679K) C23604A(S:P681H)	53	158	0.33544303797468356	23581	23659
A24424T(S:Q954H) T24469A(S:N969K)	28	42	0.6666666666666666	24406	24487
C23525T(S:H655Y) T23599G(S:N679K) C23604A(S:P681H)	22	57	0.38596491228070173	23485	23631
C25416T(ORF3a:F8F) A25470C(ORF3a:S26S)	12	42	0.2857142857142857	25381	25472
G22317T(S:G252V)	10	13	0.7692307692307693	22242	22322
