Covariants	Count	Max_count	Freq	Coverage_start	Coverage_end
C23525T(S:H655Y) T23599G(S:N679K) C23604A(S:P681H)	51	152	0.3355263157894737	23505	23607
T23599G(S:N679K) C23604A(S:P681H)	48	248	0.1935483870967742	23579	23666
T23487G C23525T(S:H655Y) T23599G(S:N679K) C23604A(S:P681H)	44	121	0.36363636363636365	23486	23643
A24424T(S:Q954H) T24469A(S:N969K)	25	33	0.7575757575757576	24410	24488
(23486,1)(S:DEL643) C23525T(S:H655Y) T23599G(S:N679K) C23604A(S:P681H)	11	121	0.09090909090909091	23471	23645
