Covariants	Count	Max_count	Freq	Coverage_start	Coverage_end
T23599G(S:N679K) C23604A(S:P681H)	76	158	0.4810126582278481	23593	23662
A24424T(S:Q954H) T24469A(S:N969K)	39	65	0.6	24406	24488
G22317T(S:G252V)	13	24	0.5416666666666666	22242	22331
A24424T(S:Q954H)	13	66	0.19696969696969696	24406	24488
