Covariants	Count	Max_count	Freq	Coverage_start	Coverage_end
T23599G(S:N679K) C23604A(S:P681H)	236	878	0.26879271070615035	23582	23662
A24424T(S:Q954H) T24469A(S:N969K)	185	308	0.6006493506493507	24416	24487
C23525T(S:H655Y) T23599G(S:N679K) C23604A(S:P681H)	122	316	0.3860759493670886	23505	23605
T23599G(S:N679K) C23604A(S:P681H) C23664T(S:A701V)	79	500	0.158	23579	23666
C25416T(ORF3a:F8F)	70	137	0.5109489051094891	25381	25446
(25262,1)(S:DEL1235)	56	166	0.3373493975903614	25249	25295
A24424T(S:Q954H)	42	324	0.12962962962962962	24413	24430
T24469A(S:N969K)	41	412	0.09951456310679611	24464	24537
C25000T(S:D1146D)	40	120	0.3333333333333333	24992	25064
(23486,1)(S:DEL643) C23525T(S:H655Y) T23599G(S:N679K) C23604A(S:P681H)	37	257	0.14396887159533073	23471	23645
A23403G(S:D614G)	32	311	0.10289389067524116	23345	23412
(23334,1)(S:DEL592)	27	222	0.12162162162162163	23322	23336
T23075C(S:Y505H)	25	38	0.6578947368421053	23074	23156
G22813T(S:K417N) T22882G(S:N440K) G22895C(S:V445P) T22896C(S:V445P) G22898A(S:G446S)	25	89	0.2808988764044944	22801	22898
G22317T(S:G252V)	24	43	0.5581395348837209	22258	22324
C23525T(S:H655Y)	23	489	0.04703476482617587	23485	23540
G22813T(S:K417N) T22882G(S:N440K) G22895C(S:V445P) T22896C(S:V445P)	20	115	0.17391304347826086	22791	22896
G22813T(S:K417N) T22882G(S:N440K)	19	137	0.1386861313868613	22791	22882
(23334,1)(S:DEL592) A23403G(S:D614G)	18	165	0.10909090909090909	23331	23407
T22200A(S:V213E)	16	25	0.64	22117	22200
(24253,1)(S:DEL898)	15	178	0.08426966292134831	24226	24265
T23487G C23525T(S:H655Y) T23599G(S:N679K) C23604A(S:P681H)	14	258	0.05426356589147287	23486	23645
C23854A(S:N764K)	14	131	0.10687022900763359	23775	23867
T23599G(S:N679K) C23604A(S:P681H) (23641,1)(S:DEL694) C23664T(S:A701V)	14	500	0.028	23579	23666
T23599G(S:N679K) C23604A(S:P681H) (23666,'A')(S:INS703)	11	500	0.022	23579	23666
T23335C	10	224	0.044642857142857144	23334	23421
