Covariants	Count	Max_count	Freq	Coverage_start	Coverage_end
C22109G(S:Q183E)	37	38	0.9736842105263158	22077	22112
A22101T(S:E180V)	18	65	0.27692307692307694	22064	22103
