Covariants	Count	Max_count	Freq	Coverage_start	Coverage_end
T23599G(S:N679K) C23604A(S:P681H)	196	584	0.3356164383561644	23591	23664
A24424T(S:Q954H) T24469A(S:N969K)	118	202	0.5841584158415841	24414	24488
C23525T(S:H655Y) T23599G(S:N679K) C23604A(S:P681H)	74	198	0.37373737373737376	23485	23607
C25416T(ORF3a:F8F)	58	103	0.5631067961165048	25381	25453
G22813T(S:K417N) T22882G(S:N440K) G22895C(S:V445P) T22896C(S:V445P) G22898A(S:G446S)	36	76	0.47368421052631576	22791	22898
A24424T(S:Q954H)	32	211	0.15165876777251186	24406	24425
T24469A(S:N969K)	26	286	0.09090909090909091	24464	24593
C23854A(S:N764K)	26	163	0.15950920245398773	23765	23866
(25262,1)(S:DEL1235)	23	92	0.25	25248	25295
C25000T(S:D1146D)	21	73	0.2876712328767123	24984	25069
(23334,1)(S:DEL592)	20	153	0.13071895424836602	23322	23336
(23486,1)(S:DEL643) C23525T(S:H655Y) T23599G(S:N679K) C23604A(S:P681H)	17	154	0.11038961038961038	23471	23638
A23403G(S:D614G)	16	263	0.060836501901140684	23386	23425
T23487G C23525T(S:H655Y) T23599G(S:N679K) C23604A(S:P681H)	15	156	0.09615384615384616	23486	23607
(24981,1)(S:DEL1141) C25000T(S:D1146D)	14	52	0.2692307692307692	24849	25002
T23599G(S:N679K) C23604A(S:P681H) C23683T(S:Y707Y)	12	306	0.0392156862745098	23579	23708
T23599G(S:N679K) C23604A(S:P681H) C23664T(S:A701V)	12	340	0.03529411764705882	23579	23696
A23403G(S:D614G) T23449C(S:L629L) C23525T(S:H655Y)	11	128	0.0859375	23333	23540
G22813T(S:K417N) T22882G(S:N440K) G22895C(S:V445P) T22896C(S:V445P) G22898A(S:G446S) T22942G(S:N460K)	11	34	0.3235294117647059	22791	22944
G22317T(S:G252V)	11	29	0.3793103448275862	22242	22363
