Covariants	Count	Max_count	Freq	Coverage_start	Coverage_end
T23599G(S:N679K) C23604A(S:P681H)	46	189	0.24338624338624337	23580	23664
A24424T(S:Q954H) T24469A(S:N969K)	20	38	0.5263157894736842	24406	24488
(23486,1)(S:DEL643) C23525T(S:H655Y) T23599G(S:N679K) C23604A(S:P681H)	19	71	0.2676056338028169	23477	23645
T23487G C23525T(S:H655Y) T23599G(S:N679K) C23604A(S:P681H)	18	72	0.25	23486	23645
(23334,1)(S:DEL592)	17	61	0.2786885245901639	23268	23352
C23525T(S:H655Y) T23599G(S:N679K) C23604A(S:P681H)	14	96	0.14583333333333334	23501	23607
A24424T(S:Q954H)	13	39	0.3333333333333333	24416	24488
G22317T(S:G252V)	10	16	0.625	22246	22331
C25416T(ORF3a:F8F)	10	24	0.4166666666666667	25381	25451
