Covariants	Count	Max_count	Freq	Coverage_start	Coverage_end
C25416T(ORF3a:F8F)	222	277	0.8014440433212996	25381	25434
G22317T(S:G252V)	188	302	0.6225165562913907	22258	22342
T21810C(S:V83A)	80	203	0.39408866995073893	21780	21890
G21718T(S:Q52H) T21810C(S:V83A)	57	166	0.3433734939759036	21674	21900
C22664A(S:L368I) C22674T(S:S371F) T22679C(S:S373P) C22686T(S:S375F) A22688G(S:T376A) G22775A(S:D405N)	56	57	0.9824561403508771	22657	22781
C25000T(S:D1146D)	46	66	0.696969696969697	24926	25076
C23525T(S:H655Y) G23562A	46	56	0.8214285714285714	23411	23562
G21987A(S:G142D) (21990,3)(S:DEL144) C22000A(S:H146Q)	44	60	0.7333333333333333	21949	22098
A23403G(S:D614G)	42	63	0.6666666666666666	23325	23444
T22200A(S:V213E) G22317T(S:G252V)	39	48	0.8125	22129	22347
T22200A(S:V213E)	30	79	0.379746835443038	22129	22243
A22320G(S:D253G)	27	302	0.08940397350993377	22207	22347
T23385A	25	90	0.2777777777777778	23250	23385
A24424T(S:Q954H) T24469A(S:N969K)	24	45	0.5333333333333333	24388	24537
T22882G(S:N440K) G22895C(S:V445P) T22896C(S:V445P) G22898A(S:G446S) T22930A(S:F456L) T22942G(S:N460K) G22988A(S:G476S) G22992A(S:S477N) C22995A(S:T478K) A23013C(S:E484A) T23018C(S:F486P) T23019C(S:F486P) T23031C(S:F490S) A23055G(S:Q498R) A23063T(S:N501Y) T23075C(S:Y505H)	17	63	0.2698412698412698	22850	23097
T21810C(S:V83A) (21814,1)(S:DEL85)	16	203	0.07881773399014778	21765	21900
T22882G(S:N440K) G22895C(S:V445P) T22896C(S:V445P) G22898A(S:G446S) T22930A(S:F456L) T22942G(S:N460K) G22992A(S:S477N) C22995A(S:T478K) A23013C(S:E484A) T23018C(S:F486P) T23019C(S:F486P) T23031C(S:F490S) A23055G(S:Q498R) A23063T(S:N501Y) T23075C(S:Y505H)	15	63	0.23809523809523808	22850	23097
C23525T(S:H655Y)	15	84	0.17857142857142858	23469	23561
C22664A(S:L368I) C22674T(S:S371F) T22679C(S:S373P) C22686T(S:S375F) A22688G(S:T376A)	15	76	0.19736842105263158	22589	22736
C23854A(S:N764K)	13	18	0.7222222222222222	23690	23910
G21718T(S:Q52H)	12	172	0.06976744186046512	21673	21817
C25416T(ORF3a:F8F) (25433,2)(ORF3a:DEL15)	12	242	0.049586776859504134	25377	25527
A24388T A24424T(S:Q954H) T24469A(S:N969K) A24539G	11	37	0.2972972972972973	24387	24539
A23403G(S:D614G) C23525T(S:H655Y)	10	20	0.5	23325	23561
T22882G(S:N440K) G22895C(S:V445P) T22896C(S:V445P) G22898A(S:G446S) T22942G(S:N460K) G22992A(S:S477N) C22995G(S:T478R) A23013C(S:E484A) T23018C(S:F486P) T23019C(S:F486P) T23031C(S:F490S) A23055G(S:Q498R) A23063T(S:N501Y) T23075C(S:Y505H)	10	63	0.15873015873015872	22850	23097
