Covariants	Count	Max_count	Freq	Coverage_start	Coverage_end
A24424T(S:Q954H) T24469A(S:N969K)	259	488	0.5307377049180327	24407	24486
T23487G(S:V642G) C23525T(S:H655Y) T23599G(S:N679K) C23604A(S:P681H)	115	315	0.36507936507936506	23486	23606
(23334,1)(S:DEL592)	105	235	0.44680851063829785	23278	23336
A24424T(S:Q954H)	87	488	0.17827868852459017	24415	24488
C23525T(S:H655Y) T23599G(S:N679K) C23604A(S:P681H)	66	347	0.19020172910662825	23509	23607
(23486,1)(S:DEL643) C23525T(S:H655Y) T23599G(S:N679K) C23604A(S:P681H)	38	310	0.12258064516129032	23471	23607
C25416T(ORF3a:F8F)	33	92	0.358695652173913	25371	25440
(25191,1)(S:DEL1211)	28	162	0.1728395061728395	25119	25192
(24253,1)(S:DEL898)	22	61	0.36065573770491804	24144	24262
G22813T(S:K417N) T22882G(S:N440K)	21	56	0.375	22791	22886
A23403G(S:D614G)	16	272	0.058823529411764705	23268	23444
G22317T(S:G252V)	16	20	0.8	22242	22330
(23816,1)(S:DEL753)	15	229	0.06550218340611354	23681	23819
(25262,1)(S:DEL1235)	14	52	0.2692307692307692	25248	25295
C24422T(S:Q954Y) A24424T(S:Q954Y) T24469A(S:N969K)	13	488	0.02663934426229508	24406	24488
(23334,1)(S:DEL592) A23403G(S:D614G)	13	100	0.13	23268	23403
C24422T(S:Q954Y) A24424T(S:Q954Y)	11	488	0.022540983606557378	24406	24488
A24424T(S:Q954H) T24469A(S:N969K) T24471C(S:F970S)	11	488	0.022540983606557378	24406	24488
