Covariants	Count	Max_count	Freq	Coverage_start	Coverage_end
G22317T(S:G252V)	324	417	0.7769784172661871	22253	22320
C25416T(ORF3a:F8F)	295	322	0.9161490683229814	25381	25434
T21810C(S:V83A)	143	200	0.715	21768	21817
C23525T(S:H655Y) G23562A	75	79	0.9493670886075949	23411	23562
A23403G(S:D614G)	60	85	0.7058823529411765	23358	23468
T23385A	52	153	0.33986928104575165	23250	23385
C23601T T23752A(S:S730S)	27	111	0.24324324324324326	23600	23752
T22882G(S:N440K) G22895C(S:V445P) T22896C(S:V445P) G22898A(S:G446S) T22942G(S:N460K) G22992A(S:S477N) C22995A(S:T478K) A23013C(S:E484A) T23018C(S:F486P) T23019C(S:F486P) T23031C(S:F490S) A23055G(S:Q498R) A23063T(S:N501Y) T23075C(S:Y505H)	24	29	0.8275862068965517	22850	23097
C23525T(S:H655Y)	24	122	0.19672131147540983	23411	23561
(22251,1)(S:DEL231) C22314A(S:P251H) G22317T(S:G252V)	19	410	0.046341463414634146	22207	22347
C22314A(S:P251H) G22317T(S:G252V)	19	417	0.045563549160671464	22207	22347
C22664A(S:L368I) C22674T(S:S371F) T22679C(S:S373P) C22686T(S:S375F) A22688G(S:T376A) G22775A(S:D405N)	19	24	0.7916666666666666	22589	22781
A24652T	19	183	0.10382513661202186	24651	24802
G21987A(S:G142D) (21990,3)(S:DEL144) C22000A(S:H146Q)	17	19	0.8947368421052632	21949	22098
C25000T(S:D1146D)	17	27	0.6296296296296297	24926	25062
A23403G(S:D614G) C23525T(S:H655Y)	16	17	0.9411764705882353	23325	23561
A24388T A24424T(S:Q954H) T24469A(S:N969K) A24539G	14	28	0.5	24387	24539
T22200A(S:V213E) G22317T(S:G252V)	11	17	0.6470588235294118	22129	22347
A24424T(S:Q954H) T24469A(S:N969K)	11	32	0.34375	24388	24537
