Covariants	Count	Max_count	Freq	Coverage_start	Coverage_end
A24424T(S:Q954H) T24469A(S:N969K)	28	48	0.5833333333333334	24416	24488
C23525T(S:H655Y) T23599G(S:N679K) C23604A(S:P681H)	15	39	0.38461538461538464	23491	23607
T23599G(S:N679K) C23604A(S:P681H)	15	63	0.23809523809523808	23580	23668
(23334,1)(S:DEL592)	10	40	0.25	23268	23351
