Covariants	Count	Max_count	Freq	Coverage_start	Coverage_end
C25416T(ORF3a:F8F)	56	164	0.34146341463414637	25381	25434
C23525T(S:H655Y) G23562A	37	44	0.8409090909090909	23411	23562
T24706C(S:H1048H)	37	67	0.5522388059701493	24652	24802
G22317T(S:G252V)	35	134	0.26119402985074625	22207	22347
C25000T(S:D1146D)	25	28	0.8928571428571429	24926	25076
A23403G(S:D614G)	24	60	0.4	23325	23468
(21764,6)(S:DEL69/70)	19	29	0.6551724137931034	21674	21817
A22305C(S:Y248S) G22309C(S:L249F)	18	127	0.14173228346456693	22207	22347
T22200A(S:V213E) G22317T(S:G252V)	16	31	0.5161290322580645	22129	22347
G23270C(S:A570P) A23403G(S:D614G)	16	36	0.4444444444444444	23250	23468
T22882G(S:N440K) G22895C(S:V445P) T22896C(S:V445P) G22898A(S:G446S) (22939,1)(S:DEL460) G22992A(S:S477N) C22995A(S:T478K) A23013C(S:E484A) T23018C(S:F486P) T23019C(S:F486P) T23031C(S:F490S) A23055G(S:Q498R) A23063T(S:N501Y) T23075C(S:Y505H)	13	43	0.3023255813953488	22850	23097
T22882G(S:N440K) G22895C(S:V445P) T22896C(S:V445P) G22898A(S:G446S) T22942G(S:N460K) G22992A(S:S477N) C22995A(S:T478K) A23013C(S:E484A) T23018C(S:F486P) T23019C(S:F486P) T23031C(S:F490S) A23055G(S:Q498R) A23063T(S:N501Y) T23075C(S:Y505H)	13	43	0.3023255813953488	22850	23097
T22200G(S:V213G)	12	33	0.36363636363636365	22129	22243
A23403G(S:D614G) C23525T(S:H655Y)	10	17	0.5882352941176471	23325	23561
(25382,1)(S:DEL1275)	10	165	0.06060606060606061	25377	25518
