Covariants	Count	Max_count	Freq	Coverage_start	Coverage_end
C21618T(S:T19I) (21632,9)(S:DEL25/27)	2779	3129	0.8881431767337807	21591	21651
(21764,6)(S:DEL69/70)	1370	1388	0.9870317002881844	21756	21779
C21618T(S:T19I) (21632,9)(S:DEL25/27) T21669C(S:V36A)	271	1568	0.17283163265306123	21591	21669
(21632,9)(S:DEL25/27)	27	3129	0.00862895493767977	21591	21654
