Covariants	Count	Max_count	Freq	Coverage_start	Coverage_end
T21810C(S:V83A)	28	34	0.8235294117647058	21765	21822
C25000T(S:D1146D)	17	18	0.9444444444444444	24926	25076
G22317T(S:G252V)	14	29	0.4827586206896552	22207	22347
C25416T(ORF3a:F8F)	14	23	0.6086956521739131	25381	25434
C23525T(S:H655Y) G23562A	13	19	0.6842105263157895	23411	23562
T22200A(S:V213E) G22317T(S:G252V)	11	13	0.8461538461538461	22129	22347
