Covariants	Count	Max_count	Freq	Coverage_start	Coverage_end
G22317T(S:G252V)	29	33	0.8787878787878788	22207	22347
C25416T(ORF3a:F8F)	19	23	0.8260869565217391	25377	25434
C23525T(S:H655Y) G23562A	16	16	1.0	23410	23562
T21810C(S:V83A)	12	21	0.5714285714285714	21765	21900
