Covariants	Count	Max_count	Freq	Coverage_start	Coverage_end
T23599G(S:N679K) C23604A(S:P681H)	597	860	0.6941860465116279	23597	23662
T24469A(S:N969K)	308	581	0.5301204819277109	24464	24535
C25000T(S:D1146D)	64	96	0.6666666666666666	24992	25068
(25262,1)(S:DEL1235)	59	98	0.6020408163265306	25252	25329
C25416T(ORF3a:F8F)	46	120	0.38333333333333336	25381	25462
T22200A(S:V213E)	27	42	0.6428571428571429	22117	22200
A23403G(S:D614G) C23525T(S:H655Y)	27	136	0.19852941176470587	23333	23532
T23075C(S:Y505H)	26	39	0.6666666666666666	23074	23154
C21855T(S:S98F)	24	190	0.12631578947368421	21842	21930
G21987A(S:G142D) (21990,3)(S:DEL144) C22000A(S:H146Q)	12	335	0.03582089552238806	21842	22001
T25119G T25123C(S:N1187N) G25124C(S:E1188L) A25125T(S:E1188L) G25127A(S:V1189N) T25128A(S:V1189N) G25130T(S:A1190*) C25131A(S:A1190*) C25132G(S:A1190*) A25134T(S:K1191I) G25135T(S:K1191I) A25136C(S:N1192H) T25140C(S:L1193S) A25143G(S:N1194R) T25144G(S:N1194R) G25145A(S:E1195R) A25146G(S:E1195R) A25147G(S:E1195R) T25148A(S:S1196S) C25149G(S:S1196S) C25151T(S:L1197*) T25152A(S:L1197*) C25153G(S:L1197*) C25156A(S:I1198I) G25157A(S:D1199N) C25160A(S:L1200I) C25162T(S:L1200I) C25163T(S:Q1201L) A25164T(S:Q1201L) G25166A(S:E1202R) A25167G(S:E1202R) C25169A(S:L1203I) T25171C(S:L1203I) G25172A(S:G1204I) G25173T(S:G1204I) A25175C(S:K1205H) G25177T(S:K1205H) T25178C(S:Y1206H) T25180C(S:Y1206H) G25181C(S:E1207Q) C25184A(S:Q1208M) A25185T(S:Q1208M) A25188T(S:Y1209L) T25189G(S:Y1209L) A25192T(S:I1210I) A25193T(S:K1211*) A25195G(S:K1211*) T25196G(S:W1212V) G25197T(S:W1212V) C25199A(S:P1213T) G25203C(S:W1214S) G25204T(S:W1214S) T25205C(S:Y1215L) A25206T(S:Y1215L) C25207G(S:Y1215L) A25208G(S:I1216A) T25209C(S:I1216A) T25210A(S:I1216A) G25212T(S:W1217L) G25213A(S:W1217L) C25214A	10	161	0.062111801242236024	25118	25214
