Covariants	Count	Max_count	Freq	Coverage_start	Coverage_end
G22317T(S:G252V)	79	116	0.6810344827586207	22207	22347
C25416T(ORF3a:F8F)	61	84	0.7261904761904762	25377	25434
C23525T(S:H655Y) G23562A	56	59	0.9491525423728814	23411	23562
T21810C(S:V83A)	27	54	0.5	21767	21900
T23385A	10	32	0.3125	23250	23385
