Covariants	Count	Max_count	Freq	Coverage_start	Coverage_end
T23599G(S:N679K) C23604A(S:P681H)	68	142	0.4788732394366197	23579	23661
T24469A(S:N969K)	15	41	0.36585365853658536	24464	24545
C23525T(S:H655Y) T23599G(S:N679K) C23604A(S:P681H)	12	29	0.41379310344827586	23485	23605
