Covariants	Count	Max_count	Freq	Coverage_start	Coverage_end
(21764,6)(S:DEL69/70)	1508	1528	0.9869109947643979	21756	21779
C21618T(S:T19I) (21632,9)(S:DEL25/27)	982	1015	0.967487684729064	21591	21652
(21632,9)(S:DEL25/27)	11	1015	0.01083743842364532	21591	21661
