Covariants	Count	Max_count	Freq	Coverage_start	Coverage_end
A23403G(S:D614G)	44	145	0.30344827586206896	23402	23403
T21771C(S:V70A)	13	227	0.05726872246696035	21741	21773
