Covariants	Count	Max_count	Freq	Coverage_start	Coverage_end
T23599G(S:N679K) C23604A(S:P681H)	214	534	0.40074906367041196	23596	23663
A24424T(S:Q954H) T24469A(S:N969K)	65	107	0.6074766355140186	24415	24487
C23525T(S:H655Y) T23599G(S:N679K) C23604A(S:P681H)	55	170	0.3235294117647059	23501	23607
T24469A(S:N969K)	32	172	0.18604651162790697	24464	24544
(25262,1)(S:DEL1235)	27	74	0.36486486486486486	25248	25295
T23487G C23525T(S:H655Y) T23599G(S:N679K) C23604A(S:P681H)	26	145	0.1793103448275862	23486	23607
(23486,1)(S:DEL643) C23525T(S:H655Y) T23599G(S:N679K) C23604A(S:P681H)	24	141	0.1702127659574468	23471	23607
T23599G(S:N679K) C23604A(S:P681H) C23664T(S:A701V)	18	325	0.055384615384615386	23579	23666
A24424T(S:Q954H)	16	109	0.14678899082568808	24406	24488
C23854A(S:N764K)	13	126	0.10317460317460317	23765	23867
C25416T(ORF3a:F8F)	13	26	0.5	25381	25453
