Covariants	Count	Max_count	Freq	Coverage_start	Coverage_end
C23664T(S:A701V)	877	909	0.9647964796479648	23663	23675
G22813T(S:K417N)	30	36	0.8333333333333334	22810	22879
G23012A(S:E484K)	13	22	0.5909090909090909	22962	23016
