Covariants	Count	Max_count	Freq	Coverage_start	Coverage_end
C22109G(S:Q183E)	60	73	0.821917808219178	22082	22112
T22942G(S:N460K)	17	30	0.5666666666666667	22940	22946
A22101T(S:E180V)	14	134	0.1044776119402985	22064	22103
