Covariants	Count	Max_count	Freq	Coverage_start	Coverage_end
T23599G(S:N679K) C23604A(S:P681H)	685	2391	0.2864910079464659	23581	23654
A24424T(S:Q954H) T24469A(S:N969K)	323	523	0.6175908221797323	24416	24478
T23599G(S:N679K) C23604A(S:P681H) C23673T(S:S704L)	290	1515	0.19141914191419143	23579	23678
C23525T(S:H655Y) T23599G(S:N679K) C23604A(S:P681H)	204	610	0.3344262295081967	23505	23607
T23599G(S:N679K) C23604A(S:P681H) C23664T(S:A701V)	176	1692	0.10401891252955082	23580	23664
T24469A(S:N969K)	149	840	0.1773809523809524	24464	24535
(23486,1)(S:DEL643) C23525T(S:H655Y) T23599G(S:N679K) C23604A(S:P681H)	123	530	0.2320754716981132	23471	23607
C25416T(ORF3a:F8F)	113	205	0.551219512195122	25381	25446
(25262,1)(S:DEL1235)	101	297	0.3400673400673401	25248	25263
A24424T(S:Q954H)	74	531	0.1393596986817326	24406	24486
C25000T(S:D1146D)	70	125	0.56	24992	25007
C23525T(S:H655Y)	64	835	0.07664670658682635	23485	23526
T23487G C23525T(S:H655Y) T23599G(S:N679K) C23604A(S:P681H)	61	533	0.11444652908067542	23486	23607
A23403G(S:D614G)	60	499	0.12024048096192384	23351	23407
G22813T(S:K417N) T22882G(S:N440K) G22895C(S:V445P) T22896C(S:V445P) G22898A(S:G446S)	45	146	0.3082191780821918	22796	22898
C23854A(S:N764K)	38	227	0.16740088105726872	23765	23858
T22200A(S:V213E)	27	37	0.7297297297297297	22131	22201
G22317T(S:G252V)	27	47	0.574468085106383	22242	22322
(23334,1)(S:DEL592) A23403G(S:D614G)	19	310	0.06129032258064516	23322	23406
(23334,1)(S:DEL592)	18	378	0.047619047619047616	23322	23349
T23335C A23403G(S:D614G)	14	311	0.04501607717041801	23334	23425
G22813T(S:K417N) T22882G(S:N440K) G22895C(S:V445P) T22896C(S:V445P)	12	162	0.07407407407407407	22791	22897
G22813T(S:K417N) T22882G(S:N440K) G22895C G22898A(S:G446S)	12	146	0.0821917808219178	22791	22898
T23599G(S:N679K) C23604A(S:P681H) C23606T(S:R682W)	10	2391	0.004182350480970306	23579	23666
C23277T(S:T572I) (23334,1)(S:DEL592)	10	176	0.056818181818181816	23268	23336
T23335C	10	379	0.026385224274406333	23334	23420
A23403G(S:D614G) C23525T(S:H655Y)	10	119	0.08403361344537816	23333	23529
G22813T(S:K417N) T22882G(S:N440K)	10	177	0.05649717514124294	22808	22885
