Covariants	Count	Max_count	Freq	Coverage_start	Coverage_end
T23599G(S:N679K) C23604A(S:P681H)	38	149	0.2550335570469799	23593	23666
A24424T(S:Q954H) T24469A(S:N969K)	37	64	0.578125	24410	24488
C23525T(S:H655Y) T23599G(S:N679K) C23604A(S:P681H)	21	67	0.31343283582089554	23505	23607
C25416T(ORF3a:F8F)	15	33	0.45454545454545453	25381	25452
T24469A(S:N969K)	14	96	0.14583333333333334	24464	24541
T23487G C23525T(S:H655Y) T23599G(S:N679K) C23604A(S:P681H)	11	58	0.1896551724137931	23486	23637
