Covariants	Count	Max_count	Freq	Coverage_start	Coverage_end
C22109G(S:Q183E)	32	35	0.9142857142857143	22074	22112
A23403G(S:D614G)	14	25	0.56	23402	23404
T22942G(S:N460K)	11	21	0.5238095238095238	22935	22946
