Covariants	Count	Max_count	Freq	Coverage_start	Coverage_end
A24424T(S:Q954H) T24469A(S:N969K)	23	56	0.4107142857142857	24410	24488
T23599G(S:N679K) C23604A(S:P681H)	20	79	0.25316455696202533	23580	23645
A24424T(S:Q954H)	14	56	0.25	24406	24488
C23525T(S:H655Y) T23599G(S:N679K) C23604A(S:P681H)	11	42	0.2619047619047619	23505	23607
