Covariants	Count	Max_count	Freq	Coverage_start	Coverage_end
T23599G(S:N679K) C23604A(S:P681H)	408	1155	0.35324675324675325	23580	23645
A24424T(S:Q954H) T24469A(S:N969K)	231	385	0.6	24421	24488
C23525T(S:H655Y) T23599G(S:N679K) C23604A(S:P681H)	117	409	0.2860635696821516	23520	23607
(23486,1)(S:DEL643) C23525T(S:H655Y) T23599G(S:N679K) C23604A(S:P681H)	76	345	0.22028985507246376	23471	23607
C25416T(ORF3a:F8F)	74	153	0.48366013071895425	25381	25452
A24424T(S:Q954H)	58	398	0.1457286432160804	24413	24425
A23403G(S:D614G)	53	511	0.10371819960861056	23351	23426
C25000T(S:D1146D)	49	170	0.28823529411764703	24993	25069
G22317T(S:G252V)	49	87	0.5632183908045977	22242	22321
G22813T(S:K417N) T22882G(S:N440K) G22895C(S:V445P) T22896C(S:V445P) G22898A(S:G446S)	43	124	0.3467741935483871	22791	22898
T23599G(S:N679K) C23604A(S:P681H) C23683T(S:Y707Y)	43	613	0.0701468189233279	23579	23694
T23487G C23525T(S:H655Y) T23599G(S:N679K) C23604A(S:P681H)	40	347	0.11527377521613832	23486	23645
T24469A(S:N969K)	37	520	0.07115384615384615	24464	24541
(23334,1)(S:DEL592)	37	349	0.10601719197707736	23322	23336
C23854A(S:N764K)	36	278	0.12949640287769784	23775	23858
(23334,1)(S:DEL592) A23403G(S:D614G)	29	300	0.09666666666666666	23322	23405
(25262,1)(S:DEL1235)	26	172	0.1511627906976744	25248	25275
T23599G(S:N679K) C23604A(S:P681H) C23664T(S:A701V)	26	681	0.0381791483113069	23579	23666
C23525T(S:H655Y)	24	636	0.03773584905660377	23487	23553
A23403G(S:D614G) C23525T(S:H655Y)	17	146	0.11643835616438356	23351	23532
G22813T(S:K417N) T22882G(S:N440K) G22895C(S:V445P) T22896C(S:V445P)	14	147	0.09523809523809523	22791	22896
T22200A(S:V213E)	14	29	0.4827586206896552	22117	22208
(24253,1)(S:DEL898)	14	169	0.08284023668639054	24217	24261
(25262,2)(S:DEL1235)	12	172	0.06976744186046512	25119	25274
G22813T(S:K417N) T22882G(S:N440K) G22895C(S:V445P) T22896C(S:V445P) G22898A(S:G446S) T22930A(S:F456L) T22942G(S:N460K)	11	67	0.16417910447761194	22791	22944
G22813T(S:K417N) T22882G(S:N440K) G22895C(S:V445P) T22896C(S:V445P) G22898A(S:G446S) T22942G(S:N460K)	11	67	0.16417910447761194	22791	22942
(24981,1)(S:DEL1141) C25000T(S:D1146D)	11	99	0.1111111111111111	24849	25007
A23403G(S:D614G) (23486,1)(S:DEL643) C23525T(S:H655Y)	11	146	0.07534246575342465	23333	23540
(24320,1)(S:DEL921)	11	153	0.0718954248366013	24217	24321
