Covariants	Count	Max_count	Freq	Coverage_start	Coverage_end
A23403G(S:D614G)	71	206	0.3446601941747573	23402	23404
C22109G(S:Q183E)	14	46	0.30434782608695654	22108	22114
