Covariants	Count	Max_count	Freq	Coverage_start	Coverage_end
T23599G(S:N679K) C23604A(S:P681H)	35	138	0.2536231884057971	23579	23666
T23599G(S:N679K) C23604A(S:P681H) C23664T(S:A701V)	32	100	0.32	23580	23703
(25262,1)(S:DEL1235)	18	35	0.5142857142857142	25252	25295
A24424T(S:Q954H) T24469A(S:N969K)	14	20	0.7	24406	24488
C25416T(ORF3a:F8F)	14	23	0.6086956521739131	25381	25479
T24469A(S:N969K)	11	49	0.22448979591836735	24464	24569
T23599G(S:N679K) C23604A(S:P681H) (23641,1)(S:DEL694) C23664T(S:A701V)	10	100	0.1	23579	23666
