Covariants	Count	Max_count	Freq	Coverage_start	Coverage_end
T23599G(S:N679K) C23604A(S:P681H)	82	244	0.3360655737704918	23580	23659
A24424T(S:Q954H) T24469A(S:N969K)	40	61	0.6557377049180327	24406	24488
C23525T(S:H655Y) T23599G(S:N679K) C23604A(S:P681H)	35	102	0.3431372549019608	23501	23607
(23486,1)(S:DEL643) C23525T(S:H655Y) T23599G(S:N679K) C23604A(S:P681H)	24	84	0.2857142857142857	23471	23645
C25416T(ORF3a:F8F)	13	21	0.6190476190476191	25381	25470
A23403G(S:D614G)	12	86	0.13953488372093023	23339	23405
T23487G C23525T(S:H655Y) T23599G(S:N679K) C23604A(S:P681H)	12	85	0.1411764705882353	23486	23645
A24424T(S:Q954H)	10	61	0.16393442622950818	24406	24487
