Covariants	Count	Max_count	Freq	Coverage_start	Coverage_end
C25416T(ORF3a:F8F)	50	57	0.8771929824561403	25377	25434
G22317T(S:G252V)	44	64	0.6875	22211	22339
T21810C(S:V83A)	20	30	0.6666666666666666	21802	21900
A23403G(S:D614G)	17	22	0.7727272727272727	23325	23467
T23385A	10	33	0.30303030303030304	23250	23385
