Covariants	Count	Max_count	Freq	Coverage_start	Coverage_end
A23403G(S:D614G)	43	51	0.8431372549019608	23364	23403
C21618T(S:T19I) (21632,9)(S:DEL25/27)	40	59	0.6779661016949152	21613	21654
T21810C(S:V83A)	26	58	0.4482758620689655	21794	21815
C23854A(S:N764K)	14	23	0.6086956521739131	23800	23854
C21618T(S:T19I) (21632,9)(S:DEL25/27) T21810C(S:V83A)	11	16	0.6875	21613	21812
