Covariants	Count	Max_count	Freq	Coverage_start	Coverage_end
T23599G(S:N679K) C23604A(S:P681H)	668	1287	0.519036519036519	23584	23663
A24424T(S:Q954H) T24469A(S:N969K)	90	163	0.5521472392638037	24406	24488
C23525T(S:H655Y) T23599G(S:N679K) C23604A(S:P681H)	75	234	0.32051282051282054	23511	23607
(23486,1)(S:DEL643) C23525T(S:H655Y) T23599G(S:N679K) C23604A(S:P681H)	58	196	0.29591836734693877	23471	23607
(25262,1)(S:DEL1235)	31	81	0.38271604938271603	25248	25263
C23525T(S:H655Y)	30	444	0.06756756756756757	23471	23531
A24424T(S:Q954H)	30	172	0.1744186046511628	24406	24488
C25416T(ORF3a:F8F)	28	68	0.4117647058823529	25381	25452
(23334,1)(S:DEL592) A23403G(S:D614G)	23	141	0.16312056737588654	23322	23410
A23403G(S:D614G)	22	241	0.0912863070539419	23351	23414
T24469A(S:N969K)	17	225	0.07555555555555556	24464	24553
(23334,1)(S:DEL592)	16	163	0.09815950920245399	23323	23352
A23403G(S:D614G) C23525T(S:H655Y)	16	130	0.12307692307692308	23351	23535
C25000T(S:D1146D)	14	60	0.23333333333333334	24998	25069
T22200A(S:V213E)	14	21	0.6666666666666666	22117	22214
T23487G C23525T(S:H655Y) T23599G(S:N679K) C23604A(S:P681H)	12	197	0.06091370558375635	23486	23645
C23854A(S:N764K)	11	211	0.052132701421800945	23765	23867
T23075C(S:Y505H)	11	25	0.44	23074	23156
