Covariants	Count	Max_count	Freq	Coverage_start	Coverage_end
A23403G(S:D614G)	78	253	0.308300395256917	23402	23404
C22109G(S:Q183E)	15	49	0.30612244897959184	22108	22111
