Covariants	Count	Max_count	Freq	Coverage_start	Coverage_end
A24424T(S:Q954H) T24469A(S:N969K)	62	90	0.6888888888888889	24413	24488
C23525T(S:H655Y) T23599G(S:N679K) C23604A(S:P681H)	35	120	0.2916666666666667	23505	23607
T23599G(S:N679K) C23604A(S:P681H)	30	222	0.13513513513513514	23579	23666
C25416T(ORF3a:F8F)	24	31	0.7741935483870968	25381	25438
T23599G(S:N679K) C23604A(S:P681H) C23664T(S:A701V)	22	85	0.25882352941176473	23579	23666
(23486,1)(S:DEL643) C23525T(S:H655Y) T23599G(S:N679K) C23604A(S:P681H)	17	106	0.16037735849056603	23471	23607
G22813T(S:K417N) T22882G(S:N440K) G22895C(S:V445P) T22896C(S:V445P) G22898A(S:G446S)	14	33	0.42424242424242425	22808	22898
(25262,1)(S:DEL1235)	14	49	0.2857142857142857	25248	25324
T24469A(S:N969K)	10	118	0.0847457627118644	24464	24565
