Covariants	Count	Max_count	Freq	Coverage_start	Coverage_end
T23599G(S:N679K) C23604A(S:P681H)	57	126	0.4523809523809524	23580	23666
C23525T(S:H655Y) T23599G(S:N679K) C23604A(S:P681H)	15	39	0.38461538461538464	23485	23645
A24424T(S:Q954H) T24469A(S:N969K)	15	28	0.5357142857142857	24406	24488
(25262,1)(S:DEL1235)	15	39	0.38461538461538464	25248	25289
C25416T(ORF3a:F8F)	15	26	0.5769230769230769	25385	25451
