Covariants	Count	Max_count	Freq	Coverage_start	Coverage_end
A23403G(S:D614G)	40	107	0.37383177570093457	23402	23404
G21718T(S:Q52H)	14	41	0.34146341463414637	21716	21723
