Covariants	Count	Max_count	Freq	Coverage_start	Coverage_end
T23599G(S:N679K) C23604A(S:P681H)	95	194	0.4896907216494845	23579	23666
C25416T(ORF3a:F8F)	95	174	0.5459770114942529	25381	25463
A24424T(S:Q954H) T24469A(S:N969K)	27	53	0.5094339622641509	24406	24488
T23599G(S:N679K) C23604A(S:P681H) G23675T(S:V705F)	25	140	0.17857142857142858	23597	23688
C25000T(S:D1146D)	23	42	0.5476190476190477	24992	25068
(25262,1)(S:DEL1235)	19	54	0.35185185185185186	25248	25323
A24424T(S:Q954H) T24469A(S:N969K) T24506C(S:S982P)	12	42	0.2857142857142857	24406	24541
A23403G(S:D614G) C23410T(S:N616N)	10	88	0.11363636363636363	23342	23425
