Covariants	Count	Max_count	Freq	Coverage_start	Coverage_end
C25000T(S:D1146D)	654	805	0.8124223602484472	24998	25000
C25416T(ORF3a:F8F)	140	145	0.9655172413793104	25385	25440
