Covariants	Count	Max_count	Freq	Coverage_start	Coverage_end
A23403G(S:D614G)	59	178	0.33146067415730335	23402	23403
C22109G(S:Q183E)	19	69	0.2753623188405797	22082	22113
G21718T(S:Q52H)	14	80	0.175	21716	21746
