Covariants	Count	Max_count	Freq	Coverage_start	Coverage_end
T23599G(S:N679K) C23604A(S:P681H)	175	346	0.5057803468208093	23580	23666
A24424T(S:Q954H) T24469A(S:N969K)	53	94	0.5638297872340425	24415	24478
C23525T(S:H655Y) T23599G(S:N679K) C23604A(S:P681H)	34	61	0.5573770491803278	23505	23606
C25416T(ORF3a:F8F)	30	50	0.6	25381	25452
T23599G(S:N679K) C23604A(S:P681H) C23673T(S:S704L)	29	250	0.116	23579	23678
T24469A(S:N969K)	17	148	0.11486486486486487	24464	24545
(25262,1)(S:DEL1235)	14	43	0.32558139534883723	25248	25264
A24424T(S:Q954H)	13	98	0.1326530612244898	24406	24438
