Covariants	Count	Max_count	Freq	Coverage_start	Coverage_end
C23525T(S:H655Y) T23599G(S:N679K) C23604A(S:P681H)	101	201	0.5024875621890548	23508	23604
A24424T(S:Q954H) T24469A(S:N969K)	92	177	0.519774011299435	24406	24488
T23599G(S:N679K) C23604A(S:P681H)	83	341	0.2434017595307918	23579	23662
C25416T(ORF3a:F8F)	51	96	0.53125	25371	25451
G22317T(S:G252V)	47	76	0.618421052631579	22242	22321
A24424T(S:Q954H)	45	181	0.24861878453038674	24406	24488
(23334,1)(S:DEL592)	44	258	0.17054263565891473	23322	23336
A23403G(S:D614G)	42	305	0.1377049180327869	23322	23405
C23854A(S:N764K)	32	184	0.17391304347826086	23681	23874
(25262,1)(S:DEL1235)	31	72	0.4305555555555556	25248	25295
G22813T(S:K417N) T22882G(S:N440K) G22895C(S:V445P) T22896C(S:V445P) G22898A(S:G446S) T22942G(S:N460K)	23	56	0.4107142857142857	22791	22968
(23334,1)(S:DEL592) A23403G(S:D614G)	22	199	0.11055276381909548	23322	23408
T23487G C23525T(S:H655Y) T23599G(S:N679K) C23604A(S:P681H)	18	182	0.0989010989010989	23486	23607
C25000T(S:D1146D)	15	69	0.21739130434782608	24984	25071
T24469A(S:N969K)	14	218	0.06422018348623854	24464	24545
C23525T(S:H655Y)	12	241	0.04979253112033195	23485	23551
G22813T(S:K417N) T22882G(S:N440K)	12	104	0.11538461538461539	22791	22886
G22813T(S:K417N) T22882G(S:N440K) G22895C(S:V445P) T22896C(S:V445P) G22898A(S:G446S)	12	80	0.15	22801	22898
(24253,1)(S:DEL898)	10	171	0.05847953216374269	24226	24262
