Covariants	Count	Max_count	Freq	Coverage_start	Coverage_end
T23599G(S:N679K) C23604A(S:P681H) C23664T(S:A701V)	132	275	0.48	23590	23666
A24424T(S:Q954H) T24469A(S:N969K)	88	174	0.5057471264367817	24415	24488
T23599G(S:N679K) C23604A(S:P681H)	58	400	0.145	23579	23663
A24424T(S:Q954H)	44	176	0.25	24413	24487
C23525T(S:H655Y) T23599G(S:N679K) C23604A(S:P681H)	40	110	0.36363636363636365	23505	23605
G22317T(S:G252V)	21	24	0.875	22249	22324
(23486,1)(S:DEL643) C23525T(S:H655Y) T23599G(S:N679K) C23604A(S:P681H)	18	94	0.19148936170212766	23471	23607
(23334,1)(S:DEL592)	15	104	0.14423076923076922	23285	23336
A23403G(S:D614G)	13	168	0.07738095238095238	23285	23429
C23525T(S:H655Y)	13	133	0.09774436090225563	23485	23553
T23487G C23525T(S:H655Y) T23599G(S:N679K) C23604A(S:P681H)	12	97	0.12371134020618557	23486	23645
C25416T(ORF3a:F8F)	12	38	0.3157894736842105	25381	25440
(25262,1)(S:DEL1235)	10	21	0.47619047619047616	25248	25295
