Covariants	Count	Max_count	Freq	Coverage_start	Coverage_end
T23599G(S:N679K) C23604A(S:P681H)	39	103	0.3786407766990291	23579	23666
A24424T(S:Q954H) T24469A(S:N969K)	16	29	0.5517241379310345	24406	24488
C23525T(S:H655Y) T23599G(S:N679K) C23604A(S:P681H)	12	34	0.35294117647058826	23508	23606
