Covariants	Count	Max_count	Freq	Coverage_start	Coverage_end
C23525T(S:H655Y) T23599G(S:N679K) C23604A(S:P681H)	427	579	0.7374784110535406	23507	23707
T23599G(S:N679K) C23604A(S:P681H)	35	585	0.05982905982905983	23577	23707
A24819C(S:K1086T)	15	23859	0.000628693574751666	24789	24917
T24873C(S:V1104A)	14	23894	0.0005859211517535783	24789	24917
C24789A	14	23495	0.0005958714620131943	24788	24906
C24792A(S:T1077N)	14	23810	0.0005879882402351952	24791	24917
C23525T(S:H655Y) T23599G(S:N679K) C23604A(S:P681H) A23708T	13	568	0.022887323943661973	23122	23708
A24820G(S:K1086K)	12	23859	0.0005029548598013328	24789	24917
A24819G(S:K1086R)	12	23859	0.0005029548598013328	24789	24917
A24898G(S:P1112P)	12	23827	0.000503630335333865	24789	24917
(24885,1)(S:DEL1109)	12	23870	0.0005027230833682447	24789	24917
G24872A(S:V1104I)	10	23895	0.0004184975936388366	24789	24917
A24874G(S:V1104V)	10	23893	0.00041853262461808896	24790	24917
G24800A(S:A1080T)	10	23832	0.0004196038939241356	24791	24917
G24821A(S:A1087T)	10	23859	0.00041912904983444404	24789	24917
