Covariants	Count	Max_count	Freq	Coverage_start	Coverage_end
C25416T(ORF3a:F8F)	635	738	0.8604336043360433	25381	25423
G22317T(S:G252V)	611	749	0.8157543391188251	22298	22337
T21810C(S:V83A)	218	337	0.6468842729970327	21776	21874
C23525T(S:H655Y) G23562A	200	251	0.796812749003984	23411	23562
T23385A	182	368	0.4945652173913043	23250	23385
A23403G(S:D614G)	136	181	0.7513812154696132	23337	23439
(24643,1)(S:DEL1028)	61	248	0.24596774193548387	24618	24720
C22664A(S:L368I) C22674T(S:S371F) T22679C(S:S373P) C22686T(S:S375F) A22688G(S:T376A) G22775A(S:D405N)	48	56	0.8571428571428571	22589	22781
T24976C(S:Y1138Y) C25000T(S:D1146D)	43	58	0.7413793103448276	24944	25074
(21764,6)(S:DEL69/70)	37	302	0.12251655629139073	21674	21817
C23525T(S:H655Y)	33	324	0.10185185185185185	23429	23559
A24388T A24424T(S:Q954H) T24469A(S:N969K) A24539G	31	49	0.6326530612244898	24387	24539
C23601T T23752A(S:S730S)	29	92	0.31521739130434784	23600	23752
A23403G(S:D614G) C23525T(S:H655Y)	27	39	0.6923076923076923	23325	23561
G21987A(S:G142D) (21990,3)(S:DEL144) C22000A(S:H146Q)	27	45	0.6	21949	22098
A24652T	26	387	0.06718346253229975	24651	24802
T22200A(S:V213E)	24	50	0.48	22129	22243
C23525T(S:H655Y) T23599G(S:N679K) C23604A(S:P681H)	23	33	0.696969696969697	23412	23663
C25118T(S:L1186F) G25269A	23	63	0.36507936507936506	25117	25269
C25416T(ORF3a:F8F) G25447C(ORF3a:E19Q)	20	666	0.03003003003003003	25377	25518
T22200A(S:V213E) G22317T(S:G252V)	16	24	0.6666666666666666	22129	22347
G22577C(S:G339H) G22578A(S:G339H) G22599C(S:R346T)	15	33	0.45454545454545453	22491	22640
A24424T(S:Q954H) T24469A(S:N969K)	14	55	0.2545454545454545	24388	24621
G22577C(S:G339H) G22578A(S:G339H) G22599C(S:R346T) C22642G(S:N360K)	12	15	0.8	22491	22642
T23752A(S:S730S)	10	105	0.09523809523809523	23601	23752
