Covariants	Count	Max_count	Freq	Coverage_start	Coverage_end
T23599G(S:N679K) C23604A(S:P681H)	29	47	0.6170212765957447	23579	23694
C25416T(ORF3a:F8F)	28	37	0.7567567567567568	25381	25470
T24469A(S:N969K)	14	34	0.4117647058823529	24464	24569
