Covariants	Count	Max_count	Freq	Coverage_start	Coverage_end
C22109G(S:Q183E)	38	39	0.9743589743589743	22073	22112
C21772T(S:V70V)	10	66	0.15151515151515152	21743	21772
