Covariants	Count	Max_count	Freq	Coverage_start	Coverage_end
T23599G(S:N679K) C23604A(S:P681H)	28	65	0.4307692307692308	23579	23664
A24424T(S:Q954H) T24469A(S:N969K)	15	23	0.6521739130434783	24406	24491
T23599G(S:N679K) C23604A(S:P681H) C23673T(S:S704L)	11	43	0.2558139534883721	23579	23693
G22317T(S:G252V)	10	12	0.8333333333333334	22249	22330
