Covariants	Count	Max_count	Freq	Coverage_start	Coverage_end
C23525T(S:H655Y) T23599G(S:N679K) C23604A(S:P681H)	71	175	0.4057142857142857	23516	23608
A24424T(S:Q954H) T24469A(S:N969K)	60	102	0.5882352941176471	24416	24488
T23599G(S:N679K) C23604A(S:P681H)	47	284	0.16549295774647887	23579	23666
C25416T(ORF3a:F8F)	30	53	0.5660377358490566	25381	25452
A23403G(S:D614G)	24	139	0.17266187050359713	23322	23405
(23486,1)(S:DEL643) C23525T(S:H655Y) T23599G(S:N679K) C23604A(S:P681H)	23	144	0.1597222222222222	23471	23607
G22813T(S:K417N) T22882G(S:N440K) G22895C(S:V445P) T22896C(S:V445P) G22898A(S:G446S)	22	67	0.3283582089552239	22806	22898
C23854A(S:N764K)	22	107	0.205607476635514	23797	23860
A24424T(S:Q954H)	18	103	0.17475728155339806	24406	24488
G22813T(S:K417N) T22882G(S:N440K) G22895C(S:V445P) T22896C(S:V445P) G22898A(S:G446S) T22942G(S:N460K)	17	41	0.4146341463414634	22806	22963
T23487G(S:V642G) C23525T(S:H655Y) T23599G(S:N679K) C23604A(S:P681H)	17	147	0.11564625850340136	23486	23607
(25262,1)(S:DEL1235)	14	49	0.2857142857142857	25248	25326
C23525T(S:H655Y)	13	218	0.05963302752293578	23485	23552
C25000T(S:D1146D)	13	54	0.24074074074074073	24984	25064
T24469A(S:N969K)	11	141	0.07801418439716312	24464	24541
