Covariants	Count	Max_count	Freq	Coverage_start	Coverage_end
A24424T(S:Q954H) T24469A(S:N969K)	24	47	0.5106382978723404	24406	24488
T23599G(S:N679K) C23604A(S:P681H)	14	131	0.10687022900763359	23579	23666
A24424T(S:Q954H)	13	47	0.2765957446808511	24413	24488
C23525T(S:H655Y) T23599G(S:N679K) C23604A(S:P681H)	12	68	0.17647058823529413	23485	23645
(25262,1)(S:DEL1235)	11	24	0.4583333333333333	25249	25264
G23593T(S:Q677H) T23599G(S:N679K) C23604A(S:P681H)	10	129	0.07751937984496124	23579	23673
