Covariants	Count	Max_count	Freq	Coverage_start	Coverage_end
A24424T(S:Q954H) T24469A(S:N969K)	141	235	0.6	24408	24488
T23599G(S:N679K) C23604A(S:P681H)	118	457	0.25820568927789933	23580	23607
C23525T(S:H655Y) T23599G(S:N679K) C23604A(S:P681H)	71	233	0.30472103004291845	23508	23607
(23486,1)(S:DEL643) C23525T(S:H655Y) T23599G(S:N679K) C23604A(S:P681H)	40	168	0.23809523809523808	23471	23607
(23334,1)(S:DEL592)	33	173	0.1907514450867052	23322	23336
C25416T(ORF3a:F8F)	32	67	0.47761194029850745	25383	25452
A23403G(S:D614G)	31	240	0.12916666666666668	23351	23406
A24424T(S:Q954H)	31	239	0.1297071129707113	24413	24488
G22317T(S:G252V)	30	44	0.6818181818181818	22249	22322
T23487G C23525T(S:H655Y) T23599G(S:N679K) C23604A(S:P681H)	27	169	0.15976331360946747	23486	23607
G22813T(S:K417N) T22882G(S:N440K) G22895C(S:V445P) T22896C(S:V445P) G22898A(S:G446S)	19	69	0.2753623188405797	22799	22898
C23525T(S:H655Y)	16	318	0.050314465408805034	23485	23551
(23334,1)(S:DEL592) A23403G(S:D614G)	13	138	0.09420289855072464	23322	23427
C23854A(S:N764K)	12	122	0.09836065573770492	23681	23881
A23403G(S:D614G) C23525T(S:H655Y)	10	53	0.18867924528301888	23333	23540
G22813T(S:K417N) T22882G(S:N440K) G22895C(S:V445P) T22896C(S:V445P) G22898A(S:G446S) T22942G(S:N460K)	10	38	0.2631578947368421	22791	22942
(24981,1)(S:DEL1141) C25000T(S:D1146D)	10	40	0.25	24849	25000
