Covariants	Count	Max_count	Freq	Coverage_start	Coverage_end
A23403G(S:D614G)	65	196	0.33163265306122447	23402	23404
C22109G(S:Q183E)	23	65	0.35384615384615387	22075	22113
