Covariants	Count	Max_count	Freq	Coverage_start	Coverage_end
T23599G(S:N679K) C23604A(S:P681H)	119	306	0.3888888888888889	23579	23661
A24424T(S:Q954H) T24469A(S:N969K)	80	113	0.7079646017699115	24413	24488
C23525T(S:H655Y) T23599G(S:N679K) C23604A(S:P681H)	36	106	0.33962264150943394	23505	23607
C21618T(S:T19I) (21632,9)(S:DEL25/27)	26	40	0.65	21596	21670
A23403G(S:D614G)	23	181	0.1270718232044199	23342	23417
C25416T(ORF3a:F8F)	20	59	0.3389830508474576	25381	25452
(21764,6)(S:DEL69/70) (21817,1)(S:DEL86)	17	30	0.5666666666666667	21756	21841
T24469A(S:N969K)	17	159	0.1069182389937107	24464	24550
(23486,1)(S:DEL643) C23525T(S:H655Y) T23599G(S:N679K) C23604A(S:P681H)	15	89	0.16853932584269662	23471	23645
A23403G(S:D614G) C23525T(S:H655Y)	13	66	0.19696969696969696	23333	23540
(23334,1)(S:DEL592) A23403G(S:D614G)	12	101	0.1188118811881188	23268	23426
C23854A(S:N764K)	12	119	0.10084033613445378	23792	23888
(23334,1)(S:DEL592)	10	111	0.09009009009009009	23268	23352
A24424T(S:Q954H)	10	114	0.08771929824561403	24406	24488
C25000T(S:D1146D)	10	44	0.22727272727272727	24984	25067
