Covariants	Count	Max_count	Freq	Coverage_start	Coverage_end
(21764,6)(S:DEL69/70)	1263	1276	0.9898119122257053	21756	21779
C21618T(S:T19I) (21632,9)(S:DEL25/27)	306	308	0.9935064935064936	21591	21652
