Covariants	Count	Max_count	Freq	Coverage_start	Coverage_end
T23599G(S:N679K) C23604A(S:P681H)	512	1072	0.47761194029850745	23593	23664
T24469A(S:N969K)	230	476	0.4831932773109244	24464	24535
T23599G(S:N679K) C23604A(S:P681H) C23664T(S:A701V)	115	1062	0.10828625235404897	23587	23665
T23599G(S:N679K) C23604A(S:P681H) C23673T(S:S704L)	94	975	0.09641025641025641	23579	23678
(25262,1)(S:DEL1235)	59	102	0.5784313725490197	25252	25319
C25000T(S:D1146D)	49	82	0.5975609756097561	24992	25064
C25416T(ORF3a:F8F)	31	60	0.5166666666666667	25385	25452
T24469A(S:N969K) (24672,1)(S:DEL1038)	26	190	0.1368421052631579	24464	24673
T22200A(S:V213E)	21	33	0.6363636363636364	22134	22208
T23335C A23403G(S:D614G)	16	109	0.14678899082568808	23334	23456
T23599G(S:N679K) C23604A(S:P681H) (23641,1)(S:DEL694) C23664T(S:A701V)	15	1062	0.014124293785310734	23579	23672
T23335C	13	112	0.11607142857142858	23334	23415
T23075C(S:Y505H)	11	21	0.5238095238095238	23074	23156
A23403G(S:D614G)	11	135	0.08148148148148149	23351	23422
A23403G(S:D614G) C23525T(S:H655Y)	11	56	0.19642857142857142	23375	23529
