Covariants	Count	Max_count	Freq	Coverage_start	Coverage_end
T23599G(S:N679K) C23604A(S:P681H)	116	350	0.3314285714285714	23587	23645
C23525T(S:H655Y) T23599G(S:N679K) C23604A(S:P681H)	62	161	0.38509316770186336	23509	23607
A24424T(S:Q954H) T24469A(S:N969K)	49	84	0.5833333333333334	24415	24487
T24469A(S:N969K)	26	135	0.1925925925925926	24464	24545
(25262,1)(S:DEL1235)	25	66	0.3787878787878788	25248	25295
C25416T(ORF3a:F8F)	23	44	0.5227272727272727	25381	25459
T23487G C23525T(S:H655Y) T23599G(S:N679K) C23604A(S:P681H)	18	131	0.13740458015267176	23486	23607
C23525T(S:H655Y)	14	212	0.0660377358490566	23485	23552
(23486,1)(S:DEL643) C23525T(S:H655Y) T23599G(S:N679K) C23604A(S:P681H)	14	130	0.1076923076923077	23477	23645
A23403G(S:D614G)	11	123	0.08943089430894309	23285	23411
