Covariants	Count	Max_count	Freq	Coverage_start	Coverage_end
T23599G(S:N679K) C23604A(S:P681H)	217	432	0.5023148148148148	23579	23661
A24424T(S:Q954H) T24469A(S:N969K)	71	124	0.5725806451612904	24413	24487
T24469A(S:N969K)	67	291	0.23024054982817868	24464	24537
C25416T(ORF3a:F8F)	37	66	0.5606060606060606	25381	25453
C23525T(S:H655Y) T23599G(S:N679K) C23604A(S:P681H)	30	105	0.2857142857142857	23505	23607
C23854A(S:N764K)	29	166	0.1746987951807229	23765	23880
T23487G C23525T(S:H655Y) T23599G(S:N679K) C23604A(S:P681H)	28	96	0.2916666666666667	23486	23637
A24424T(S:Q954H)	21	129	0.16279069767441862	24406	24424
A23403G(S:D614G)	16	135	0.11851851851851852	23339	23429
C25000T(S:D1146D)	14	47	0.2978723404255319	24984	25071
(23486,1)(S:DEL643) C23525T(S:H655Y) T23599G(S:N679K) C23604A(S:P681H)	13	94	0.13829787234042554	23471	23645
(25262,1)(S:DEL1235)	11	90	0.12222222222222222	25248	25295
T22200A(S:V213E)	10	20	0.5	22117	22208
T23075C(S:Y505H)	10	17	0.5882352941176471	23074	23156
