Covariants	Count	Max_count	Freq	Coverage_start	Coverage_end
A24424T(S:Q954H) T24469A(S:N969K)	89	152	0.5855263157894737	24410	24487
C23525T(S:H655Y) T23599G(S:N679K) C23604A(S:P681H)	44	132	0.3333333333333333	23507	23607
A24424T(S:Q954H)	37	152	0.24342105263157895	24413	24487
(23334,1)(S:DEL592)	16	85	0.18823529411764706	23285	23336
T23487G C23525T(S:H655Y) T23599G(S:N679K) C23604A(S:P681H)	16	115	0.1391304347826087	23486	23607
C25416T(ORF3a:F8F)	14	32	0.4375	25380	25446
G22813T(S:K417N)	13	46	0.2826086956521739	22791	22873
(25262,1)(S:DEL1235)	13	26	0.5	25249	25263
G22317T(S:G252V)	12	17	0.7058823529411765	22242	22320
(23486,1)(S:DEL643) C23525T(S:H655Y) T23599G(S:N679K) C23604A(S:P681H)	12	115	0.10434782608695652	23471	23645
T23599G(S:N679K) C23604A(S:P681H) C23664T(S:A701V)	12	31	0.3870967741935484	23579	23666
