Covariants	Count	Max_count	Freq	Coverage_start	Coverage_end
C22109G(S:Q183E)	290	495	0.5858585858585859	22108	22111
C22033A(S:F157L)	72	1471	0.04894629503738953	22032	22067
A22108T(S:K182N) C22109G(S:Q183E)	53	494	0.10728744939271255	22077	22113
A22320G(S:D253G)	35	256	0.13671875	22319	22321
T22200A(S:V213E)	29	135	0.21481481481481482	22199	22200
T22942G(S:N460K)	26	57	0.45614035087719296	22940	22965
C22000A	17	37	0.4594594594594595	21999	22036
G22317T(S:G252V)	15	239	0.06276150627615062	22316	22346
G24635T(S:A1025S)	11	609	0.0180623973727422	24634	24635
