Covariants	Count	Max_count	Freq	Coverage_start	Coverage_end
C25000T(S:D1146D)	1177	1429	0.8236529041287614	24998	25000
T24469A(S:N969K)	794	841	0.9441141498216409	24437	24513
C25416T(ORF3a:F8F)	266	276	0.9637681159420289	25367	25434
