Covariants	Count	Max_count	Freq	Coverage_start	Coverage_end
T23599G(S:N679K) C23604A(S:P681H)	178	446	0.3991031390134529	23579	23662
A24424T(S:Q954H) T24469A(S:N969K)	78	117	0.6666666666666666	24406	24486
C23525T(S:H655Y) T23599G(S:N679K) C23604A(S:P681H)	41	136	0.3014705882352941	23505	23607
C25416T(ORF3a:F8F) G25471C(ORF3a:D27H)	33	76	0.4342105263157895	25381	25471
A23403G(S:D614G)	19	145	0.1310344827586207	23351	23422
(23486,1)(S:DEL643) C23525T(S:H655Y) T23599G(S:N679K) C23604A(S:P681H)	19	117	0.1623931623931624	23477	23645
T23487G C23525T(S:H655Y) T23599G(S:N679K) C23604A(S:P681H)	18	117	0.15384615384615385	23486	23645
C25000T(S:D1146D)	18	58	0.3103448275862069	24984	25069
A24424T(S:Q954H)	17	121	0.14049586776859505	24406	24488
(24981,1)(S:DEL1141) C25000T(S:D1146D)	16	43	0.37209302325581395	24849	25001
T23075C(S:Y505H)	15	32	0.46875	23074	23156
T22200A(S:V213E)	14	23	0.6086956521739131	22117	22214
C23525T(S:H655Y)	14	234	0.05982905982905983	23471	23553
C25416T(ORF3a:F8F)	12	94	0.1276595744680851	25381	25451
(25262,1)(S:DEL1235)	11	37	0.2972972972972973	25248	25326
(23334,1)(S:DEL592)	11	103	0.10679611650485436	23322	23337
G22317T(S:G252V)	10	22	0.45454545454545453	22242	22328
