Covariants	Count	Max_count	Freq	Coverage_start	Coverage_end
G22317T(S:G252V)	218	413	0.5278450363196125	22246	22339
C25416T(ORF3a:F8F)	162	264	0.6136363636363636	25381	25433
T21810C(S:V83A)	123	211	0.5829383886255924	21771	21825
C23525T(S:H655Y) G23562A	99	151	0.6556291390728477	23411	23562
C23525T(S:H655Y)	65	265	0.24528301886792453	23468	23556
A22320G(S:D253G)	58	413	0.14043583535108958	22207	22347
A23403G(S:D614G)	41	111	0.36936936936936937	23325	23468
T22882G(S:N440K) G22895C(S:V445P) T22896C(S:V445P) G22898A(S:G446S) T22942G(S:N460K) G22992A(S:S477N) C22995A(S:T478K) A23013C(S:E484A) T23018C(S:F486P) T23019C(S:F486P) T23031C(S:F490S) A23055G(S:Q498R) A23063T(S:N501Y) T23075C(S:Y505H)	38	63	0.6031746031746031	22852	23097
A23403G(S:D614G) C23525T(S:H655Y)	36	69	0.5217391304347826	23325	23561
T23385A	34	146	0.2328767123287671	23250	23385
(21764,6)(S:DEL69/70)	33	192	0.171875	21674	21816
C25000T(S:D1146D)	27	30	0.9	24926	25076
C23525T(S:H655Y) T23599G(S:N679K) C23604A(S:P681H)	24	49	0.4897959183673469	23412	23664
C22664A(S:L368I) C22674T(S:S371F) T22679C(S:S373P) C22686T(S:S375F) A22688G(S:T376A) G22775A(S:D405N)	23	48	0.4791666666666667	22589	22781
C22674T(S:S371F) T22679C(S:S373P) C22686T(S:S375F) A22688G(S:T376A) G22775A(S:D405N)	21	48	0.4375	22589	22781
G21987A(S:G142D) (21990,3)(S:DEL144) C22000A(S:H146Q)	21	32	0.65625	21949	22098
A24424T(S:Q954H) T24469A(S:N969K)	21	55	0.38181818181818183	24388	24494
C23601T T23752A(S:S730S)	20	54	0.37037037037037035	23600	23752
T22200A(S:V213E) G22317T(S:G252V)	19	34	0.5588235294117647	22129	22339
A23403G(S:D614G) C23525T(S:H655Y) T23599G(S:N679K) C23604A(S:P681H)	18	22	0.8181818181818182	23325	23664
A24388T A24424T(S:Q954H) T24469A(S:N969K) A24539G	17	47	0.3617021276595745	24387	24539
T22200G(S:V213G)	13	50	0.26	22129	22243
C23854A(S:N764K)	12	12	1.0	23690	23910
(21764,6)(S:DEL69/70) C21789T(S:T76I)	11	192	0.057291666666666664	21674	21817
T22200A(S:V213E)	10	50	0.2	22129	22243
A24652T	10	160	0.0625	24651	24802
C22664A(S:L368I) C22674T(S:S371F) T22679C(S:S373P) C22686T(S:S375F) A22688G(S:T376A)	10	62	0.16129032258064516	22589	22736
C25511T(ORF3a:S40L)	10	240	0.041666666666666664	25377	25526
