Covariants	Count	Max_count	Freq	Coverage_start	Coverage_end
C25000T(S:D1146D)	714	849	0.8409893992932862	24998	25000
T24469A(S:N969K)	555	898	0.6180400890868597	24461	24480
A24424T(S:Q954H)	398	1235	0.32226720647773277	24413	24424
A24424T(S:Q954H) T24469A(S:N969K)	324	812	0.39901477832512317	24420	24470
C25416T(ORF3a:F8F) G25429T(ORF3a:V13L)	172	179	0.9608938547486033	25385	25437
