Covariants	Count	Max_count	Freq	Coverage_start	Coverage_end
C23123T(S:P521S) C23230T(S:N556N)	3707	7768	0.47721421215242016	23122	23230
A23403G(S:D614G)	3572	8157	0.43790609292632093	23389	23403
C23123T(S:P521S)	3054	9193	0.3322092896769281	23122	23167
C23230T(S:N556N)	2925	13309	0.2197760913667443	23227	23230
C25416T(ORF3a:F8F)	2519	2603	0.9677295428351902	25385	25460
C23230T(S:N556N) A23403G(S:D614G)	2439	4467	0.5460040295500336	23214	23403
C23123T(S:P521S) A23403G(S:D614G)	1701	1875	0.9072	23122	23403
C23525T(S:H655Y)	19	50	0.38	23507	23525
A23403G(S:D614G) C23525T(S:H655Y)	18	35	0.5142857142857142	23401	23525
