Covariants	Count	Max_count	Freq	Coverage_start	Coverage_end
T23599G(S:N679K) C23604A(S:P681H)	107	259	0.41312741312741313	23579	23645
A24424T(S:Q954H) T24469A(S:N969K)	33	48	0.6875	24406	24488
C23525T(S:H655Y) T23599G(S:N679K) C23604A(S:P681H)	21	62	0.3387096774193548	23485	23607
C25416T(ORF3a:F8F)	17	26	0.6538461538461539	25381	25452
T23599G(S:N679K) C23604A(S:P681H) A23670G(S:N703S)	11	164	0.06707317073170732	23579	23700
(23334,1)(S:DEL592)	10	41	0.24390243902439024	23268	23366
(23486,1)(S:DEL643) C23525T(S:H655Y) T23599G(S:N679K) C23604A(S:P681H)	10	54	0.18518518518518517	23471	23607
(25262,1)(S:DEL1235)	10	27	0.37037037037037035	25248	25338
