Covariants	Count	Max_count	Freq	Coverage_start	Coverage_end
T23599G(S:N679K) C23604A(S:P681H)	88	204	0.43137254901960786	23580	23665
A24424T(S:Q954H) T24469A(S:N969K)	18	39	0.46153846153846156	24413	24488
T24469A(S:N969K)	17	69	0.2463768115942029	24464	24569
C23525T(S:H655Y) T23599G(S:N679K) C23604A(S:P681H)	12	48	0.25	23508	23636
