Covariants	Count	Max_count	Freq	Coverage_start	Coverage_end
T23599G(S:N679K) C23604A(S:P681H)	30	47	0.6382978723404256	23579	23666
T24469A(S:N969K)	15	33	0.45454545454545453	24464	24594
