Covariants	Count	Max_count	Freq	Coverage_start	Coverage_end
T23599G(S:N679K) C23604A(S:P681H)	158	638	0.2476489028213166	23580	23668
T23599G(S:N679K) C23604A(S:P681H) C23664T(S:A701V)	138	505	0.2732673267326733	23594	23668
A24424T(S:Q954H) T24469A(S:N969K)	107	147	0.7278911564625851	24406	24478
C23525T(S:H655Y) T23599G(S:N679K) C23604A(S:P681H)	74	129	0.5736434108527132	23485	23607
T23599G(S:N679K) C23604A(S:P681H) (23641,1)(S:DEL694) C23664T(S:A701V)	51	505	0.100990099009901	23579	23664
T24469A(S:N969K)	49	279	0.17562724014336917	24464	24544
C25416T(ORF3a:F8F)	42	71	0.5915492957746479	25381	25446
(25262,1)(S:DEL1235)	34	108	0.3148148148148148	25249	25263
T22200A(S:V213E)	33	41	0.8048780487804879	22117	22208
A23403G(S:D614G) C23525T(S:H655Y)	20	86	0.23255813953488372	23349	23530
C25000T(S:D1146D)	19	25	0.76	24984	25064
T23075C(S:Y505H)	17	25	0.68	23074	23156
C23854A(S:N764K)	17	61	0.2786885245901639	23792	23858
T23599G(S:N679K) C23604A(S:P681H) C23625T(S:A688V) C23664T(S:A701V)	15	505	0.0297029702970297	23582	23668
A23403G(S:D614G)	14	155	0.09032258064516129	23401	23412
A24424T(S:Q954H)	11	152	0.07236842105263158	24406	24425
