Covariants	Count	Max_count	Freq	Coverage_start	Coverage_end
C22109G(S:Q183E)	38	47	0.8085106382978723	22072	22113
A23403G(S:D614G)	20	47	0.425531914893617	23402	23404
