Covariants	Count	Max_count	Freq	Coverage_start	Coverage_end
T23599G(S:N679K) C23604A(S:P681H)	303	668	0.4535928143712575	23587	23666
A24424T(S:Q954H) T24469A(S:N969K)	45	80	0.5625	24406	24488
C25416T(ORF3a:F8F)	28	60	0.4666666666666667	25380	25442
C25000T(S:D1146D)	18	46	0.391304347826087	24992	25070
(25262,1)(S:DEL1235)	17	61	0.2786885245901639	25248	25275
C23525T(S:H655Y) T23599G(S:N679K) C23604A(S:P681H)	15	92	0.16304347826086957	23485	23645
A23403G(S:D614G)	14	119	0.11764705882352941	23363	23406
(23486,1)(S:DEL643) C23525T(S:H655Y) T23599G(S:N679K) C23604A(S:P681H)	14	82	0.17073170731707318	23471	23607
T23599G(S:N679K) C23604A(S:P681H) (23609,1)(S:DEL684)	12	664	0.018072289156626505	23579	23666
T23599G(S:N679K) C23604A(S:P681H) (23665,1)(S:DEL702)	12	559	0.02146690518783542	23579	23666
T24469A(S:N969K)	11	126	0.0873015873015873	24464	24541
T22200A(S:V213E)	10	21	0.47619047619047616	22117	22214
