Covariants	Count	Max_count	Freq	Coverage_start	Coverage_end
T23599G(S:N679K) C23604A(S:P681H)	48	120	0.4	23580	23662
A24424T(S:Q954H) T24469A(S:N969K)	17	33	0.5151515151515151	24410	24488
T24469A(S:N969K)	13	54	0.24074074074074073	24464	24542
