Covariants	Count	Max_count	Freq	Coverage_start	Coverage_end
C21618T(S:T19I) (21632,9)(S:DEL25/27)	2290	3012	0.7602921646746348	21591	21652
(21764,6)(S:DEL69/70)	689	704	0.9786931818181818	21756	21779
A21617C(S:T19L) C21618T(S:T19L) (21632,9)(S:DEL25/27)	600	3012	0.199203187250996	21591	21652
G21586T(S:L8F) C21618T(S:T19I) (21632,9)(S:DEL25/27)	47	1533	0.03065883887801696	21584	21654
(21632,9)(S:DEL25/27)	21	3012	0.0069721115537848604	21591	21654
A21617C(S:T19L) C21618T(S:T19L) (21632,9)(S:DEL25/27) G21668C(S:V36L)	14	1748	0.008009153318077803	21590	21671
