Covariants	Count	Max_count	Freq	Coverage_start	Coverage_end
T23599G(S:N679K) C23604A(S:P681H)	257	742	0.3463611859838275	23587	23660
A24424T(S:Q954H) T24469A(S:N969K)	192	320	0.6	24415	24488
C23525T(S:H655Y) T23599G(S:N679K) C23604A(S:P681H)	122	307	0.3973941368078176	23508	23607
C25416T(ORF3a:F8F)	85	166	0.5120481927710844	25382	25453
T24469A(S:N969K)	69	495	0.1393939393939394	24464	24541
C23854A(S:N764K)	54	318	0.16981132075471697	23771	23859
A23403G(S:D614G)	46	394	0.116751269035533	23344	23416
C23525T(S:H655Y)	45	639	0.07042253521126761	23485	23551
(23486,1)(S:DEL643) C23525T(S:H655Y) T23599G(S:N679K) C23604A(S:P681H)	43	283	0.1519434628975265	23471	23607
A24424T(S:Q954H)	41	332	0.12349397590361445	24406	24488
G22813T(S:K417N) T22882G(S:N440K) G22895C(S:V445P) T22896C(S:V445P) G22898A(S:G446S) T22942G(S:N460K)	37	77	0.4805194805194805	22808	22944
C25000T(S:D1146D)	29	150	0.19333333333333333	24998	25026
G22813T(S:K417N) T22882G(S:N440K) G22895C(S:V445P) T22896C(S:V445P) G22898A(S:G446S)	28	114	0.24561403508771928	22791	22898
A23403G(S:D614G) C23525T(S:H655Y)	23	208	0.11057692307692307	23351	23532
T23487G C23525T(S:H655Y) T23599G(S:N679K) C23604A(S:P681H)	22	284	0.07746478873239436	23486	23607
(25262,1)(S:DEL1235)	17	178	0.09550561797752809	25248	25263
A23403G(S:D614G) (23486,1)(S:DEL643) C23525T(S:H655Y)	15	208	0.07211538461538461	23333	23532
(23334,1)(S:DEL592)	15	210	0.07142857142857142	23322	23336
C25416T(ORF3a:F8F) (25472,'T')(ORF3a:INS28)	14	148	0.0945945945945946	25381	25472
G22317T(S:G252V)	14	45	0.3111111111111111	22254	22324
T22200A(S:V213E)	11	26	0.4230769230769231	22117	22216
G21987A(S:G142D) (21990,3)(S:DEL144) (21999,1)(S:DEL147)	11	112	0.09821428571428571	21842	22001
C25000T(S:D1146D) A25048C(S:P1162P)	10	146	0.0684931506849315	24984	25068
