Covariants	Count	Max_count	Freq	Coverage_start	Coverage_end
T23599G(S:N679K) C23604A(S:P681H)	91	128	0.7109375	23579	23666
A24424T(S:Q954H) T24469A(S:N969K)	17	25	0.68	24406	24488
C25416T(ORF3a:F8F)	14	23	0.6086956521739131	25381	25451
T24469A(S:N969K)	12	54	0.2222222222222222	24464	24544
(25262,1)(S:DEL1235)	10	17	0.5882352941176471	25248	25263
