Covariants	Count	Max_count	Freq	Coverage_start	Coverage_end
T23599G(S:N679K) C23604A(S:P681H)	94	348	0.27011494252873564	23593	23646
A24424T(S:Q954H) T24469A(S:N969K)	42	71	0.5915492957746479	24415	24488
T23599G(S:N679K) C23604A(S:P681H) C23673T(S:S704L)	38	235	0.16170212765957448	23579	23676
T23599G(S:N679K) C23604A(S:P681H) C23664T(S:A701V)	37	272	0.13602941176470587	23579	23666
C23525T(S:H655Y) T23599G(S:N679K) C23604A(S:P681H)	21	58	0.3620689655172414	23501	23608
T24469A(S:N969K)	18	113	0.1592920353982301	24464	24561
(25262,1)(S:DEL1235)	15	33	0.45454545454545453	25248	25329
A24424T(S:Q954H)	12	74	0.16216216216216217	24413	24488
C25416T(ORF3a:F8F)	12	24	0.5	25381	25442
