Covariants	Count	Max_count	Freq	Coverage_start	Coverage_end
A23403G(S:D614G)	38	101	0.37623762376237624	23402	23404
C22109G(S:Q183E)	13	39	0.3333333333333333	22108	22114
