Covariants	Count	Max_count	Freq	Coverage_start	Coverage_end
C25416T(ORF3a:F8F)	237	271	0.8745387453874539	25381	25434
G22317T(S:G252V)	202	269	0.7509293680297398	22207	22347
T21810C(S:V83A)	75	127	0.5905511811023622	21765	21900
C23525T(S:H655Y) G23562A	54	67	0.8059701492537313	23411	23562
C25000T(S:D1146D)	37	48	0.7708333333333334	24926	25076
A23403G(S:D614G)	37	90	0.4111111111111111	23325	23439
C22664A(S:L368I) C22674T(S:S371F) T22679C(S:S373P) C22686T(S:S375F) A22688G(S:T376A) G22775A(S:D405N)	33	35	0.9428571428571428	22589	22781
A23403G(S:D614G) C23525T(S:H655Y)	28	41	0.6829268292682927	23325	23561
T22200A(S:V213E) G22317T(S:G252V)	24	26	0.9230769230769231	22129	22344
G21718T(S:Q52H) T21810C(S:V83A)	22	97	0.2268041237113402	21674	21900
T23385A	21	114	0.18421052631578946	23250	23385
(22277,2)(S:DEL240) G22317T(S:G252V)	19	268	0.0708955223880597	22207	22347
A24424T(S:Q954H) T24469A(S:N969K)	18	29	0.6206896551724138	24388	24537
C23525T(S:H655Y)	14	113	0.12389380530973451	23411	23558
T22882G(S:N440K) G22895C(S:V445P) T22896C(S:V445P) G22898A(S:G446S) T22942G(S:N460K) G22992A(S:S477N) C22995A(S:T478K) A23013C(S:E484A) T23018C(S:F486P) T23019C(S:F486P) T23031C(S:F490S) T23042C(S:S494P) A23055G(S:Q498R) A23063T(S:N501Y) T23075C(S:Y505H)	13	52	0.25	22850	23097
T22882G(S:N440K) G22895C(S:V445P) T22896C(S:V445P) G22898A(S:G446S) T22930A(S:F456L) T22942G(S:N460K) G22992A(S:S477N) C22995G(S:T478R) A23013C(S:E484A) T23018C(S:F486P) T23019C(S:F486P) T23031C(S:F490S) A23055G(S:Q498R) A23063T(S:N501Y) T23075C(S:Y505H)	11	52	0.21153846153846154	22850	23097
G23282T(S:D574Y) A23403G(S:D614G)	11	47	0.23404255319148937	23250	23468
G21987A(S:G142D) (21990,3)(S:DEL144) (21998,'A')(S:INS147) C22000A(S:H146K)	11	29	0.3793103448275862	21949	22098
C25118T(S:L1186F) G25269A	11	21	0.5238095238095238	25117	25269
C23664T(S:A701V)	10	67	0.14925373134328357	23601	23751
C23854A(S:N764K)	10	13	0.7692307692307693	23690	23910
