Covariants	Count	Max_count	Freq	Coverage_start	Coverage_end
A24424T(S:Q954H) T24469A(S:N969K)	16	22	0.7272727272727273	24406	24488
C25416T(ORF3a:F8F)	12	18	0.6666666666666666	25381	25475
