Covariants	Count	Max_count	Freq	Coverage_start	Coverage_end
G22317T(S:G252V)	193	280	0.6892857142857143	22211	22344
C25416T(ORF3a:F8F)	173	233	0.7424892703862661	25381	25434
T21810C(S:V83A)	137	161	0.8509316770186336	21776	21900
A23403G(S:D614G)	50	75	0.6666666666666666	23325	23468
C23525T(S:H655Y) G23562A	40	45	0.8888888888888888	23411	23562
A22320G(S:D253G)	38	280	0.1357142857142857	22209	22347
C22664A(S:L368I) C22674T(S:S371F) T22679C(S:S373P) C22686T(S:S375F) A22688G(S:T376A) G22775A(S:D405N)	31	32	0.96875	22589	22781
T23385A	30	113	0.26548672566371684	23250	23385
G21987A(S:G142D) (21990,3)(S:DEL144) C22000A(S:H146Q)	24	35	0.6857142857142857	21949	22098
C25000T(S:D1146D)	23	35	0.6571428571428571	24926	25076
C25416T(ORF3a:F8F) T25496A(ORF3a:I35K)	18	207	0.08695652173913043	25377	25518
C25416T(ORF3a:F8F) G25429C(ORF3a:V13L)	17	233	0.07296137339055794	25377	25518
C24651T(S:S1030L)	13	70	0.18571428571428572	24572	24720
C23525T(S:H655Y)	13	81	0.16049382716049382	23411	23552
C25416T(ORF3a:F8F) G25471C(ORF3a:D27H)	13	209	0.06220095693779904	25377	25518
C23854A(S:N764K)	12	12	1.0	23690	23910
(24672,1)(S:DEL1038)	12	109	0.11009174311926606	24572	24711
A23403G(S:D614G) C23525T(S:H655Y)	12	21	0.5714285714285714	23325	23561
C24797A(S:P1079T)	11	81	0.13580246913580246	24738	24878
A22320G(S:D253G) T22328A(S:S256T)	11	280	0.039285714285714285	22206	22347
T22882G(S:N440K) G22895C(S:V445P) T22896C(S:V445P) G22898A(S:G446S) T22942G(S:N460K) G22992A(S:S477N) C22995G(S:T478R) A23013C(S:E484A) T23018C(S:F486P) T23019C(S:F486P) T23031C(S:F490S) A23055G(S:Q498R) A23063T(S:N501Y) T23075C(S:Y505H)	10	31	0.3225806451612903	22850	23097
T22200A(S:V213E) G22317T(S:G252V)	10	11	0.9090909090909091	22129	22347
