Covariants	Count	Max_count	Freq	Coverage_start	Coverage_end
(21764,6)(S:DEL69/70)	29	30	0.9666666666666667	21674	21817
A23403G(S:D614G) C23525T(S:H655Y)	24	45	0.5333333333333333	23325	23561
G22317T(S:G252V)	23	90	0.25555555555555554	22207	22347
T22200A(S:V213E) G22317T(S:G252V)	22	30	0.7333333333333333	22196	22347
T22882G(S:N440K) A22893C(S:K444T) T22917G(S:L452R) T22942A(S:N460K) G22992A(S:S477N) C22995A(S:T478K) A23013C(S:E484A) T23018G(S:F486V) A23055G(S:Q498R) A23063T(S:N501Y) T23075C(S:Y505H)	21	47	0.44680851063829785	22850	23097
A23403G(S:D614G)	16	60	0.26666666666666666	23325	23468
A24424T(S:Q954H) T24469A(S:N969K)	15	24	0.625	24388	24538
T22882G(S:N440K) G22895C(S:V445P) T22896C(S:V445P) G22898A(S:G446S) T22942G(S:N460K) G22992A(S:S477N) C22995A(S:T478K) A23013C(S:E484A) T23018C(S:F486P) T23019C(S:F486P) T23031C(S:F490S) A23055G(S:Q498R) A23063T(S:N501Y) T23075C(S:Y505H)	13	47	0.2765957446808511	22850	23097
A23403G(S:D614G) C23525T(S:H655Y) T23599G(S:N679K) C23604A(S:P681H)	13	14	0.9285714285714286	23325	23664
