Covariants	Count	Max_count	Freq	Coverage_start	Coverage_end
C22109G(S:Q183E)	72	81	0.8888888888888888	22108	22113
G23236T(S:K558N)	19	386	0.04922279792746114	23213	23270
C22033A(S:F157L)	13	392	0.03316326530612245	22030	22070
A22101T(S:E180V)	10	135	0.07407407407407407	22056	22103
