Covariants	Count	Max_count	Freq	Coverage_start	Coverage_end
A22320G(S:D253G)	33	45	0.7333333333333333	22315	22346
(22383,1)(S:DEL275)	23	127	0.18110236220472442	22377	22392
T23986C(S:D808D)	11	26	0.4230769230769231	23985	24014
