Covariants	Count	Max_count	Freq	Coverage_start	Coverage_end
A23403G(S:D614G)	42	112	0.375	23402	23404
T24583C(S:Y1007Y)	27	28	0.9642857142857143	24557	24618
C22109G(S:Q183E)	19	56	0.3392857142857143	22108	22113
G21718T(S:Q52H)	10	29	0.3448275862068966	21714	21746
