Covariants	Count	Max_count	Freq	Coverage_start	Coverage_end
T23599G(S:N679K) C23604A(S:P681H)	385	901	0.42730299667036625	23587	23665
A24424T(S:Q954H) T24469A(S:N969K)	211	339	0.6224188790560472	24413	24478
C23525T(S:H655Y) T23599G(S:N679K) C23604A(S:P681H)	101	300	0.33666666666666667	23513	23607
C25416T(ORF3a:F8F)	99	165	0.6	25381	25446
T23488C(S:V642V) C23525T(S:H655Y) T23599G(S:N679K) C23604A(S:P681H)	69	266	0.2593984962406015	23485	23607
G22317T(S:G252V)	64	85	0.7529411764705882	22306	22318
(25262,1)(S:DEL1235)	54	108	0.5	25249	25264
G22813T(S:K417N) T22882G(S:N440K)	34	147	0.23129251700680273	22791	22883
(23334,1)(S:DEL592)	31	300	0.10333333333333333	23322	23336
A24424T(S:Q954H)	30	344	0.0872093023255814	24406	24488
C23854A(S:N764K)	27	128	0.2109375	23765	23859
T22200A(S:V213E)	26	36	0.7222222222222222	22185	22208
C25000T(S:D1146D)	26	65	0.4	24984	25066
T23487G C23525T(S:H655Y) T23599G(S:N679K) C23604A(S:P681H)	22	264	0.08333333333333333	23486	23607
(24981,1)(S:DEL1141) C25000T(S:D1146D)	19	26	0.7307692307692307	24849	25002
G22813T(S:K417N) T22882G(S:N440K) G22895C(S:V445P) T22896C(S:V445P) G22898A(S:G446S)	19	87	0.21839080459770116	22808	22898
G22813T(S:K417N) T22882G(S:N440K) G22895C(S:V445P) T22896C(S:V445P) G22898A(S:G446S) T22942G(S:N460K)	18	45	0.4	22801	22949
A23403G(S:D614G)	18	306	0.058823529411764705	23342	23419
G23401T(S:Q613H) A23403G(S:D614G)	18	305	0.05901639344262295	23268	23405
(24253,1)(S:DEL898)	15	161	0.09316770186335403	24226	24262
A23013C(S:E484A) T23018C(S:F486P) T23019C(S:F486P) T23031C(S:F490S) A23055G(S:Q498R) A23063T(S:N501Y) T23075C(S:Y505H)	15	32	0.46875	23005	23093
C23525T(S:H655Y)	12	422	0.02843601895734597	23471	23540
T23075C(S:Y505H)	12	56	0.21428571428571427	23074	23154
(23486,1)(S:DEL643) C23525T(S:H655Y) T23599G(S:N679K) C23604A(S:P681H)	12	261	0.04597701149425287	23471	23637
G22813T(S:K417N)	10	157	0.06369426751592357	22791	22867
T23599G(S:N679K) C23604A(S:P681H) T23697C(S:I712T)	10	461	0.021691973969631236	23579	23708
T23488C(S:V642V) C23525T(S:H655Y)	10	388	0.02577319587628866	23471	23552
