Covariants	Count	Max_count	Freq	Coverage_start	Coverage_end
T23599G(S:N679K) C23604A(S:P681H)	136	435	0.31264367816091954	23579	23666
A24424T(S:Q954H) T24469A(S:N969K)	98	167	0.5868263473053892	24406	24476
C23525T(S:H655Y) T23599G(S:N679K) C23604A(S:P681H)	77	189	0.4074074074074074	23508	23607
C25416T(ORF3a:F8F)	27	46	0.5869565217391305	25381	25452
A23403G(S:D614G)	24	211	0.11374407582938388	23349	23415
(23334,1)(S:DEL592)	19	143	0.13286713286713286	23322	23336
(23486,1)(S:DEL643) C23525T(S:H655Y) T23599G(S:N679K) C23604A(S:P681H)	17	158	0.10759493670886076	23471	23645
A24424T(S:Q954H)	17	178	0.09550561797752809	24406	24488
G22813T(S:K417N) T22882G(S:N440K) G22895C(S:V445P) T22896C(S:V445P) G22898A(S:G446S)	16	55	0.2909090909090909	22791	22898
A23403G(S:D614G) C23525T(S:H655Y)	14	79	0.17721518987341772	23339	23540
C23525T(S:H655Y)	14	308	0.045454545454545456	23471	23552
(25262,1)(S:DEL1235)	13	58	0.22413793103448276	25248	25295
T23791C(S:C743C) C23854A(S:N764K)	11	88	0.125	23710	23875
T23791C(S:C743C)	11	99	0.1111111111111111	23790	23816
G22813T(S:K417N) T22882G(S:N440K) G22895C(S:V445P) T22896C(S:V445P)	10	66	0.15151515151515152	22791	22897
T23487G C23525T(S:H655Y) T23599G(S:N679K) C23604A(S:P681H)	10	158	0.06329113924050633	23486	23645
