Covariants	Count	Max_count	Freq	Coverage_start	Coverage_end
T23599G(S:N679K) C23604A(S:P681H)	38	103	0.36893203883495146	23580	23629
A24424T(S:Q954H) T24469A(S:N969K)	27	52	0.5192307692307693	24406	24488
T24469A(S:N969K)	18	85	0.21176470588235294	24464	24568
C23525T(S:H655Y) T23599G(S:N679K) C23604A(S:P681H)	13	37	0.35135135135135137	23487	23633
A24424T(S:Q954H)	12	52	0.23076923076923078	24406	24481
T23599G(S:N679K) C23604A(S:P681H) C23638T(S:I692I)	10	98	0.10204081632653061	23579	23668
