Covariants	Count	Max_count	Freq	Coverage_start	Coverage_end
C25416T(ORF3a:F8F)	46	100	0.46	25377	25434
T23385A	37	86	0.43023255813953487	23250	23385
A23403G(S:D614G)	35	47	0.7446808510638298	23341	23468
G22317T(S:G252V)	33	63	0.5238095238095238	22207	22342
T21810C(S:V83A)	22	46	0.4782608695652174	21765	21900
C23525T(S:H655Y) G23562A	17	21	0.8095238095238095	23411	23562
(21764,6)(S:DEL69/70)	13	41	0.3170731707317073	21674	21817
