Covariants	Count	Max_count	Freq	Coverage_start	Coverage_end
T23599G(S:N679K) C23604A(S:P681H)	61	146	0.4178082191780822	23580	23642
A24424T(S:Q954H) T24469A(S:N969K)	20	31	0.6451612903225806	24406	24488
C23525T(S:H655Y) T23599G(S:N679K) C23604A(S:P681H)	14	47	0.2978723404255319	23485	23607
