Covariants	Count	Max_count	Freq	Coverage_start	Coverage_end
C25416T(ORF3a:F8F)	63	81	0.7777777777777778	25377	25434
C23266T(S:D568D) A23403G(S:D614G)	36	50	0.72	23250	23468
G22317T(S:G252V)	32	54	0.5925925925925926	22207	22347
T22200A(S:V213E) G22317T(S:G252V)	15	19	0.7894736842105263	22196	22347
T22882G(S:N440K) G22895C(S:V445P) T22896C(S:V445P) G22898A(S:G446S) T22930A(S:F456L) T22942G(S:N460K) G22992A(S:S477N) C22995A(S:T478K) A23013C(S:E484A) T23018C(S:F486P) T23019C(S:F486P) T23031C(S:F490S) A23055G(S:Q498R) A23063T(S:N501Y) T23075C(S:Y505H)	15	20	0.75	22850	23097
C23525T(S:H655Y) G23562A	14	15	0.9333333333333333	23411	23562
A24424T(S:Q954H) T24469A(S:N969K)	14	17	0.8235294117647058	24388	24621
C25000T(S:D1146D)	14	14	1.0	24926	25076
G21718T(S:Q52H) T21810C(S:V83A)	13	23	0.5652173913043478	21674	21900
A23403G(S:D614G) C23525T(S:H655Y)	10	11	0.9090909090909091	23325	23561
