Covariants	Count	Max_count	Freq	Coverage_start	Coverage_end
A22101T(S:E180V)	17	43	0.3953488372093023	22056	22103
C22109G(S:Q183E)	14	19	0.7368421052631579	22066	22113
