Covariants	Count	Max_count	Freq	Coverage_start	Coverage_end
T23599G(S:N679K) C23604A(S:P681H)	78	160	0.4875	23579	23666
C23525T(S:H655Y) T23599G(S:N679K) C23604A(S:P681H)	15	43	0.3488372093023256	23485	23607
A24424T(S:Q954H) T24469A(S:N969K)	15	26	0.5769230769230769	24406	24488
(23334,1)(S:DEL592)	12	54	0.2222222222222222	23322	23336
G22317T(S:G252V)	10	13	0.7692307692307693	22249	22341
