Covariants	Count	Max_count	Freq	Coverage_start	Coverage_end
T23599G(S:N679K) C23604A(S:P681H)	429	851	0.5041128084606346	23580	23661
A24424T(S:Q954H) T24469A(S:N969K)	165	282	0.5851063829787234	24415	24488
A24424T(S:Q954H)	54	288	0.1875	24406	24487
C23525T(S:H655Y) T23599G(S:N679K) C23604A(S:P681H)	53	175	0.3028571428571429	23501	23607
C25416T(ORF3a:F8F)	40	80	0.5	25381	25444
(23486,1)(S:DEL643) C23525T(S:H655Y) T23599G(S:N679K) C23604A(S:P681H)	40	148	0.2702702702702703	23477	23607
(23334,1)(S:DEL592)	30	190	0.15789473684210525	23322	23336
(25262,1)(S:DEL1235)	29	55	0.5272727272727272	25249	25326
G22813T(S:K417N) T22882G(S:N440K) G22895C(S:V445P) T22896C(S:V445P) G22898A(S:G446S) T22930A(S:F456L) T22942G(S:N460K)	26	59	0.4406779661016949	22808	22968
A23403G(S:D614G)	23	186	0.12365591397849462	23342	23415
G22813T(S:K417N) T22882G(S:N440K) G22895C(S:V445P) T22896C(S:V445P) G22898A(S:G446S)	22	92	0.2391304347826087	22801	22898
(24110,1)(S:DEL851)	19	91	0.2087912087912088	24028	24111
T23487G C23525T(S:H655Y) T23599G(S:N679K) C23604A(S:P681H)	19	150	0.12666666666666668	23486	23607
G22317T(S:G252V)	18	30	0.6	22242	22321
(24253,1)(S:DEL898)	17	89	0.19101123595505617	24226	24262
T23599G(S:N679K) C23604A(S:P681H) C23673T(S:S704L)	17	602	0.02823920265780731	23579	23705
T23599G(S:N679K) C23604G(S:P681R)	16	851	0.01880141010575793	23579	23666
T24469A(S:N969K)	16	324	0.04938271604938271	24464	24541
G22813T(S:K417N) T22882G(S:N440K)	16	128	0.125	22791	22886
C23525T(S:H655Y)	15	221	0.06787330316742081	23485	23553
C25000T(S:D1146D)	14	23	0.6086956521739131	24984	25065
T23599G(S:N679K) C23604A(S:P681H) C23664T(S:A701V)	10	655	0.015267175572519083	23580	23666
