Covariants	Count	Max_count	Freq	Coverage_start	Coverage_end
C21618T(S:T19I) (21632,9)(S:DEL25/27)	3458	4140	0.8352657004830918	21591	21652
(21764,6)(S:DEL69/70)	517	521	0.9923224568138196	21756	21779
G21578T(S:V6F) C21618T(S:T19I) (21632,9)(S:DEL25/27)	214	1520	0.14078947368421052	21577	21652
C21575T(S:L5F) C21618T(S:T19I) (21632,9)(S:DEL25/27)	195	1114	0.17504488330341114	21574	21653
(21577,1)(S:DEL6) C21618T(S:T19I) (21632,9)(S:DEL25/27)	179	1211	0.14781172584640792	21574	21652
(21632,9)(S:DEL25/27)	35	4140	0.008454106280193236	21590	21654
