Covariants	Count	Max_count	Freq	Coverage_start	Coverage_end
G22317T(S:G252V)	511	672	0.7604166666666666	22306	22338
C25416T(ORF3a:F8F)	356	488	0.7295081967213115	25377	25434
T21810C(S:V83A)	172	348	0.4942528735632184	21766	21821
C23525T(S:H655Y) G23562A	167	182	0.9175824175824175	23411	23562
A23403G(S:D614G)	144	177	0.8135593220338984	23353	23439
T23385A	96	280	0.34285714285714286	23250	23385
T21810C(S:V83A) T21880C(S:F106F)	51	270	0.18888888888888888	21765	21900
C23601T T23752A(S:S730S)	46	112	0.4107142857142857	23600	23752
C22664A(S:L368I) C22674T(S:S371F) T22679C(S:S373P) C22686T(S:S375F) A22688G(S:T376A) G22775A(S:D405N)	40	62	0.6451612903225806	22657	22781
A24424T(S:Q954H) T24469A(S:N969K)	40	91	0.43956043956043955	24388	24537
C25416T(ORF3a:F8F) C25490A(ORF3a:A33E)	36	454	0.07929515418502203	25377	25518
C25000T(S:D1146D)	35	41	0.8536585365853658	24927	25075
A22320G(S:D253G)	35	672	0.052083333333333336	22207	22347
C23525T(S:H655Y)	33	243	0.13580246913580246	23468	23526
(21764,6)(S:DEL69/70)	25	307	0.08143322475570032	21673	21817
T22882G(S:N440K) G22895C(S:V445P) T22896C(S:V445P) G22898A(S:G446S) T22942G(S:N460K) G22992A(S:S477N) C22995A(S:T478K) A23013C(S:E484A) T23018C(S:F486P) T23019C(S:F486P) T23031C(S:F490S) A23055G(S:Q498R) A23063T(S:N501Y) T23075C(S:Y505H)	25	33	0.7575757575757576	22850	23094
A24388T A24424T(S:Q954H) T24469A(S:N969K) A24539G	24	70	0.34285714285714286	24387	24539
C25118T(S:L1186F) G25269A	23	55	0.41818181818181815	25117	25269
A25347G(S:E1262G)	20	393	0.05089058524173028	25306	25518
A23403G(S:D614G) C23525T(S:H655Y)	19	24	0.7916666666666666	23325	23561
T22200A(S:V213E)	18	35	0.5142857142857142	22129	22243
A24652T	18	261	0.06896551724137931	24651	24802
C21811T(S:V83V)	17	348	0.04885057471264368	21765	21900
G21987A(S:G142D) (21990,3)(S:DEL144) C22000A(S:H146Q)	15	32	0.46875	21949	22098
A24388T A24424T(S:Q954H) T24469A(S:N969K)	14	91	0.15384615384615385	24387	24537
C23854A(S:N764K)	12	13	0.9230769230769231	23690	23910
T24640C(S:A1026A)	12	172	0.06976744186046512	24572	24720
(22218,1)(S:DEL220) G22317T(S:G252V)	11	642	0.017133956386292833	22206	22347
C23601T	10	138	0.07246376811594203	23600	23751
G22577C(S:G339H) G22578A(S:G339H) G22599C(S:R346T) C22642G(S:N360K)	10	13	0.7692307692307693	22491	22642
(25324,'A')(S:INS1255) C25416T(ORF3a:F8F)	10	229	0.043668122270742356	25306	25434
