Covariants	Count	Max_count	Freq	Coverage_start	Coverage_end
T23599G(S:N679K) C23604A(S:P681H)	29	46	0.6304347826086957	23580	23666
A24424T(S:Q954H) T24469A(S:N969K)	19	24	0.7916666666666666	24406	24488
T24469A(S:N969K)	12	47	0.2553191489361702	24464	24552
