Covariants	Count	Max_count	Freq	Coverage_start	Coverage_end
C21618T(S:T19I) (21632,9)(S:DEL25/27)	324	348	0.9310344827586207	21558	21671
G22992A(S:S477N) C22995A(S:T478K) A23013C(S:E484A) T23018C(S:F486P) T23019C(S:F486P) T23031C(S:F490S) A23055G(S:Q498R) A23063T(S:N501Y) T23075C(S:Y505H)	152	282	0.5390070921985816	22978	23195
G22992A(S:S477N) C22995G(S:T478R) A23013C(S:E484A) T23018C(S:F486P) T23019C(S:F486P) T23031C(S:F490S) A23055G(S:Q498R) A23063T(S:N501Y) T23075C(S:Y505H)	82	282	0.2907801418439716	22978	23119
A23403G(S:D614G) C23525T(S:H655Y) T23599G(S:N679K) C23604A(S:P681H)	25	48	0.5208333333333334	23250	23607
A23403G(S:D614G) C23525T(S:H655Y) C23591T(S:Q677*) T23599G(S:N679K) C23604A(S:P681H)	12	48	0.25	23250	23607
