Covariants	Count	Max_count	Freq	Coverage_start	Coverage_end
G22317T(S:G252V)	55	60	0.9166666666666666	22207	22347
C25416T(ORF3a:F8F)	39	60	0.65	25381	25434
T23385A	30	53	0.5660377358490566	23250	23385
C23525T(S:H655Y) G23562A	23	27	0.8518518518518519	23411	23562
T21810C(S:V83A)	15	23	0.6521739130434783	21765	21900
C23601T T23752A(S:S730S)	12	16	0.75	23600	23752
A24652T	10	39	0.2564102564102564	24651	24802
