Covariants	Count	Max_count	Freq	Coverage_start	Coverage_end
C25416T(ORF3a:F8F)	24	39	0.6153846153846154	25377	25518
C23525T(S:H655Y) G23562A	15	17	0.8823529411764706	23410	23562
