Covariants	Count	Max_count	Freq	Coverage_start	Coverage_end
T23599G(S:N679K) C23604A(S:P681H)	128	271	0.47232472324723246	23580	23662
A24424T(S:Q954H) T24469A(S:N969K)	35	59	0.5932203389830508	24416	24487
T24469A(S:N969K)	30	118	0.2542372881355932	24464	24547
C25416T(ORF3a:F8F)	24	43	0.5581395348837209	25381	25453
C23525T(S:H655Y) T23599G(S:N679K) C23604A(S:P681H)	22	54	0.4074074074074074	23485	23605
A23403G(S:D614G) C23525T(S:H655Y)	16	48	0.3333333333333333	23333	23535
G22813T(S:K417N) T22882G(S:N440K) G22895C(S:V445P) T22896C(S:V445P) G22898A(S:G446S) T22942G(S:N460K)	15	26	0.5769230769230769	22809	22968
C25000T(S:D1146D)	14	31	0.45161290322580644	24984	25012
G22317T(S:G252V)	12	21	0.5714285714285714	22242	22322
A23403G(S:D614G)	10	120	0.08333333333333333	23345	23425
