Covariants	Count	Max_count	Freq	Coverage_start	Coverage_end
A23403G(S:D614G)	24	78	0.3076923076923077	23402	23404
C22109G(S:Q183E)	10	37	0.2702702702702703	22108	22111
