Covariants	Count	Max_count	Freq	Coverage_start	Coverage_end
C22109G(S:Q183E)	25	28	0.8928571428571429	22066	22113
C22033A(S:F157L)	12	158	0.0759493670886076	22031	22060
A22101T(S:E180V)	10	54	0.18518518518518517	22064	22103
