Covariants	Count	Max_count	Freq	Coverage_start	Coverage_end
C23525T(S:H655Y) T23599G(S:N679K) C23604A(S:P681H)	50	118	0.423728813559322	23516	23607
T23599G(S:N679K) C23604A(S:P681H)	43	214	0.20093457943925233	23590	23666
A24424T(S:Q954H) T24469A(S:N969K)	43	74	0.581081081081081	24407	24488
C25416T(ORF3a:F8F)	20	31	0.6451612903225806	25381	25451
T24469A(S:N969K)	11	106	0.10377358490566038	24464	24545
