Covariants	Count	Max_count	Freq	Coverage_start	Coverage_end
A23403G(S:D614G)	35	170	0.20588235294117646	23402	23404
C22109G(S:Q183E)	31	104	0.2980769230769231	22108	22113
