Covariants	Count	Max_count	Freq	Coverage_start	Coverage_end
T22942G(S:N460K)	24	35	0.6857142857142857	22940	22946
G23761T(S:K733N)	21	66	0.3181818181818182	23760	23765
A22101T(S:E180V)	13	13	1.0	22056	22103
