Covariants	Count	Max_count	Freq	Coverage_start	Coverage_end
A24424T(S:Q954H) T24469A(S:N969K)	22	35	0.6285714285714286	24410	24488
T23599G(S:N679K) C23604A(S:P681H)	17	38	0.4473684210526316	23579	23660
G22317T(S:G252V)	11	13	0.8461538461538461	22249	22324
G22813T(S:K417N) T22882G(S:N440K)	10	12	0.8333333333333334	22801	22882
