Covariants	Count	Max_count	Freq	Coverage_start	Coverage_end
T23599G(S:N679K) C23604A(S:P681H)	457	1377	0.3318809005083515	23580	23645
A24424T(S:Q954H) T24469A(S:N969K)	441	685	0.6437956204379562	24416	24486
C23525T(S:H655Y) T23599G(S:N679K) C23604A(S:P681H)	199	599	0.332220367278798	23505	23607
A23403G(S:D614G)	121	576	0.21006944444444445	23358	23410
C25416T(ORF3a:F8F)	111	325	0.3415384615384615	25381	25453
A24424T(S:Q954H)	81	691	0.11722141823444283	24415	24425
(23486,1)(S:DEL643) C23525T(S:H655Y) T23599G(S:N679K) C23604A(S:P681H)	80	521	0.15355086372360843	23471	23606
C23854A(S:N764K)	78	568	0.13732394366197184	23765	23858
(25262,1)(S:DEL1235)	76	260	0.2923076923076923	25248	25272
T23487G C23525T(S:H655Y) T23599G(S:N679K) C23604A(S:P681H)	66	525	0.12571428571428572	23486	23607
G22317T(S:G252V)	60	118	0.5084745762711864	22256	22322
C23525T(S:H655Y)	53	860	0.06162790697674419	23485	23551
G22813T(S:K417N) T22882G(S:N440K) G22895C(S:V445P) T22896C(S:V445P) G22898A(S:G446S) T22942G(S:N460K)	53	132	0.4015151515151515	22791	22944
G22813T(S:K417N) T22882G(S:N440K) G22895C(S:V445P) T22896C(S:V445P) G22898A(S:G446S)	53	214	0.24766355140186916	22791	22898
C25000T(S:D1146D)	43	173	0.24855491329479767	24984	25004
T24469A(S:N969K)	34	837	0.04062126642771804	24464	24541
A23403G(S:D614G) C23525T(S:H655Y)	27	148	0.18243243243243243	23336	23532
(21764,6)(S:DEL69/70) (21817,1)(S:DEL86)	22	40	0.55	21756	21829
(24981,1)(S:DEL1141) C25000T(S:D1146D)	21	142	0.14788732394366197	24850	25009
G22813T(S:K417N) T22882G(S:N440K) A22893C(S:K444T) T22917G(S:L452R) T22942A(S:N460K)	21	132	0.1590909090909091	22791	22949
(23334,1)(S:DEL592) A23403G(S:D614G)	18	374	0.0481283422459893	23322	23406
C21618T(S:T19I) (21632,9)(S:DEL25/27)	16	44	0.36363636363636365	21596	21653
(23486,1)(S:DEL643) C23525T(S:H655Y)	14	782	0.017902813299232736	23471	23551
A23013C(S:E484A) T23018C(S:F486P) T23019C(S:F486P) T23031C(S:F490S) A23055G(S:Q498R) A23063T(S:N501Y) T23075C(S:Y505H)	13	21	0.6190476190476191	23005	23098
G22813T(S:K417N) T22882G(S:N440K) A22893C(S:K444T) T22917G(S:L452R)	12	171	0.07017543859649122	22791	22924
(24320,1)(S:DEL921)	11	172	0.06395348837209303	24144	24321
C21618T(S:T19I) (21632,9)(S:DEL25/27) (21764,6)(S:DEL69/70)	10	18	0.5555555555555556	21596	21800
T23335C A23403G(S:D614G)	10	378	0.026455026455026454	23334	23420
(23334,1)(S:DEL592)	10	416	0.02403846153846154	23268	23336
