Covariants	Count	Max_count	Freq	Coverage_start	Coverage_end
T23599G(S:N679K) C23604A(S:P681H)	44	177	0.24858757062146894	23580	23666
A24424T(S:Q954H) T24469A(S:N969K)	27	47	0.574468085106383	24406	24488
T23599G(S:N679K) C23604A(S:P681H) C23635T(S:S691S)	26	170	0.15294117647058825	23579	23645
(25262,1)(S:DEL1235)	24	35	0.6857142857142857	25248	25263
C23525T(S:H655Y) T23599G(S:N679K) C23604A(S:P681H)	17	73	0.2328767123287671	23505	23608
C25416T(ORF3a:F8F)	17	30	0.5666666666666667	25381	25452
