Covariants	Count	Max_count	Freq	Coverage_start	Coverage_end
T23599G(S:N679K) C23604A(S:P681H)	50	186	0.26881720430107525	23579	23664
A24424T(S:Q954H) T24469A(S:N969K)	35	67	0.5223880597014925	24416	24487
C23525T(S:H655Y) T23599G(S:N679K) C23604A(S:P681H)	25	79	0.31645569620253167	23505	23607
A24424T(S:Q954H)	16	68	0.23529411764705882	24406	24488
T24469A(S:N969K)	14	108	0.12962962962962962	24464	24548
