Covariants	Count	Max_count	Freq	Coverage_start	Coverage_end
A24424T(S:Q954H) T24469A(S:N969K)	90	137	0.656934306569343	24410	24488
C25416T(ORF3a:F8F)	41	93	0.44086021505376344	25371	25451
C23525T(S:H655Y) T23599G(S:N679K) C23604A(S:P681H)	37	124	0.29838709677419356	23505	23607
C23854A(S:N764K)	33	135	0.24444444444444444	23699	23866
T23599G(S:N679K) C23604A(S:P681H)	28	173	0.16184971098265896	23579	23645
A23403G(S:D614G)	20	89	0.2247191011235955	23285	23431
C23525T(S:H655Y)	17	159	0.1069182389937107	23485	23551
C23525T(S:H655Y) C23595T(S:T678I) T23599G(S:N679K) C23604A(S:P681H)	17	124	0.13709677419354838	23505	23637
(23486,1)(S:DEL643) C23525T(S:H655Y) T23599G(S:N679K) C23604A(S:P681H)	17	111	0.15315315315315314	23471	23645
G22813T(S:K417N) T22882G(S:N440K) G22895C(S:V445P) T22896C(S:V445P) G22898A(S:G446S) T22942G(S:N460K)	14	28	0.5	22791	22949
A24424T(S:Q954H)	13	137	0.0948905109489051	24406	24488
G22317T(S:G252V)	11	24	0.4583333333333333	22242	22345
G22813T(S:K417N) T22882G(S:N440K) G22895C(S:V445P) T22896C(S:V445P) G22898A(S:G446S)	10	51	0.19607843137254902	22791	22898
(24981,1)(S:DEL1141) C25000T(S:D1146D)	10	33	0.30303030303030304	24849	25006
