Covariants	Count	Max_count	Freq	Coverage_start	Coverage_end
G21987A(S:G142D) (21990,3)(S:DEL144) C22000A(S:H146Q)	73	220	0.33181818181818185	21978	22010
A22101T(S:E180V) C22109G(S:Q183E)	51	237	0.21518987341772153	22096	22113
G21987A(S:G142D) (21990,3)(S:DEL144) C22000A(S:H146Q) T22200A(S:V213E)	44	65	0.676923076923077	21978	22200
T22200A(S:V213E)	44	152	0.2894736842105263	22163	22201
A22101T(S:E180V) C22109G(S:Q183E) T22200A(S:V213E)	39	115	0.3391304347826087	22082	22201
G21987A(S:G142D) (21990,3)(S:DEL144) C22000A(S:H146Q) A22101T(S:E180V) C22109G(S:Q183E)	34	133	0.2556390977443609	21979	22109
G21987A(S:G142D) A22101T(S:E180V) C22109G(S:Q183E)	18	133	0.13533834586466165	21901	22109
G21987A(S:G142D)	11	231	0.047619047619047616	21905	21987
