Covariants	Count	Max_count	Freq	Coverage_start	Coverage_end
T23599G(S:N679K) C23604A(S:P681H)	219	508	0.4311023622047244	23593	23645
A24424T(S:Q954H) T24469A(S:N969K)	103	175	0.5885714285714285	24413	24488
C23525T(S:H655Y) T23599G(S:N679K) C23604A(S:P681H)	55	161	0.3416149068322981	23501	23607
(23334,1)(S:DEL592)	52	179	0.2905027932960894	23322	23336
G22317T(S:G252V)	37	49	0.7551020408163265	22256	22326
A24424T(S:Q954H)	36	176	0.20454545454545456	24413	24486
A23403G(S:D614G)	26	159	0.16352201257861634	23322	23406
C25416T(ORF3a:F8F)	25	44	0.5681818181818182	25381	25433
T23487G C23525T(S:H655Y) T23599G(S:N679K) C23604A(S:P681H)	24	147	0.16326530612244897	23486	23638
G22813T(S:K417N) T22882G(S:N440K)	20	72	0.2777777777777778	22791	22886
(23486,1)(S:DEL643) C23525T(S:H655Y) T23599G(S:N679K) C23604A(S:P681H)	18	146	0.1232876712328767	23471	23645
(24981,1)(S:DEL1141) C25000T(S:D1146D)	15	25	0.6	24849	25000
(25262,1)(S:DEL1235)	15	40	0.375	25248	25263
(23334,1)(S:DEL592) A23403G(S:D614G)	14	119	0.11764705882352941	23322	23405
(24253,1)(S:DEL898)	13	74	0.17567567567567569	24217	24265
G22813T(S:K417N) T22882G(S:N440K) G22895C(S:V445P) T22896C(S:V445P) G22898A(S:G446S)	10	41	0.24390243902439024	22801	22898
C23525T(S:H655Y)	10	182	0.054945054945054944	23485	23554
