Covariants	Count	Max_count	Freq	Coverage_start	Coverage_end
G22317T(S:G252V)	138	251	0.549800796812749	22209	22329
C25416T(ORF3a:F8F)	105	223	0.47085201793721976	25377	25434
A23403G(S:D614G)	70	98	0.7142857142857143	23325	23439
C23525T(S:H655Y) G23562A	59	76	0.7763157894736842	23411	23562
T21810C(S:V83A) T21880C(S:F106F)	45	121	0.371900826446281	21765	21900
T23385A	44	144	0.3055555555555556	23250	23385
(21764,6)(S:DEL69/70)	41	142	0.2887323943661972	21674	21817
T21810C(S:V83A)	27	154	0.17532467532467533	21765	21900
C22674T(S:S371F) T22679C(S:S373P) C22686T(S:S375F) A22688G(S:T376A) G22775A(S:D405N)	16	36	0.4444444444444444	22589	22781
G21987A(S:G142D) (21990,3)(S:DEL144) C22000A(S:H146Q)	15	30	0.5	21949	22098
C22664A(S:L368I) C22674T(S:S371F) T22679C(S:S373P) C22686T(S:S375F) A22688G(S:T376A) G22775A(S:D405N)	15	36	0.4166666666666667	22589	22781
G21795A(S:R78K) T21810C(S:V83A) T21880C(S:F106F)	13	121	0.10743801652892562	21764	21900
A23403G(S:D614G) C23525T(S:H655Y)	13	28	0.4642857142857143	23325	23561
C23601T T23752A(S:S730S)	13	66	0.19696969696969696	23600	23752
C23525T(S:H655Y)	12	106	0.11320754716981132	23411	23561
C23854A(S:N764K)	12	16	0.75	23690	23910
A24694C(S:G1044G)	11	144	0.0763888888888889	24652	24720
C25000T(S:D1146D)	11	19	0.5789473684210527	24926	25076
