Covariants	Count	Max_count	Freq	Coverage_start	Coverage_end
C21618T(S:T19I) (21632,9)(S:DEL25/27)	1194	1222	0.9770867430441899	21591	21652
(21632,9)(S:DEL25/27)	13	1222	0.010638297872340425	21590	21654
