Covariants	Count	Max_count	Freq	Coverage_start	Coverage_end
C22033A(S:F157L)	15	106	0.14150943396226415	22031	22067
T22942G(S:N460K)	14	30	0.4666666666666667	22940	22966
C22109G(S:Q183E)	11	26	0.4230769230769231	22065	22113
