Covariants	Count	Max_count	Freq	Coverage_start	Coverage_end
T23599G(S:N679K) C23604A(S:P681H)	184	378	0.48677248677248675	23579	23664
T24469A(S:N969K)	25	102	0.24509803921568626	24464	24535
A24424T(S:Q954H) T24469A(S:N969K)	18	39	0.46153846153846156	24413	24488
C21618T(S:T19I) (21632,9)(S:DEL25/27)	17	29	0.5862068965517241	21596	21667
C23525T(S:H655Y) T23599G(S:N679K) C23604A(S:P681H)	14	44	0.3181818181818182	23501	23607
(25262,1)(S:DEL1235)	13	26	0.5	25248	25263
T23075C(S:Y505H)	11	22	0.5	23074	23156
C25000T(S:D1146D)	11	21	0.5238095238095238	24984	25065
A23583T(S:Y674F) C23595T(S:T678I) T23599G(S:N679K) C23604A(S:P681H)	10	360	0.027777777777777776	23579	23700
