Covariants	Count	Max_count	Freq	Coverage_start	Coverage_end
C23854A(S:N764K)	3508	4438	0.7904461469130238	23828	23854
C25000T(S:D1146D)	3162	3809	0.8301391441323182	24997	25000
T23599G(S:N679K) C23604A(S:P681H)	2360	3161	0.7465991774754824	23598	23659
T23599G(S:N679K) C23604A(S:P681H) C23854A(S:N764K)	627	683	0.91800878477306	23598	23854
G22577C(S:G339H) G22578A(S:G339H) G22599C(S:R346T) C22664A(S:L368I) C22674T(S:S371F) T22679C(S:S373P) C22686T(S:S375F) A22688G(S:T376A)	56	128	0.4375	22569	22696
G22775A(S:D405N) A22786C(S:R408S) G22813T(S:K417N)	46	84	0.5476190476190477	22753	22813
C23604A(S:P681H)	39	3174	0.012287334593572778	23603	23672
C22664A(S:L368I) C22674T(S:S371F) T22679C(S:S373P) C22686T(S:S375F) A22688G(S:T376A)	37	214	0.17289719626168223	22635	22704
G22577C(S:G339H) G22578A(S:G339H) G22599C(S:R346T)	36	190	0.18947368421052632	22558	22606
C25416T(ORF3a:F8F)	35	37	0.9459459459459459	25344	25418
G22599C(S:R346T) C22664A(S:L368I) C22674T(S:S371F) T22679C(S:S373P) C22686T(S:S375F) A22688G(S:T376A)	17	159	0.1069182389937107	22598	22691
G22577C(S:G339H) G22578A(S:G339H) G22599C(S:R346T) C22664A(S:L368I)	17	152	0.1118421052631579	22568	22664
G22775A(S:D405N)	16	154	0.1038961038961039	22701	22780
C22664A(S:L368I) C22674T(S:S371F) T22679C(S:S373P) C22686T(S:S375F) A22688G(S:T376A) G22775A(S:D405N)	16	78	0.20512820512820512	22643	22778
C21618T(S:T19I) (21632,9)(S:DEL25/27)	16	17	0.9411764705882353	21611	21671
T23599G(S:N679K)	15	3161	0.004745333755140778	23593	23731
C22686T(S:S375F) A22688G(S:T376A) G22775A(S:D405N) A22786C(S:R408S) G22813T(S:K417N)	14	40	0.35	22681	22814
T21810C(S:V83A)	12	14	0.8571428571428571	21803	21812
(23788,'C')(S:INS743)	11	6342	0.0017344686218858404	23691	23791
G22577C(S:G339H) G22578A(S:G339H) C22664A(S:L368I) C22674T(S:S371F) T22679C(S:S373P) C22686T(S:S375F) A22688G(S:T376A)	11	128	0.0859375	22505	22704
C22664A(S:L368I) C22674T(S:S371F) T22679C(S:S373P) C22686T(S:S375F) A22688G(S:T376A) G22775A(S:D405N) A22786C(S:R408S) G22813T(S:K417N)	10	25	0.4	22643	22813
