Covariants	Count	Max_count	Freq	Coverage_start	Coverage_end
A24424T(S:Q954H) T24469A(S:N969K)	305	521	0.5854126679462572	24410	24487
T23599G(S:N679K) C23604A(S:P681H)	222	884	0.251131221719457	23587	23664
C23525T(S:H655Y) T23599G(S:N679K) C23604A(S:P681H)	185	460	0.40217391304347827	23505	23607
A24424T(S:Q954H)	83	522	0.15900383141762453	24410	24487
A23403G(S:D614G)	71	455	0.15604395604395604	23285	23405
(23334,1)(S:DEL592)	69	385	0.17922077922077922	23322	23336
C25416T(ORF3a:F8F)	61	102	0.5980392156862745	25381	25446
(25262,1)(S:DEL1235)	57	186	0.3064516129032258	25248	25295
C23854A(S:N764K)	55	344	0.15988372093023256	23765	23858
C23525T(S:H655Y)	51	537	0.09497206703910614	23485	23552
G22813T(S:K417N) T22882G(S:N440K) G22895C(S:V445P) T22896C(S:V445P) G22898A(S:G446S)	44	166	0.26506024096385544	22807	22898
G22317T(S:G252V)	44	66	0.6666666666666666	22249	22323
(23486,1)(S:DEL643) C23525T(S:H655Y) T23599G(S:N679K) C23604A(S:P681H)	44	380	0.11578947368421053	23471	23607
G22813T(S:K417N) T22882G(S:N440K) G22895C(S:V445P) T22896C(S:V445P) G22898A(S:G446S) T22942G(S:N460K)	33	96	0.34375	22791	22946
T23487G C23525T(S:H655Y) T23599G(S:N679K) C23604A(S:P681H)	31	389	0.07969151670951156	23486	23607
C25000T(S:D1146D)	29	121	0.2396694214876033	24985	25002
G22813T(S:K417N) T22882G(S:N440K)	28	236	0.11864406779661017	22791	22883
(24981,1)(S:DEL1141) C25000T(S:D1146D)	24	96	0.25	24858	25000
(23334,1)(S:DEL592) A23403G(S:D614G)	22	271	0.08118081180811808	23322	23404
G22813T(S:K417N) T22882G(S:N440K) G22895C(S:V445P) T22896C(S:V445P)	21	200	0.105	22791	22896
T24469A(S:N969K)	21	612	0.03431372549019608	24464	24545
T23599G(S:N679K) C23604A(S:P681H) C23673T(S:S704L)	16	311	0.05144694533762058	23593	23697
(24253,1)(S:DEL898)	12	89	0.1348314606741573	24226	24262
G22813T(S:K417N) T22882G(S:N440K) G22895C	10	203	0.04926108374384237	22791	22895
