Covariants	Count	Max_count	Freq	Coverage_start	Coverage_end
T23599G(S:N679K) C23604A(S:P681H)	402	1022	0.3933463796477495	23593	23663
A24424T(S:Q954H) T24469A(S:N969K)	163	303	0.5379537953795379	24410	24486
C23525T(S:H655Y) T23599G(S:N679K) C23604A(S:P681H)	129	372	0.3467741935483871	23518	23606
C25416T(ORF3a:F8F)	60	109	0.5504587155963303	25381	25446
A23403G(S:D614G)	54	323	0.16718266253869968	23333	23404
T23487G C23525T(S:H655Y) T23599G(S:N679K) C23604A(S:P681H)	49	316	0.1550632911392405	23486	23607
(25262,1)(S:DEL1235)	49	125	0.392	25249	25292
(23486,1)(S:DEL643) C23525T(S:H655Y) T23599G(S:N679K) C23604A(S:P681H)	41	314	0.1305732484076433	23471	23607
A24424T(S:Q954H)	41	314	0.1305732484076433	24410	24425
T24469A(S:N969K)	38	423	0.08983451536643026	24464	24535
G22813T(S:K417N) T22882G(S:N440K) G22895C(S:V445P) T22896C(S:V445P) G22898A(S:G446S)	33	105	0.3142857142857143	22801	22898
C23525T(S:H655Y)	32	503	0.0636182902584493	23485	23552
C23854A(S:N764K)	27	179	0.15083798882681565	23681	23858
C25000T(S:D1146D)	27	79	0.34177215189873417	24992	25002
(23334,1)(S:DEL592)	26	254	0.10236220472440945	23322	23336
A24424T(S:Q954H) T24469A(S:N969K) T24491C(S:L977L)	22	214	0.102803738317757	24406	24502
G22317T(S:G252V)	18	32	0.5625	22242	22322
G22813T(S:K417N) T22882G(S:N440K) G22895C(S:V445P) T22896C(S:V445P) G22898A(S:G446S) T22930A(S:F456L) T22942G(S:N460K)	13	54	0.24074074074074073	22791	22949
G22813T(S:K417N) T22882G(S:N440K) G22895C(S:V445P) T22896C(S:V445P) G22898A(S:G446S) T22942G(S:N460K)	10	54	0.18518518518518517	22791	22968
(24981,1)(S:DEL1141) C25000T(S:D1146D)	10	50	0.2	24849	25004
