Covariants	Count	Max_count	Freq	Coverage_start	Coverage_end
C25416T(ORF3a:F8F)	69	111	0.6216216216216216	25377	25431
G22317T(S:G252V)	31	93	0.3333333333333333	22207	22347
G22331A(S:G257S)	25	93	0.26881720430107525	22307	22449
C22664A(S:L368I) C22674T(S:S371F) T22679C(S:S373P) C22686T(S:S375F) A22688G(S:T376A) G22775A(S:D405N)	25	36	0.6944444444444444	22589	22781
T21810C(S:V83A)	24	43	0.5581395348837209	21764	21900
A23403G(S:D614G) C23525T(S:H655Y)	18	28	0.6428571428571429	23325	23561
T22882G(S:N440K) A22893G(S:K444R) T22917G(S:L452R) G22992A(S:S477N) C22995A(S:T478K) A23013C(S:E484A) T23018G(S:F486V) A23055G(S:Q498R) A23063T(S:N501Y) T23075C(S:Y505H)	15	46	0.32608695652173914	22850	23097
A23403G(S:D614G)	12	40	0.3	23325	23419
C25528T	12	40	0.3	25377	25528
C25000T(S:D1146D)	11	15	0.7333333333333333	24926	25076
C22674T(S:S371F) T22679C(S:S373P) C22686T(S:S375F) A22688G(S:T376A) G22775A(S:D405N)	10	36	0.2777777777777778	22589	22781
