Covariants	Count	Max_count	Freq	Coverage_start	Coverage_end
T23599G(S:N679K) C23604A(S:P681H)	351	789	0.4448669201520912	23587	23664
A24424T(S:Q954H) T24469A(S:N969K)	151	245	0.6163265306122448	24416	24488
C23525T(S:H655Y) T23599G(S:N679K) C23604A(S:P681H)	110	273	0.40293040293040294	23505	23607
T24469A(S:N969K)	59	426	0.13849765258215962	24464	24537
A24424T(S:Q954H)	47	246	0.1910569105691057	24406	24487
C25416T(ORF3a:F8F)	47	107	0.4392523364485981	25381	25444
C23854A(S:N764K)	45	316	0.14240506329113925	23699	23860
T23487G(S:V642G) C23525T(S:H655Y) T23599G(S:N679K) C23604A(S:P681H)	42	242	0.17355371900826447	23486	23607
C25000T(S:D1146D)	38	89	0.42696629213483145	24992	25001
(23486,1)(S:DEL643) C23525T(S:H655Y) T23599G(S:N679K) C23604A(S:P681H)	34	240	0.14166666666666666	23471	23607
(25262,1)(S:DEL1235)	27	149	0.18120805369127516	25248	25263
C23525T(S:H655Y)	14	364	0.038461538461538464	23471	23540
(23334,1)(S:DEL592)	13	100	0.13	23322	23336
A23403G(S:D614G)	13	149	0.087248322147651	23351	23425
T22200A(S:V213E)	12	18	0.6666666666666666	22117	22216
C23854A(S:N764K) (23887,1)(S:DEL776)	10	297	0.03367003367003367	23681	23888
