Covariants	Count	Max_count	Freq	Coverage_start	Coverage_end
T24469A(S:N969K)	68	74	0.918918918918919	24468	24493
G24257T(S:A899S)	39	109	0.3577981651376147	24226	24285
T22882G(S:N440K)	35	41	0.8536585365853658	22837	22882
