Covariants	Count	Max_count	Freq	Coverage_start	Coverage_end
C22674T(S:S371F) T22679C(S:S373P) C22686T(S:S375F) A22688G(S:T376A) G22775A(S:D405N)	480	586	0.8191126279863481	22664	22781
C25000T(S:D1146D)	323	425	0.76	24951	25062
C25416T(ORF3a:F8F)	314	747	0.4203480589022758	25380	25434
(21764,6)(S:DEL69/70)	268	383	0.6997389033942559	21674	21772
A23403G(S:D614G) C23525T(S:H655Y)	161	220	0.7318181818181818	23325	23561
A24424T(S:Q954H) T24469A(S:N969K)	97	121	0.8016528925619835	24388	24536
T22200G(S:V213G)	83	87	0.9540229885057471	22129	22243
(21764,6)(S:DEL69/70) C21855T(S:S98F)	81	335	0.2417910447761194	21674	21900
G22317T(S:G252V)	81	548	0.1478102189781022	22207	22347
T22882G(S:N440K) A22893C(S:K444T) T22917G(S:L452R) T22942A(S:N460K) G22992A(S:S477N) C22995A(S:T478K) A23013C(S:E484A) T23018G(S:F486V) A23055G(S:Q498R) A23063T(S:N501Y) T23075C(S:Y505H)	73	110	0.6636363636363637	22850	23097
C23854A(S:N764K)	70	108	0.6481481481481481	23781	23910
G22599C(S:R346T) C22674T(S:S371F) T22679C(S:S373P) C22686T(S:S375F) A22688G(S:T376A) G22775A(S:D405N)	65	574	0.1132404181184669	22589	22781
C23525T(S:H655Y) G23562A	57	116	0.49137931034482757	23411	23562
C25000T(S:D1146D) T25057C(S:D1165D)	49	425	0.11529411764705882	24926	25170
A23403G(S:D614G)	43	263	0.1634980988593156	23325	23420
G21987A(S:G142D)	39	76	0.5131578947368421	21974	22098
C23525T(S:H655Y)	35	321	0.10903426791277258	23411	23561
G22346A(S:A262T)	24	548	0.043795620437956206	22306	22449
G21987A(S:G142D) T22099A(S:L179L)	20	33	0.6060606060606061	21949	22099
A23760T(S:K733M) C23854A(S:N764K)	19	105	0.18095238095238095	23690	23910
T22882G(S:N440K) A22893C(S:K444T) T22917G(S:L452R) G22992A(S:S477N) C22995A(S:T478K) A23013C(S:E484A) T23018G(S:F486V) A23055G(S:Q498R) A23063T(S:N501Y) T23075C(S:Y505H)	18	110	0.16363636363636364	22850	23097
A23403G(S:D614G) C23525T(S:H655Y) T23599G(S:N679K) C23604A(S:P681H)	18	25	0.72	23325	23664
(23230,1)(S:DEL557)	16	158	0.10126582278481013	23129	23277
G22992A(S:S477N) C22995A(S:T478K) A23013C(S:E484A) T23018G(S:F486V) A23055G(S:Q498R) A23063T(S:N501Y) T23075C(S:Y505H) (23230,1)(S:DEL557)	16	28	0.5714285714285714	22978	23277
C23601T T23752A(S:S730S)	14	86	0.16279069767441862	23600	23752
C22674T(S:S371F) T22679C(S:S373P) C22686T(S:S375F) A22688G(S:T376A)	14	600	0.023333333333333334	22589	22736
C23525T(S:H655Y) C23604A(S:P681H)	12	55	0.21818181818181817	23411	23751
