Covariants	Count	Max_count	Freq	Coverage_start	Coverage_end
T23599G(S:N679K) C23604A(S:P681H)	49	180	0.2722222222222222	23581	23668
A24424T(S:Q954H) T24469A(S:N969K)	41	64	0.640625	24415	24488
C23525T(S:H655Y) T23599G(S:N679K) C23604A(S:P681H)	32	56	0.5714285714285714	23505	23607
T23599G(S:N679K) C23604A(S:P681H) C23673T(S:S704L)	23	112	0.20535714285714285	23579	23687
C25416T(ORF3a:F8F)	21	36	0.5833333333333334	25381	25453
T24469A(S:N969K)	16	103	0.1553398058252427	24464	24560
(25262,1)(S:DEL1235)	15	32	0.46875	25248	25263
(24981,1)(S:DEL1141) C25000T(S:D1146D)	10	14	0.7142857142857143	24849	25002
