Covariants	Count	Max_count	Freq	Coverage_start	Coverage_end
C23266T(S:D568D)	576	1082	0.532347504621072	23265	23266
A23403G(S:D614G)	441	730	0.6041095890410959	23385	23403
C23266T(S:D568D) A23403G(S:D614G)	195	302	0.6456953642384106	23264	23403
C23123A(S:P521T)	186	368	0.5054347826086957	23122	23195
C23123A(S:P521T) C23266T(S:D568D)	100	193	0.5181347150259067	23122	23267
G22317T(S:G252V)	67	90	0.7444444444444445	22314	22321
C23123A(S:P521T) A23403G(S:D614G)	26	36	0.7222222222222222	23120	23409
T22200A(S:V213E)	16	27	0.5925925925925926	22193	22278
A23403G(S:D614G) C23525T(S:H655Y) T23540C(S:Y660H)	16	29	0.5517241379310345	23402	23545
C23525T(S:H655Y) T23540C(S:Y660H)	15	50	0.3	23477	23544
