Covariants	Count	Max_count	Freq	Coverage_start	Coverage_end
T23599G(S:N679K) C23604A(S:P681H)	129	604	0.21357615894039736	23595	23666
T23599G(S:N679K) C23604A(S:P681H) C23673T(S:S704L)	128	398	0.32160804020100503	23590	23675
A24424T(S:Q954H) T24469A(S:N969K)	48	81	0.5925925925925926	24410	24487
C23525T(S:H655Y) T23599G(S:N679K) C23604A(S:P681H)	36	139	0.2589928057553957	23486	23636
T24469A(S:N969K)	25	139	0.17985611510791366	24464	24543
A24424T(S:Q954H)	21	84	0.25	24406	24488
T23599G(S:N679K) C23604A(S:P681H) C23664T(S:A701V)	18	439	0.04100227790432802	23579	23711
T23487G C23525T(S:H655Y) T23599G(S:N679K) C23604A(S:P681H)	17	109	0.1559633027522936	23486	23645
C25416T(ORF3a:F8F)	16	24	0.6666666666666666	25381	25451
C23525T(S:H655Y)	14	188	0.07446808510638298	23485	23553
(23486,1)(S:DEL643) C23525T(S:H655Y) T23599G(S:N679K) C23604A(S:P681H)	12	108	0.1111111111111111	23471	23645
T23599G(S:N679K) C23604A(S:P681H) (23641,1)(S:DEL694) C23664T(S:A701V)	10	439	0.022779043280182234	23579	23666
