Covariants	Count	Max_count	Freq	Coverage_start	Coverage_end
C21618T(S:T19I) (21632,9)(S:DEL25/27)	11079	11447	0.967851838909758	21591	21652
(21632,9)(S:DEL25/27)	109	11447	0.00952214554031624	21591	21653
A21592T G21593A(S:V11S) T21594G(S:V11S) C21595T(S:V11S) T21596C(S:S12L) C21597T(S:S12L) T21598C(S:S12L) A21599T(S:S13*) G21600A(S:S13*) T21601G(S:S13*) C21602T(S:Q14S) A21603C(S:Q14S) G21604A(S:Q14S) T21605G(S:C15V) G21606T(S:C15V) T21607G(S:C15V) G21608T(S:V16C) T21609G(S:V16C) A21611T(S:N17*) T21613A(S:N17*) C21614T(S:L18S) T21615C(S:L18S) A21617T(S:T19Y) C21618A(S:T19Y) A21619T(S:T19Y) C21621A(S:T20N) A21623C(S:R21Q) G21624A(S:R21Q) A21625G(S:R21Q) C21627A(S:T22N) T21628C(S:T22N) C21629T(S:Q23S) A21630C(S:Q23S) T21632A(S:L24I) (21633,9)(S:DEL25/27) A21643C(S:A27I) T21644A(S:Y28I) A21645T(S:Y28I) C21646A(S:Y28I) A21647C(S:T29H) C21648A(S:T29H) T21649C(S:T29H) A21650T(S:N30*) T21652A(S:N30*) C21654T(S:S31F) T21655C(S:S31F) C21658T(S:F32F) A21659C(S:T33H) C21660A(S:T33H) A21661C(S:T33H) C21662A(S:R34T) G21663C(S:R34T) T21664G(S:R34T) G21665T(S:G35W) T21667G(S:G35W) G21668T(S:V36C) T21669G(S:V36C) A21672T	11	77	0.14285714285714285	21591	21672
