Covariants	Count	Max_count	Freq	Coverage_start	Coverage_end
C23854A(S:N764K)	444	867	0.5121107266435986	23828	23854
T23599G(S:N679K) C23604A(S:P681H) G23666T(S:E702*)	426	699	0.6094420600858369	23598	23666
G23666T(S:E702*)	379	1328	0.28539156626506024	23665	23694
G23666T(S:E702*) C23854A(S:N764K)	227	409	0.5550122249388753	23664	23854
T23599G(S:N679K) C23604A(S:P681H) G23666T(S:E702*) C23854A(S:N764K)	117	173	0.6763005780346821	23598	23854
T23599G(S:N679K) C23604A(S:P681H)	115	740	0.1554054054054054	23592	23659
T23599G(S:N679K) C23604A(S:P681H) C23854A(S:N764K)	47	173	0.27167630057803466	23579	23854
C23604A(S:P681H) G23666T(S:E702*)	14	701	0.019971469329529243	23603	23667
