Covariants	Count	Max_count	Freq	Coverage_start	Coverage_end
A23403G(S:D614G)	83	88	0.9431818181818182	23362	23403
G22317T(S:G252V)	11	34	0.3235294117647059	22293	22364
C22480T(S:F306F)	11	25	0.44	22420	22482
