Covariants	Count	Max_count	Freq	Coverage_start	Coverage_end
T23599G(S:N679K) C23604A(S:P681H)	72	165	0.43636363636363634	23580	23663
A24424T(S:Q954H) T24469A(S:N969K)	52	107	0.48598130841121495	24410	24488
A24424T(S:Q954H)	34	107	0.3177570093457944	24410	24485
C25416T(ORF3a:F8F)	21	38	0.5526315789473685	25381	25453
C23525T(S:H655Y) T23599G(S:N679K) C23604A(S:P681H)	20	35	0.5714285714285714	23508	23607
C23525T(S:H655Y)	16	59	0.2711864406779661	23487	23551
(24110,1)(S:DEL851)	11	22	0.5	24016	24114
