Covariants	Count	Max_count	Freq	Coverage_start	Coverage_end
A24424T(S:Q954H) T24469A(S:N969K)	29	45	0.6444444444444445	24406	24502
C23525T(S:H655Y) T23599G(S:N679K) C23604A(S:P681H)	13	22	0.5909090909090909	23485	23606
T23599G(S:N679K) C23604A(S:P681H)	13	42	0.30952380952380953	23579	23668
