Covariants	Count	Max_count	Freq	Coverage_start	Coverage_end
A23403G(S:D614G)	59	173	0.34104046242774566	23402	23404
A22011G	23	52	0.4423076923076923	22010	22056
C22109G(S:Q183E)	17	118	0.1440677966101695	22108	22113
G21718T(S:Q52H)	13	43	0.3023255813953488	21716	21745
