Covariants	Count	Max_count	Freq	Coverage_start	Coverage_end
T23599G(S:N679K) C23604A(S:P681H)	217	631	0.3438985736925515	23580	23665
A24424T(S:Q954H) T24469A(S:N969K)	152	250	0.608	24410	24488
C23525T(S:H655Y) T23599G(S:N679K) C23604A(S:P681H)	69	227	0.3039647577092511	23505	23606
C25416T(ORF3a:F8F)	54	96	0.5625	25381	25438
A23403G(S:D614G)	39	257	0.1517509727626459	23351	23420
A24424T(S:Q954H)	33	251	0.13147410358565736	24416	24488
(23486,1)(S:DEL643) C23525T(S:H655Y) T23599G(S:N679K) C23604A(S:P681H)	29	169	0.17159763313609466	23471	23607
C23854A(S:N764K)	24	164	0.14634146341463414	23765	23859
G22813T(S:K417N) T22882G(S:N440K) G22895C(S:V445P) T22896C(S:V445P) G22898A(S:G446S)	22	66	0.3333333333333333	22801	22898
G22317T(S:G252V)	20	30	0.6666666666666666	22256	22322
C23525T(S:H655Y)	16	315	0.050793650793650794	23485	23551
T23599G(S:N679K) C23604A(S:P681H) C23635T(S:S691S)	15	605	0.024793388429752067	23593	23668
(23334,1)(S:DEL592)	14	184	0.07608695652173914	23270	23336
T24469A(S:N969K)	12	314	0.03821656050955414	24464	24579
T23488C(S:V642V) C23525T(S:H655Y) T23599G(S:N679K) C23604A(S:P681H)	10	171	0.05847953216374269	23485	23607
T23599G(S:N679K) C23604A(S:P681H) (23666,1)(S:DEL703)	10	338	0.029585798816568046	23579	23703
