Covariants	Count	Max_count	Freq	Coverage_start	Coverage_end
T23599G(S:N679K) C23604A(S:P681H)	219	772	0.28367875647668395	23580	23660
A24424T(S:Q954H) T24469A(S:N969K)	64	117	0.5470085470085471	24406	24488
C23525T(S:H655Y) T23599G(S:N679K) C23604A(S:P681H)	52	284	0.18309859154929578	23501	23607
T23487G C23525T(S:H655Y) T23599G(S:N679K) C23604A(S:P681H)	47	212	0.22169811320754718	23486	23607
C23525T(S:H655Y)	34	392	0.08673469387755102	23485	23551
(23486,1)(S:DEL643) C23525T(S:H655Y) T23599G(S:N679K) C23604A(S:P681H)	34	210	0.1619047619047619	23471	23607
C25416T(ORF3a:F8F)	31	67	0.4626865671641791	25384	25452
T24469A(S:N969K)	23	188	0.12234042553191489	24464	24541
T23599G(S:N679K) C23604A(S:P681H) G23628T(S:S689I)	22	756	0.0291005291005291	23579	23666
(25262,1)(S:DEL1235)	22	83	0.26506024096385544	25249	25295
A24424T(S:Q954H)	19	127	0.14960629921259844	24406	24487
C25000T(S:D1146D)	19	56	0.3392857142857143	24984	25000
A23403G(S:D614G)	17	219	0.0776255707762557	23285	23434
(23334,1)(S:DEL592) A23403G(S:D614G)	17	107	0.1588785046728972	23322	23421
(23334,1)(S:DEL592)	16	130	0.12307692307692308	23268	23336
C23854A(S:N764K)	14	260	0.05384615384615385	23765	23858
G22813T(S:K417N) T22882G(S:N440K) G22895C(S:V445P) T22896C(S:V445P) G22898A(S:G446S) T22942G(S:N460K)	13	25	0.52	22791	22949
G22317T(S:G252V)	12	23	0.5217391304347826	22242	22332
G22813T(S:K417N) T22882G(S:N440K) G22895C(S:V445P) T22896C(S:V445P) G22898A(S:G446S)	11	39	0.28205128205128205	22791	22899
