Covariants	Count	Max_count	Freq	Coverage_start	Coverage_end
C25416T(ORF3a:F8F)	170	251	0.6772908366533864	25377	25434
G22317T(S:G252V)	166	196	0.8469387755102041	22207	22347
T21810C(S:V83A)	86	114	0.7543859649122807	21765	21900
C23525T(S:H655Y) G23562A	81	91	0.8901098901098901	23411	23562
A23403G(S:D614G)	59	104	0.5673076923076923	23325	23439
C25000T(S:D1146D)	26	30	0.8666666666666667	24981	25076
T23385A	23	129	0.17829457364341086	23250	23385
C24784T(S:N1074N)	22	105	0.20952380952380953	24738	24802
(25401,'T')(ORF3a:INS4) C25416T(ORF3a:F8F)	19	251	0.07569721115537849	25377	25518
C22664A(S:L368I) C22674T(S:S371F) T22679C(S:S373P) C22686T(S:S375F) A22688G(S:T376A) G22775A(S:D405N)	16	22	0.7272727272727273	22589	22781
(25394,1)(ORF3a:DEL2) A25397T(ORF3a:D2V) C25416T(ORF3a:F8F)	16	251	0.06374501992031872	25306	25434
G21987A(S:G142D) (21990,3)(S:DEL144) C22000A(S:H146Q) A22003T(S:K147N)	15	29	0.5172413793103449	21949	22098
A24424T(S:Q954H) T24469A(S:N969K)	15	25	0.6	24388	24621
T22882G(S:N440K) G22895C(S:V445P) T22896C(S:V445P) G22898A(S:G446S) T22917G(S:L452R) T22930A(S:F456L) T22942G(S:N460K) C22982A(S:Q474K) G22992A(S:S477N) C22995A(S:T478K) A23013C(S:E484A) T23018C(S:F486P) T23019C(S:F486P) T23031C(S:F490S) A23055G(S:Q498R) A23063T(S:N501Y) T23075C(S:Y505H)	14	43	0.32558139534883723	22850	23097
A23403G(S:D614G) C23525T(S:H655Y)	14	34	0.4117647058823529	23325	23561
T23689C(S:N709N)	13	70	0.18571428571428572	23602	23836
C23525T(S:H655Y)	11	131	0.08396946564885496	23412	23561
T22882G(S:N440K) G22895C(S:V445P) T22896C(S:V445P) G22898A(S:G446S) T22942G(S:N460K) G22992A(S:S477N) C22995G(S:T478R) A23013C(S:E484A) T23018C(S:F486P) T23019C(S:F486P) T23031C(S:F490S) A23055G(S:Q498R) A23063T(S:N501Y) T23075C(S:Y505H)	11	43	0.2558139534883721	22850	23097
T22200A(S:V213E) G22317T(S:G252V)	11	13	0.8461538461538461	22129	22347
C25416T(ORF3a:F8F) G25429T(ORF3a:V13L)	11	250	0.044	25377	25518
G21987A(S:G142D) (21990,3)(S:DEL144) C22000A(S:H146Q)	10	29	0.3448275862068966	21949	22098
(23334,'T')(S:INS592) A23403G(S:D614G) C23525T(S:H655Y)	10	34	0.29411764705882354	23325	23561
