Covariants	Count	Max_count	Freq	Coverage_start	Coverage_end
C22109G(S:Q183E)	32	43	0.7441860465116279	22073	22113
T22942G(S:N460K)	13	24	0.5416666666666666	22940	22946
