Covariants	Count	Max_count	Freq	Coverage_start	Coverage_end
T23599G(S:N679K) C23604A(S:P681H)	104	358	0.2905027932960894	23580	23666
A24424T(S:Q954H) T24469A(S:N969K)	46	158	0.2911392405063291	24406	24488
C23525T(S:H655Y) T23599G(S:N679K) C23604A(S:P681H)	25	129	0.1937984496124031	23501	23636
A23403G(S:D614G)	22	129	0.17054263565891473	23342	23406
C25416T(ORF3a:F8F)	17	61	0.2786885245901639	25371	25452
A24424T(S:Q954H)	14	159	0.0880503144654088	24406	24488
T23487G(S:V642G) C23525T(S:H655Y) T23599G(S:N679K) C23604A(S:P681H)	13	108	0.12037037037037036	23486	23645
T23581C T23599G(S:N679K) C23604A(S:P681H)	13	349	0.03724928366762178	23579	23668
(25262,1)(S:DEL1235)	12	45	0.26666666666666666	25236	25326
T24469A(S:N969K)	11	206	0.05339805825242718	24464	24545
T25392C	11	63	0.1746031746031746	25381	25463
(23334,1)(S:DEL592)	10	95	0.10526315789473684	23322	23336
(23486,1)(S:DEL643) C23525T(S:H655Y) T23599G(S:N679K) C23604A(S:P681H)	10	106	0.09433962264150944	23471	23607
(23486,1)(S:DEL643)	10	139	0.07194244604316546	23471	23645
