Covariants	Count	Max_count	Freq	Coverage_start	Coverage_end
T23599G(S:N679K) C23604A(S:P681H)	107	339	0.31563421828908556	23580	23608
C23525T(S:H655Y) T23599G(S:N679K) C23604A(S:P681H)	46	162	0.2839506172839506	23508	23607
A24424T(S:Q954H) T24469A(S:N969K)	31	72	0.4305555555555556	24410	24488
T24469A(S:N969K)	24	115	0.20869565217391303	24464	24556
T23487G C23525T(S:H655Y) T23599G(S:N679K) C23604A(S:P681H)	23	138	0.16666666666666666	23486	23607
(23486,1)(S:DEL643) C23525T(S:H655Y) T23599G(S:N679K) C23604A(S:P681H)	21	138	0.15217391304347827	23478	23645
A24424T(S:Q954H)	20	74	0.2702702702702703	24406	24488
C25416T(ORF3a:F8F)	13	19	0.6842105263157895	25381	25463
(25262,1)(S:DEL1235)	10	24	0.4166666666666667	25248	25282
