Covariants	Count	Max_count	Freq	Coverage_start	Coverage_end
T23599G(S:N679K) C23604A(S:P681H)	98	289	0.3391003460207612	23580	23662
A24424T(S:Q954H) T24469A(S:N969K)	42	80	0.525	24416	24486
C23525T(S:H655Y) T23599G(S:N679K) C23604A(S:P681H)	25	94	0.26595744680851063	23485	23607
A24424T(S:Q954H)	22	80	0.275	24413	24488
C23525T(S:H655Y)	15	134	0.11194029850746269	23485	23551
G22813T(S:K417N) T22882G(S:N440K)	14	32	0.4375	22791	22884
(23334,1)(S:DEL592)	12	63	0.19047619047619047	23268	23336
