Covariants	Count	Max_count	Freq	Coverage_start	Coverage_end
C22109G(S:Q183E)	187	261	0.7164750957854407	22108	22113
C22033A(S:F157L)	50	931	0.05370569280343716	22031	22066
A23403G(S:D614G)	46	112	0.4107142857142857	23402	23404
T22942G(S:N460K)	30	50	0.6	22940	22948
T23293C(S:R577R)	25	1362	0.018355359765051395	23287	23294
C23745T(S:P728L)	20	222	0.09009009009009009	23742	23746
A22101T(S:E180V)	19	400	0.0475	22064	22103
T21810C(S:V83A)	11	15	0.7333333333333333	21776	21812
(22034,'G')(S:INS159)	11	947	0.011615628299894404	22031	22060
