Covariants	Count	Max_count	Freq	Coverage_start	Coverage_end
C22109G(S:Q183E)	113	192	0.5885416666666666	22108	22113
C22033A(S:F157L)	53	336	0.15773809523809523	22032	22060
A23403G(S:D614G)	25	57	0.43859649122807015	23379	23404
G23948T(S:D796Y)	18	131	0.13740458015267176	23945	23972
T23986C(S:D808D)	18	546	0.03296703296703297	23985	23986
T22200A(S:V213E)	16	91	0.17582417582417584	22195	22201
