Covariants	Count	Max_count	Freq	Coverage_start	Coverage_end
A24424T(S:Q954H) T24469A(S:N969K)	29	41	0.7073170731707317	24406	24488
C25416T(ORF3a:F8F)	10	19	0.5263157894736842	25371	25463
