Covariants	Count	Max_count	Freq	Coverage_start	Coverage_end
T23599G(S:N679K) C23604A(S:P681H)	44	98	0.4489795918367347	23579	23666
A24424T(S:Q954H) T24469A(S:N969K)	19	29	0.6551724137931034	24406	24488
C23854A(S:N764K)	10	44	0.22727272727272727	23681	23880
(25262,1)(S:DEL1235)	10	24	0.4166666666666667	25248	25317
