Covariants	Count	Max_count	Freq	Coverage_start	Coverage_end
C25416T(ORF3a:F8F)	119	182	0.6538461538461539	25377	25434
A23403G(S:D614G)	102	133	0.7669172932330827	23325	23468
G22317T(S:G252V)	94	168	0.5595238095238095	22207	22347
T23385A	84	220	0.38181818181818183	23250	23385
C23525T(S:H655Y) G23562A	78	93	0.8387096774193549	23411	23562
(21764,6)(S:DEL69/70)	45	105	0.42857142857142855	21674	21817
T21810C(S:V83A)	22	114	0.19298245614035087	21765	21900
C23525T(S:H655Y)	21	138	0.15217391304347827	23412	23525
T21810C(S:V83A) T21886C(S:T108T)	19	56	0.3392857142857143	21765	21900
A23403G(S:D614G) C23525T(S:H655Y)	13	21	0.6190476190476191	23325	23561
C23601T T23752A(S:S730S)	13	31	0.41935483870967744	23600	23752
T21810C(S:V83A) (21890,2)(S:DEL111)	12	56	0.21428571428571427	21674	21900
A24388T A24424T(S:Q954H) T24469A(S:N969K) A24539G	11	15	0.7333333333333333	24387	24539
