Covariants	Count	Max_count	Freq	Coverage_start	Coverage_end
T23599G(S:N679K) C23604A(S:P681H)	116	267	0.4344569288389513	23580	23665
A24424T(S:Q954H) T24469A(S:N969K)	43	63	0.6825396825396826	24410	24487
C23525T(S:H655Y) T23599G(S:N679K) C23604A(S:P681H)	25	71	0.352112676056338	23499	23607
A23403G(S:D614G)	15	100	0.15	23322	23406
C23854A(S:N764K)	10	91	0.10989010989010989	23790	23867
T24469A(S:N969K)	10	94	0.10638297872340426	24464	24565
C25000T(S:D1146D)	10	25	0.4	24984	25020
