Covariants	Count	Max_count	Freq	Coverage_start	Coverage_end
T23599G(S:N679K) C23604A(S:P681H) C23635T(S:S691S)	40	82	0.4878048780487805	23579	23671
T24469A(S:N969K)	31	95	0.3263157894736842	24464	24546
A24424T(S:Q954H) T24469A(S:N969K)	16	24	0.6666666666666666	24406	24488
(25262,1)(S:DEL1235)	12	27	0.4444444444444444	25248	25263
C23525T(S:H655Y) T23599G(S:N679K) C23604A(S:P681H) C23635T(S:S691S)	11	19	0.5789473684210527	23485	23637
