Covariants	Count	Max_count	Freq	Coverage_start	Coverage_end
A24424T(S:Q954H) T24469A(S:N969K)	143	231	0.6190476190476191	24407	24478
T23599G(S:N679K) C23604A(S:P681H) C23664T(S:A701V)	111	279	0.3978494623655914	23582	23664
C23525T(S:H655Y) T23599G(S:N679K) C23604A(S:P681H)	85	264	0.32196969696969696	23508	23606
T23599G(S:N679K) C23604A(S:P681H)	58	607	0.09555189456342669	23579	23659
C25416T(ORF3a:F8F)	51	90	0.5666666666666667	25381	25452
(25262,1)(S:DEL1235)	42	113	0.37168141592920356	25248	25266
T23599G(S:N679K) C23604A(S:P681H) (23641,1)(S:DEL694) C23664T(S:A701V)	31	279	0.1111111111111111	23580	23666
A24424T(S:Q954H)	31	231	0.1341991341991342	24410	24488
T23487G C23525T(S:H655Y) T23599G(S:N679K) C23604A(S:P681H)	30	200	0.15	23486	23607
A23403G(S:D614G)	29	257	0.11284046692607004	23336	23413
T24469A(S:N969K)	28	319	0.0877742946708464	24464	24550
(23486,1)(S:DEL643) C23525T(S:H655Y) T23599G(S:N679K) C23604A(S:P681H)	26	196	0.1326530612244898	23471	23607
(23334,1)(S:DEL592)	22	158	0.13924050632911392	23273	23350
C25000T(S:D1146D)	17	57	0.2982456140350877	24984	25007
G22813T(S:K417N) T22882G(S:N440K) G22895C(S:V445P) T22896C(S:V445P) G22898A(S:G446S) T22928C(S:F456L) T22942G(S:N460K)	16	46	0.34782608695652173	22800	22968
G22813T(S:K417N) T22882G(S:N440K)	13	82	0.15853658536585366	22791	22882
C23525T(S:H655Y)	10	336	0.02976190476190476	23485	23553
