Covariants	Count	Max_count	Freq	Coverage_start	Coverage_end
T23599G(S:N679K) C23604A(S:P681H)	26	99	0.26262626262626265	23579	23666
C23525T(S:H655Y) T23599G(S:N679K) C23604A(S:P681H)	19	38	0.5	23485	23609
A24424T(S:Q954H) T24469A(S:N969K)	15	29	0.5172413793103449	24406	24486
T23599G(S:N679K) C23604A(S:P681H) C23664T(S:A701V)	12	57	0.21052631578947367	23579	23668
