Covariants	Count	Max_count	Freq	Coverage_start	Coverage_end
T23599G(S:N679K) C23604A(S:P681H)	528	1201	0.43963363863447125	23590	23664
A24424T(S:Q954H) T24469A(S:N969K)	173	287	0.6027874564459931	24416	24488
C23525T(S:H655Y) T23599G(S:N679K) C23604A(S:P681H)	139	383	0.3629242819843342	23505	23607
T24469A(S:N969K)	107	543	0.19705340699815838	24464	24533
C25416T(ORF3a:F8F)	91	199	0.457286432160804	25381	25452
C23854A(S:N764K)	67	371	0.18059299191374664	23765	23856
T23487G C23525T(S:H655Y) T23599G(S:N679K) C23604A(S:P681H)	53	334	0.15868263473053892	23486	23645
A23403G(S:D614G)	47	367	0.12806539509536785	23351	23407
G22317T(S:G252V)	42	81	0.5185185185185185	22315	22329
(23486,1)(S:DEL643) C23525T(S:H655Y) T23599G(S:N679K) C23604A(S:P681H)	41	331	0.12386706948640483	23478	23607
A24424T(S:Q954H)	39	293	0.13310580204778158	24406	24488
C25000T(S:D1146D)	36	146	0.2465753424657534	24984	25008
A23403G(S:D614G) C23525T(S:H655Y)	34	176	0.19318181818181818	23336	23532
(23334,1)(S:DEL592)	30	273	0.10989010989010989	23322	23348
T22200A(S:V213E)	27	53	0.5094339622641509	22117	22200
T23075C(S:Y505H)	26	57	0.45614035087719296	23074	23156
(23334,1)(S:DEL592) A23403G(S:D614G)	22	235	0.09361702127659574	23322	23404
G22813T(S:K417N) T22882G(S:N440K) G22895C(S:V445P) T22896C(S:V445P) G22898A(S:G446S)	18	61	0.29508196721311475	22808	22898
(24981,1)(S:DEL1141) C25000T(S:D1146D)	17	91	0.18681318681318682	24849	25002
C23525T(S:H655Y)	17	611	0.027823240589198037	23485	23551
(23887,1)(S:DEL776)	15	353	0.042492917847025496	23765	23890
(24320,1)(S:DEL921)	14	115	0.12173913043478261	24144	24321
G22813T(S:K417N) T22882G(S:N440K)	12	86	0.13953488372093023	22791	22883
A23013C(S:E484A) T23018C(S:F486P) T23019C(S:F486P) T23031C(S:F490S) A23055G(S:Q498R) A23063T(S:N501Y) T23075C(S:Y505H)	11	13	0.8461538461538461	23005	23098
(25262,1)(S:DEL1235)	10	41	0.24390243902439024	25248	25326
G21987A(S:G142D) (21990,3)(S:DEL144) (21999,1)(S:DEL147)	10	135	0.07407407407407407	21848	22001
A23403G(S:D614G) (23486,1)(S:DEL643) C23525T(S:H655Y)	10	176	0.056818181818181816	23333	23538
G22813T(S:K417N) T22882G(S:N440K) G22895C(S:V445P) T22896C(S:V445P)	10	74	0.13513513513513514	22791	22896
C25416T(ORF3a:F8F) C25521T(ORF3a:F43F)	10	27	0.37037037037037035	25371	25572
