Covariants	Count	Max_count	Freq	Coverage_start	Coverage_end
T23599G(S:N679K) C23604A(S:P681H)	16	23	0.6956521739130435	23579	23664
A24424T(S:Q954H) T24469A(S:N969K)	11	18	0.6111111111111112	24406	24488
