Covariants	Count	Max_count	Freq	Coverage_start	Coverage_end
G23587T(S:Q675H) T23599G(S:N679K) C23604A(S:P681H)	32	109	0.29357798165137616	23579	23666
T23599G(S:N679K) C23604A(S:P681H)	16	110	0.14545454545454545	23579	23666
