Covariants	Count	Max_count	Freq	Coverage_start	Coverage_end
A23403G(S:D614G) C23525T(S:H655Y) T23599G(S:N679K) C23604A(S:P681H)	2385	2485	0.959758551307847	23392	23605
C23525T(S:H655Y) T23599G(S:N679K) C23604A(S:P681H)	37	2512	0.014729299363057325	23513	23605
A23403G(S:D614G) C23525T(S:H655Y)	26	2514	0.010342084327764518	23262	23525
A23403G(S:D614G)	16	2530	0.006324110671936759	23262	23417
