Covariants	Count	Max_count	Freq	Coverage_start	Coverage_end
A23403G(S:D614G)	17	54	0.3148148148148148	23402	23404
G21718T(S:Q52H)	12	58	0.20689655172413793	21716	21723
