Covariants	Count	Max_count	Freq	Coverage_start	Coverage_end
T21810C(S:V83A)	3852	7208	0.5344062153163152	21809	21810
C21618T(S:T19I) (21632,9)(S:DEL25/27)	3447	5775	0.5968831168831169	21616	21648
C21618T(S:T19I) (21632,9)(S:DEL25/27) T21810C(S:V83A)	1951	2765	0.7056057866184449	21615	21811
(21632,9)(S:DEL25/27)	208	5818	0.0357511172224132	21620	21653
(21632,9)(S:DEL25/27) T21810C(S:V83A)	125	2781	0.044947860481841066	21620	21812
T24469A(S:N969K)	120	140	0.8571428571428571	24462	24528
C23525T(S:H655Y)	95	266	0.35714285714285715	23507	23525
A23403G(S:D614G) C23525T(S:H655Y)	68	201	0.3383084577114428	23402	23525
A23403G(S:D614G)	65	286	0.22727272727272727	23402	23403
C25000T(S:D1146D)	39	56	0.6964285714285714	24979	25000
C23525T(S:H655Y) T23599G(S:N679K) C23604A(S:P681H)	34	77	0.44155844155844154	23524	23605
A23403G(S:D614G) C23525T(S:H655Y) T23599G(S:N679K) C23604A(S:P681H)	24	53	0.4528301886792453	23400	23606
A24424T(S:Q954H)	18	59	0.3050847457627119	24371	24424
A24424T(S:Q954H) T24469A(S:N969K)	18	37	0.4864864864864865	24412	24488
T23599G(S:N679K) C23604A(S:P681H)	18	101	0.1782178217821782	23597	23607
C25416T(ORF3a:F8F)	17	17	1.0	25381	25423
A23403G(S:D614G) T23599G(S:N679K) C23604A(S:P681H)	11	53	0.20754716981132076	23401	23607
T23031C(S:F490S) A23055G(S:Q498R) A23063T(S:N501Y) T23075C(S:Y505H)	11	33	0.3333333333333333	23028	23116
A23055G(S:Q498R) A23063T(S:N501Y) T23075C(S:Y505H)	10	42	0.23809523809523808	23048	23116
C23525T(S:H655Y) T23599G(S:N679K)	10	98	0.10204081632653061	23501	23599
