Covariants	Count	Max_count	Freq	Coverage_start	Coverage_end
C25416T(ORF3a:F8F)	71	74	0.9594594594594594	25381	25434
G22317T(S:G252V)	47	61	0.7704918032786885	22207	22347
T21810C(S:V83A)	25	37	0.6756756756756757	21765	21817
T22882G(S:N440K) G22895C(S:V445P) T22896C(S:V445P) G22898A(S:G446S) T22942G(S:N460K) G22992A(S:S477N) C22995A(S:T478K) A23013C(S:E484A) T23018C(S:F486P) T23019C(S:F486P) T23031C(S:F490S) A23055G(S:Q498R) A23063T(S:N501Y) T23075C(S:Y505H)	12	13	0.9230769230769231	22850	23097
T23385A	10	26	0.38461538461538464	23250	23385
