Covariants	Count	Max_count	Freq	Coverage_start	Coverage_end
C25416T(ORF3a:F8F) G25429C(ORF3a:V13L)	17	29	0.5862068965517241	25377	25518
G22317T(S:G252V)	14	19	0.7368421052631579	22206	22347
C23525T(S:H655Y) G23562A	13	13	1.0	23411	23562
