Covariants	Count	Max_count	Freq	Coverage_start	Coverage_end
A23403G(S:D614G)	84	234	0.358974358974359	23402	23404
G24558C(S:G999A)	37	289	0.12802768166089964	24557	24592
C22109G(S:Q183E)	17	90	0.18888888888888888	22108	22113
C23202T(S:T547I)	15	112	0.13392857142857142	23160	23206
