Covariants	Count	Max_count	Freq	Coverage_start	Coverage_end
C22109G(S:Q183E)	24	26	0.9230769230769231	22072	22113
T22942G(S:N460K)	10	22	0.45454545454545453	22940	22946
