Covariants	Count	Max_count	Freq	Coverage_start	Coverage_end
T23599G(S:N679K) C23604A(S:P681H)	66	148	0.44594594594594594	23579	23668
A24424T(S:Q954H) T24469A(S:N969K)	19	39	0.48717948717948717	24406	24488
C23525T(S:H655Y) T23599G(S:N679K) C23604A(S:P681H)	18	38	0.47368421052631576	23485	23607
