Covariants	Count	Max_count	Freq	Coverage_start	Coverage_end
G22317T(S:G252V)	66	84	0.7857142857142857	22207	22347
C25416T(ORF3a:F8F)	55	62	0.8870967741935484	25381	25434
T21810C(S:V83A)	35	63	0.5555555555555556	21778	21900
C23525T(S:H655Y) G23562A	14	17	0.8235294117647058	23411	23562
A22245T(S:D228V) G22317T(S:G252V)	12	82	0.14634146341463414	22207	22347
