Covariants	Count	Max_count	Freq	Coverage_start	Coverage_end
T23599G(S:N679K) C23604A(S:P681H)	109	497	0.2193158953722334	23587	23645
A24424T(S:Q954H) T24469A(S:N969K)	109	182	0.5989010989010989	24410	24487
C23525T(S:H655Y) T23599G(S:N679K) C23604A(S:P681H)	108	275	0.3927272727272727	23501	23607
C25416T(ORF3a:F8F)	45	72	0.625	25384	25452
(23486,1)(S:DEL643) C23525T(S:H655Y) T23599G(S:N679K) C23604A(S:P681H)	36	225	0.16	23471	23607
A24424T(S:Q954H)	28	184	0.15217391304347827	24406	24488
(23334,1)(S:DEL592)	25	166	0.15060240963855423	23268	23336
C23525T(S:H655Y)	22	344	0.06395348837209303	23485	23551
T23487G C23525T(S:H655Y) T23599G(S:N679K) C23604A(S:P681H)	20	225	0.08888888888888889	23486	23607
(25262,1)(S:DEL1235)	20	73	0.273972602739726	25248	25263
A23403G(S:D614G)	16	235	0.06808510638297872	23333	23417
C23854A(S:N764K)	15	211	0.07109004739336493	23765	23858
G22317T(S:G252V)	12	21	0.5714285714285714	22261	22322
G22813T(S:K417N) T22882G(S:N440K) G22895C(S:V445P) T22896C(S:V445P) G22898A(S:G446S)	11	64	0.171875	22791	22898
(23816,1)(S:DEL753)	10	229	0.043668122270742356	23681	23819
