Covariants	Count	Max_count	Freq	Coverage_start	Coverage_end
G22317T(S:G252V)	63	124	0.5080645161290323	22209	22347
T21810C(S:V83A)	47	113	0.415929203539823	21765	21825
C23525T(S:H655Y) G23562A	43	46	0.9347826086956522	23411	23562
T23385A	30	62	0.4838709677419355	23250	23385
C25416T(ORF3a:F8F)	19	43	0.4418604651162791	25377	25434
T21760G(S:H66Q) (21764,6)(S:DEL69/70)	17	81	0.20987654320987653	21674	21817
(21764,6)(S:DEL69/70)	15	107	0.14018691588785046	21674	21817
T22276C(S:F238F) G22317T(S:G252V)	10	122	0.08196721311475409	22207	22347
A23403G(S:D614G)	10	30	0.3333333333333333	23338	23467
