Covariants	Count	Max_count	Freq	Coverage_start	Coverage_end
T23599G(S:N679K) C23604A(S:P681H) C23664T(S:A701V)	84	124	0.6774193548387096	23579	23664
A24424T(S:Q954H) T24469A(S:N969K)	82	117	0.7008547008547008	24410	24488
C23525T(S:H655Y) T23599G(S:N679K) C23604A(S:P681H)	55	76	0.7236842105263158	23485	23607
C25416T(ORF3a:F8F)	40	62	0.6451612903225806	25381	25446
T24469A(S:N969K)	30	169	0.17751479289940827	24464	24544
(25262,1)(S:DEL1235)	19	37	0.5135135135135135	25248	25263
A23403G(S:D614G)	17	44	0.38636363636363635	23268	23423
T23075C(S:Y505H)	11	16	0.6875	23074	23156
