Covariants	Count	Max_count	Freq	Coverage_start	Coverage_end
A24424T(S:Q954H) T24469A(S:N969K)	36	50	0.72	24410	24488
T23599G(S:N679K) C23604A(S:P681H)	32	133	0.24060150375939848	23579	23660
C23525T(S:H655Y) T23599G(S:N679K) C23604A(S:P681H)	13	53	0.24528301886792453	23501	23608
(23486,1)(S:DEL643) C23525T(S:H655Y) T23599G(S:N679K) C23604A(S:P681H)	12	43	0.27906976744186046	23471	23607
