Covariants	Count	Max_count	Freq	Coverage_start	Coverage_end
C22674T(S:S371F) T22679C(S:S373P) C22686T(S:S375F) A22688G(S:T376A) G22775A(S:D405N) A22786C(S:R408S)	155	246	0.6300813008130082	22673	22808
G22317T(S:G252V)	130	386	0.33678756476683935	22307	22319
(21764,6)(S:DEL69/70)	126	260	0.4846153846153846	21674	21810
T21810C(S:V83A)	94	275	0.3418181818181818	21786	21824
C25000T(S:D1146D)	68	84	0.8095238095238095	24930	25031
C22664A(S:L368I) C22674T(S:S371F) T22679C(S:S373P) C22686T(S:S375F) A22688G(S:T376A) G22775A(S:D405N) A22786C(S:R408S)	62	244	0.2540983606557377	22591	22808
G25352T(S:V1264L)	49	227	0.21585903083700442	25309	25407
A23403G(S:D614G)	44	90	0.4888888888888889	23358	23407
C25416T(ORF3a:F8F)	41	362	0.1132596685082873	25377	25446
A24424T(S:Q954H) T24469A(S:N969K)	38	56	0.6785714285714286	24388	24522
C23525T(S:H655Y)	37	115	0.3217391304347826	23468	23561
T22200A(S:V213E) G22317T(S:G252V)	34	57	0.5964912280701754	22129	22347
C23854A(S:N764K)	34	41	0.8292682926829268	23806	23913
A23403G(S:D614G) C23525T(S:H655Y)	31	47	0.6595744680851063	23325	23561
T22200G(S:V213G)	26	73	0.3561643835616438	22196	22274
A23234T(S:K558*) T23385A	22	58	0.3793103448275862	23233	23385
T22882G(S:N440K) G22895C(S:V445P) T22896C(S:V445P) G22898A(S:G446S) T22942G(S:N460K) G22992A(S:S477N) C22995A(S:T478K) A23013C(S:E484A) T23018C(S:F486P) T23019C(S:F486P) T23031C(S:F490S) A23055G(S:Q498R) A23063T(S:N501Y) T23075C(S:Y505H)	21	76	0.27631578947368424	22850	23097
T22304C(S:Y248H) C22314A(S:P251H)	15	360	0.041666666666666664	22207	22347
G21987A(S:G142D) (21990,3)(S:DEL144) C22000A(S:H146Q)	15	63	0.23809523809523808	21949	22098
(25413,1)(ORF3a:DEL8)	15	362	0.04143646408839779	25377	25511
C23525T(S:H655Y) G23562A	14	30	0.4666666666666667	23411	23562
A24388T A24424T(S:Q954H) T24469A(S:N969K) A24539G	13	49	0.2653061224489796	24387	24539
C22314T(S:P251L)	11	386	0.02849740932642487	22207	22347
T21810C(S:V83A) T21916A(S:L118L)	11	15	0.7333333333333333	21764	21916
T22882G(S:N440K) A22893C(S:K444T) T22917G(S:L452R) T22942A(S:N460K) G22992A(S:S477N) C22995A(S:T478K) A23013C(S:E484A) T23018G(S:F486V) A23055G(S:Q498R) A23063T(S:N501Y) T23075C(S:Y505H)	10	76	0.13157894736842105	22850	23097
C22674T(S:S371F) T22679C(S:S373P) C22686T(S:S375F) A22688G(S:T376A)	10	263	0.03802281368821293	22638	22720
G21987A(S:G142D) T21994C(S:Y144Y) T21995A(S:Y145K) C21997A(S:Y145K) C21998A(S:H146K) C22000A(S:H146K) T22099A(S:L179L)	10	15	0.6666666666666666	21949	22099
