Covariants	Count	Max_count	Freq	Coverage_start	Coverage_end
A24424T(S:Q954H) T24469A(S:N969K)	400	598	0.6688963210702341	24416	24478
T23599G(S:N679K) C23604A(S:P681H)	304	991	0.3067608476286579	23580	23645
C25416T(ORF3a:F8F) G25429C(ORF3a:V13L)	189	325	0.5815384615384616	25385	25446
C23525T(S:H655Y) T23599G(S:N679K) C23604A(S:P681H)	174	497	0.3501006036217304	23517	23607
A24424T(S:Q954H)	79	604	0.13079470198675497	24416	24430
T23487G C23525T(S:H655Y) T23599G(S:N679K) C23604A(S:P681H)	75	409	0.18337408312958436	23486	23636
A23403G(S:D614G)	72	551	0.1306715063520871	23340	23405
G22813T(S:K417N) T22882G(S:N440K) G22895C(S:V445P) T22896C(S:V445P) G22898A(S:G446S) T22942G(S:N460K)	70	138	0.5072463768115942	22800	22947
C23854A(S:N764K)	59	417	0.14148681055155876	23768	23858
(23486,1)(S:DEL643) C23525T(S:H655Y) T23599G(S:N679K) C23604A(S:P681H)	48	408	0.11764705882352941	23471	23607
(23334,1)(S:DEL592)	44	405	0.10864197530864197	23322	23336
G22813T(S:K417N) T22882G(S:N440K) G22895C(S:V445P) T22896C(S:V445P) G22898A(S:G446S)	40	196	0.20408163265306123	22800	22898
C23525T(S:H655Y)	39	731	0.0533515731874145	23485	23540
(25262,1)(S:DEL1235)	35	191	0.18324607329842932	25248	25295
G25429C(ORF3a:V13L)	33	325	0.10153846153846154	25381	25441
G22317T(S:G252V)	29	44	0.6590909090909091	22256	22323
(24981,1)(S:DEL1141) C25000T(S:D1146D)	26	73	0.3561643835616438	24858	25004
C25416T(ORF3a:F8F)	22	326	0.06748466257668712	25381	25419
(23334,1)(S:DEL592) A23403G(S:D614G)	20	335	0.05970149253731343	23322	23403
C25000T(S:D1146D)	20	102	0.19607843137254902	24984	25013
(24320,1)(S:DEL921)	18	133	0.13533834586466165	24144	24321
A23403G(S:D614G) (23486,1)(S:DEL643) C23525T(S:H655Y)	16	151	0.10596026490066225	23339	23532
G22813T(S:K417N) T22882G(S:N440K)	16	235	0.06808510638297872	22791	22888
G22813T(S:K417N) T22882G(S:N440K) G22895C(S:V445P) T22896C(S:V445P)	13	215	0.06046511627906977	22791	22897
