Covariants	Count	Max_count	Freq	Coverage_start	Coverage_end
T23599G(S:N679K) C23604A(S:P681H) C23664T(S:A701V)	12	39	0.3076923076923077	23579	23708
T23599G(S:N679K) C23604A(S:P681H)	11	61	0.18032786885245902	23579	23666
