Covariants	Count	Max_count	Freq	Coverage_start	Coverage_end
C25416T(ORF3a:F8F)	276	382	0.7225130890052356	25381	25426
G22317T(S:G252V)	166	199	0.8341708542713567	22207	22347
T21810C(S:V83A)	79	172	0.45930232558139533	21795	21900
C25416T(ORF3a:F8F) G25429T(ORF3a:V13L)	57	381	0.14960629921259844	25377	25457
G21718T(S:Q52H) T21810C(S:V83A)	55	150	0.36666666666666664	21674	21825
C23525T(S:H655Y) G23562A	50	64	0.78125	23411	23562
C25000T(S:D1146D)	35	39	0.8974358974358975	24929	25076
A23403G(S:D614G)	23	53	0.4339622641509434	23325	23468
C22664A(S:L368I) C22674T(S:S371F) T22679C(S:S373P) C22686T(S:S375F) A22688G(S:T376A) G22775A(S:D405N)	19	23	0.8260869565217391	22657	22781
G23624A(S:A688T)	19	52	0.36538461538461536	23601	23751
A23403G(S:D614G) C23525T(S:H655Y)	18	27	0.6666666666666666	23325	23561
G21987A(S:G142D) (21990,3)(S:DEL144) C22000A(S:H146Q)	17	20	0.85	21949	22098
T22882G(S:N440K) G22895C(S:V445P) T22896C(S:V445P) G22898A(S:G446S) T22928C(S:F456L) T22942G(S:N460K) G22992A(S:S477N) C22995G(S:T478R) A23013C(S:E484A) T23018C(S:F486P) T23019C(S:F486P) T23031C(S:F490S) A23055G(S:Q498R) A23063T(S:N501Y) T23075C(S:Y505H)	14	50	0.28	22850	23097
C23854A(S:N764K)	13	13	1.0	23763	23910
T23385A	12	65	0.18461538461538463	23250	23385
C23525T(S:H655Y)	12	106	0.11320754716981132	23461	23561
A24424T(S:Q954H) T24469A(S:N969K)	12	21	0.5714285714285714	24388	24537
T22882G(S:N440K) G22895C(S:V445P) T22896C(S:V445P) G22898A(S:G446S) T22930A(S:F456L) T22942G(S:N460K) C22971A(S:T470N) G22992A(S:S477N) C22995A(S:T478K)	11	69	0.15942028985507245	22850	23000
T22882G(S:N440K) G22895C(S:V445P) T22896C(S:V445P) G22898A(S:G446S) T22928C(S:F456L) T22942G(S:N460K) G22959T(S:R466I) G22992A(S:S477N) C22995G(S:T478R) A23013C(S:E484A) T23018C(S:F486P) T23019C(S:F486P) T23031C(S:F490S) A23055G(S:Q498R) A23063T(S:N501Y) T23075C(S:Y505H)	11	50	0.22	22850	23097
