Covariants	Count	Max_count	Freq	Coverage_start	Coverage_end
T23599G(S:N679K) C23604A(S:P681H)	55	245	0.22448979591836735	23580	23666
C23525T(S:H655Y) T23599G(S:N679K) C23604A(S:P681H)	45	128	0.3515625	23505	23605
A24424T(S:Q954H) T24469A(S:N969K)	37	62	0.5967741935483871	24406	24488
A23403G(S:D614G)	17	166	0.10240963855421686	23349	23425
C25416T(ORF3a:F8F)	16	33	0.48484848484848486	25381	25465
(23334,1)(S:DEL592)	15	98	0.15306122448979592	23322	23336
G22813T(S:K417N) T22882G(S:N440K) G22895C(S:V445P) T22896C(S:V445P) G22898A(S:G446S)	14	57	0.24561403508771928	22791	22898
A24424T(S:Q954H)	12	65	0.18461538461538463	24406	24488
T23487G C23525T(S:H655Y) T23599G(S:N679K) C23604A(S:P681H)	11	90	0.12222222222222222	23486	23645
T23599G(S:N679K) C23604A(S:P681H) C23664T(S:A701V)	11	95	0.11578947368421053	23579	23709
T24469A(S:N969K)	11	103	0.10679611650485436	24464	24552
