Covariants	Count	Max_count	Freq	Coverage_start	Coverage_end
T23599G(S:N679K) C23604A(S:P681H)	71	155	0.45806451612903226	23579	23666
A24424T(S:Q954H) T24469A(S:N969K)	60	91	0.6593406593406593	24410	24487
C25416T(ORF3a:F8F) G25429C(ORF3a:V13L)	16	30	0.5333333333333333	25381	25472
C23525T(S:H655Y) T23599G(S:N679K) C23604A(S:P681H)	15	46	0.32608695652173914	23485	23608
A24424T(S:Q954H)	14	94	0.14893617021276595	24413	24425
A23403G(S:D614G)	12	53	0.22641509433962265	23285	23444
T24469A(S:N969K)	10	121	0.08264462809917356	24464	24569
