Covariants	Count	Max_count	Freq	Coverage_start	Coverage_end
T23599G(S:N679K) C23604A(S:P681H)	110	270	0.4074074074074074	23580	23664
A24424T(S:Q954H) T24469A(S:N969K)	70	110	0.6363636363636364	24406	24488
(23334,1)(S:DEL592)	39	125	0.312	23322	23336
G22317T(S:G252V)	29	50	0.58	22242	22324
C23525T(S:H655Y) T23599G(S:N679K) C23604A(S:P681H)	22	68	0.3235294117647059	23501	23607
T23599G(S:N679K) C23604A(S:P681H) C23673T(S:S704L)	20	162	0.12345679012345678	23579	23697
A23403G(S:D614G)	16	142	0.11267605633802817	23285	23408
(24253,1)(S:DEL898)	16	47	0.3404255319148936	24226	24262
A24424T(S:Q954H)	15	110	0.13636363636363635	24406	24488
G22813T(S:K417N) T22882G(S:N440K)	14	29	0.4827586206896552	22791	22885
C25416T(ORF3a:F8F)	13	43	0.3023255813953488	25376	25447
T23487G C23525T(S:H655Y) T23599G(S:N679K) C23604A(S:P681H)	11	61	0.18032786885245902	23486	23607
(25262,1)(S:DEL1235)	11	20	0.55	25248	25295
