Covariants	Count	Max_count	Freq	Coverage_start	Coverage_end
T23599G(S:N679K) C23604A(S:P681H)	132	440	0.3	23579	23660
T23599G(S:N679K) C23604A(S:P681H) C23664T(S:A701V)	57	297	0.1919191919191919	23579	23665
A24424T(S:Q954H) T24469A(S:N969K)	52	84	0.6190476190476191	24410	24488
C23525T(S:H655Y) T23599G(S:N679K) C23604A(S:P681H)	42	111	0.3783783783783784	23505	23607
(25262,1)(S:DEL1235)	20	67	0.29850746268656714	25249	25326
A24424T(S:Q954H)	17	88	0.19318181818181818	24406	24425
G22813T(S:K417N) T22882G(S:N440K) G22895C(S:V445P) T22896C(S:V445P) G22898A(S:G446S)	16	48	0.3333333333333333	22801	22898
T24469A(S:N969K)	16	137	0.11678832116788321	24464	24579
(23334,1)(S:DEL592) A23403G(S:D614G)	13	100	0.13	23322	23403
C25000T(S:D1146D)	13	40	0.325	24984	25069
(23486,1)(S:DEL643) C23525T(S:H655Y) T23599G(S:N679K) C23604A(S:P681H)	12	85	0.1411764705882353	23471	23607
A23403G(S:D614G)	11	154	0.07142857142857142	23345	23426
