Covariants	Count	Max_count	Freq	Coverage_start	Coverage_end
T23599G(S:N679K) C23604A(S:P681H)	247	446	0.5538116591928252	23579	23664
C23525T(S:H655Y) T23599G(S:N679K) C23604A(S:P681H)	40	86	0.46511627906976744	23501	23604
A24424T(S:Q954H) T24469A(S:N969K)	23	30	0.7666666666666667	24410	24488
T23487G C23525T(S:H655Y) T23599G(S:N679K) C23604A(S:P681H)	12	69	0.17391304347826086	23486	23645
T24469A(S:N969K)	12	59	0.2033898305084746	24464	24557
