Covariants	Count	Max_count	Freq	Coverage_start	Coverage_end
T23599G(S:N679K) C23604A(S:P681H)	38	117	0.3247863247863248	23579	23666
A24424T(S:Q954H) T24469A(S:N969K)	30	55	0.5454545454545454	24406	24481
A23598G(S:N679R) T23599G(S:N679R) C23604A(S:P681H) C23664T(S:A701V)	13	83	0.1566265060240964	23579	23668
A24424T(S:Q954H)	11	55	0.2	24406	24487
