Covariants	Count	Max_count	Freq	Coverage_start	Coverage_end
T23599G(S:N679K) C23604A(S:P681H)	230	394	0.583756345177665	23590	23664
A24424T(S:Q954H) T24469A(S:N969K)	55	75	0.7333333333333333	24406	24488
(25262,1)(S:DEL1235)	32	85	0.3764705882352941	25248	25263
C23525T(S:H655Y) T23599G(S:N679K) C23604A(S:P681H)	31	67	0.4626865671641791	23508	23607
T24469A(S:N969K)	22	121	0.18181818181818182	24464	24538
C25416T(ORF3a:F8F)	14	43	0.32558139534883723	25381	25452
C23854A(S:N764K)	13	135	0.0962962962962963	23681	23860
