Covariants	Count	Max_count	Freq	Coverage_start	Coverage_end
T23599G(S:N679K) C23604A(S:P681H)	110	314	0.3503184713375796	23593	23662
A24424T(S:Q954H) T24469A(S:N969K)	44	62	0.7096774193548387	24406	24491
(23334,1)(S:DEL592)	34	63	0.5396825396825397	23322	23348
T23599G(S:N679K) C23604A(S:P681H) C23664T(S:A701V)	24	280	0.08571428571428572	23579	23668
T23599G(S:N679K) C23604A(S:P681H) (23641,1)(S:DEL694) C23664T(S:A701V)	18	280	0.06428571428571428	23579	23664
(24253,1)(S:DEL898)	12	30	0.4	24226	24273
(25262,1)(S:DEL1235)	12	21	0.5714285714285714	25248	25323
A24424T(S:Q954H)	11	63	0.1746031746031746	24406	24488
