Covariants	Count	Max_count	Freq	Coverage_start	Coverage_end
A24424T(S:Q954H) T24469A(S:N969K)	80	136	0.5882352941176471	24406	24491
C25416T(ORF3a:F8F)	45	67	0.6716417910447762	25381	25447
C23525T(S:H655Y) T23599G(S:N679K) C23604A(S:P681H)	33	56	0.5892857142857143	23485	23606
G22317T(S:G252V)	29	46	0.6304347826086957	22242	22333
(24253,1)(S:DEL898)	22	48	0.4583333333333333	24217	24260
A24424T(S:Q954H)	21	137	0.15328467153284672	24406	24425
G22813T(S:K417N) T22882G(S:N440K)	15	42	0.35714285714285715	22791	22886
A23403G(S:D614G)	15	47	0.3191489361702128	23268	23423
(25262,1)(S:DEL1235)	10	16	0.625	25119	25264
