Covariants	Count	Max_count	Freq	Coverage_start	Coverage_end
(21764,6)(S:DEL69/70)	26	34	0.7647058823529411	21674	21831
T22200G(S:V213G)	26	26	1.0	22129	22243
A23403G(S:D614G)	25	28	0.8928571428571429	23325	23439
A24424T(S:Q954H) T24469A(S:N969K)	22	23	0.9565217391304348	24388	24485
G22317T(S:G252V)	20	94	0.2127659574468085	22207	22341
G21987A(S:G142D) (21990,3)(S:DEL144) C22000A(S:H146Q)	19	26	0.7307692307692307	21949	22098
C23525T(S:H655Y)	12	21	0.5714285714285714	23468	23561
