Covariants	Count	Max_count	Freq	Coverage_start	Coverage_end
T23599G(S:N679K) C23604A(S:P681H)	427	1102	0.3874773139745917	23593	23663
A24424T(S:Q954H) T24469A(S:N969K)	263	438	0.6004566210045662	24416	24487
C23525T(S:H655Y) T23599G(S:N679K) C23604A(S:P681H)	123	437	0.2814645308924485	23508	23607
(23486,1)(S:DEL643) C23525T(S:H655Y) T23599G(S:N679K) C23604A(S:P681H)	82	372	0.22043010752688172	23471	23607
A23403G(S:D614G)	61	290	0.2103448275862069	23342	23404
A24424T(S:Q954H)	61	443	0.13769751693002258	24406	24438
C25416T(ORF3a:F8F)	56	121	0.4628099173553719	25381	25451
T23487G C23525T(S:H655Y) T23599G(S:N679K) C23604A(S:P681H)	50	372	0.13440860215053763	23486	23608
(23334,1)(S:DEL592)	44	254	0.1732283464566929	23322	23336
G22813T(S:K417N) T22882G(S:N440K) G22895C(S:V445P) T22896C(S:V445P) G22898A(S:G446S)	33	109	0.30275229357798167	22791	22898
C23854A(S:N764K)	33	311	0.10610932475884244	23773	23861
(25262,1)(S:DEL1235)	24	78	0.3076923076923077	25252	25263
C25000T(S:D1146D)	20	82	0.24390243902439024	24991	25065
C23525T(S:H655Y)	18	521	0.0345489443378119	23485	23551
(23334,1)(S:DEL592) A23403G(S:D614G)	17	203	0.08374384236453201	23322	23412
G22317T(S:G252V)	17	41	0.4146341463414634	22256	22329
T22200A(S:V213E)	15	22	0.6818181818181818	22117	22208
(24981,1)(S:DEL1141) C25000T(S:D1146D)	15	58	0.25862068965517243	24974	25001
G22813T(S:K417N) T22882G(S:N440K) G22895C(S:V445P) T22896C(S:V445P) G22898A(S:G446S) T22942G(S:N460K)	13	55	0.23636363636363636	22791	22944
(24253,1)(S:DEL898)	13	98	0.1326530612244898	24217	24262
C21618T(S:T19I) (21632,9)(S:DEL25/27)	13	26	0.5	21598	21677
T23599G(S:N679K) C23604A(S:P681H) G23607T(S:R682L)	12	1102	0.010889292196007259	23579	23708
G22813T(S:K417N) T22882G(S:N440K) G22895C(S:V445P) T22896C(S:V445P)	10	120	0.08333333333333333	22791	22896
