Covariants	Count	Max_count	Freq	Coverage_start	Coverage_end
T23599G(S:N679K) C23604A(S:P681H)	410	1116	0.3673835125448029	23581	23645
A24424T(S:Q954H) T24469A(S:N969K)	242	392	0.6173469387755102	24415	24487
C23525T(S:H655Y) T23599G(S:N679K) C23604A(S:P681H)	146	422	0.3459715639810427	23508	23607
C25416T(ORF3a:F8F)	85	194	0.4381443298969072	25381	25432
(23486,1)(S:DEL643) C23525T(S:H655Y) T23599G(S:N679K) C23604A(S:P681H)	81	381	0.2125984251968504	23471	23607
C23854A(S:N764K)	79	394	0.20050761421319796	23765	23858
A23403G(S:D614G)	67	397	0.16876574307304787	23345	23405
(25262,1)(S:DEL1235)	65	235	0.2765957446808511	25248	25277
A24424T(S:Q954H)	51	406	0.12561576354679804	24415	24487
T24469A(S:N969K)	50	528	0.0946969696969697	24464	24545
C23525T(S:H655Y)	47	602	0.07807308970099668	23471	23551
(23334,1)(S:DEL592)	44	318	0.13836477987421383	23322	23336
G22813T(S:K417N) T22882G(S:N440K) G22895C(S:V445P) T22896C(S:V445P) G22898A(S:G446S)	39	115	0.3391304347826087	22800	22898
C21618T(S:T19I) (21632,9)(S:DEL25/27)	37	65	0.5692307692307692	21598	21669
G22317T(S:G252V)	35	70	0.5	22272	22329
C25000T(S:D1146D)	34	167	0.20359281437125748	24985	25009
T23487G C23525T(S:H655Y) T23599G(S:N679K) C23604A(S:P681H)	32	383	0.0835509138381201	23486	23608
(24981,1)(S:DEL1141) C25000T(S:D1146D)	32	127	0.25196850393700787	24850	25003
(23334,1)(S:DEL592) A23403G(S:D614G)	25	263	0.09505703422053231	23323	23406
(24320,1)(S:DEL921)	18	144	0.125	24235	24321
T22200A(S:V213E)	14	27	0.5185185185185185	22117	22214
G22813T(S:K417N) T22882G(S:N440K) G22895C(S:V445P) T22896C(S:V445P) G22898A(S:G446S) T22942G(S:N460K)	13	51	0.2549019607843137	22791	22942
G22813T(S:K417N) T22882G(S:N440K)	13	143	0.09090909090909091	22808	22885
G22813T(S:K417N) T22882G(S:N440K) G22895C(S:V445P) T22896C(S:V445P)	11	127	0.08661417322834646	22791	22897
C21618T(S:T19I) (21632,9)(S:DEL25/27) (21764,6)(S:DEL69/70)	10	19	0.5263157894736842	21596	21773
A23013C(S:E484A) T23018C(S:F486P) T23019C(S:F486P) T23031C(S:F490S) A23055G(S:Q498R) A23063T(S:N501Y) T23075C(S:Y505H)	10	21	0.47619047619047616	23005	23092
(21764,6)(S:DEL69/70) (21817,1)(S:DEL86)	10	25	0.4	21756	21830
