Covariants	Count	Max_count	Freq	Coverage_start	Coverage_end
T23599G(S:N679K) C23604A(S:P681H)	54	306	0.17647058823529413	23580	23666
(23486,1)(S:DEL643) C23525T(S:H655Y) T23599G(S:N679K) C23604A(S:P681H)	41	136	0.3014705882352941	23471	23645
A24424T(S:Q954H) T24469A(S:N969K)	32	70	0.45714285714285713	24406	24488
C23525T(S:H655Y) T23599G(S:N679K) C23604A(S:P681H)	25	181	0.13812154696132597	23505	23606
(23334,1)(S:DEL592)	24	105	0.22857142857142856	23322	23352
T23487G(S:V642G) C23525T(S:H655Y) T23599G(S:N679K) C23604A(S:P681H)	21	140	0.15	23486	23643
(23334,1)(S:DEL592) A23403G(S:D614G)	20	78	0.2564102564102564	23323	23408
A24424T(S:Q954H)	19	71	0.2676056338028169	24406	24488
A23403G(S:D614G)	10	138	0.07246376811594203	23351	23403
(25262,1)(S:DEL1235)	10	24	0.4166666666666667	25248	25295
