Covariants	Count	Max_count	Freq	Coverage_start	Coverage_end
C25416T(ORF3a:F8F)	136	157	0.8662420382165605	25377	25434
T21810C(S:V83A)	134	148	0.9054054054054054	21806	21825
G22317T(S:G252V)	91	122	0.7459016393442623	22299	22339
C22664A(S:L368I) C22674T(S:S371F) T22679C(S:S373P) C22686T(S:S375F) A22688G(S:T376A) G22775A(S:D405N)	32	39	0.8205128205128205	22589	22781
A23403G(S:D614G)	17	34	0.5	23385	23468
T22882G(S:N440K) G22895C(S:V445P) T22896C(S:V445P) G22898A(S:G446S) T22942G(S:N460K) G22992A(S:S477N) C22995A(S:T478K) A23013C(S:E484A) T23018C(S:F486P) T23019C(S:F486P) T23031C(S:F490S) A23055G(S:Q498R) A23063T(S:N501Y) T23075C(S:Y505H)	16	19	0.8421052631578947	22850	23097
T22200A(S:V213E) G22317T(S:G252V)	14	15	0.9333333333333333	22129	22347
C23525T(S:H655Y) G23562A	14	21	0.6666666666666666	23411	23562
T23385A	12	47	0.2553191489361702	23250	23385
G25334C(S:E1258Q) C25416T(ORF3a:F8F)	12	59	0.2033898305084746	25306	25457
A23403G(S:D614G) C23525T(S:H655Y)	11	17	0.6470588235294118	23325	23561
