Covariants	Count	Max_count	Freq	Coverage_start	Coverage_end
C25416T(ORF3a:F8F)	113	191	0.5916230366492147	25377	25434
G22317T(S:G252V)	60	115	0.5217391304347826	22207	22347
T21810C(S:V83A)	29	64	0.453125	21765	21825
(22304,'CAAGATGGATGG')(S:INS249QDGW)	28	113	0.24778761061946902	22207	22347
T21810C(S:V83A) T21886C(S:T108T)	23	52	0.4423076923076923	21765	21900
C23525T(S:H655Y) G23562A	23	27	0.8518518518518519	23411	23562
C23601T T23752A(S:S730S)	21	38	0.5526315789473685	23600	23752
A23403G(S:D614G)	16	20	0.8	23325	23468
C25000T(S:D1146D)	14	14	1.0	24926	25076
T23385A	13	33	0.3939393939393939	23250	23385
(21764,6)(S:DEL69/70)	12	62	0.1935483870967742	21674	21817
T22200A(S:V213E)	10	18	0.5555555555555556	22128	22243
