Covariants	Count	Max_count	Freq	Coverage_start	Coverage_end
A23403G(S:D614G)	38	96	0.3958333333333333	23402	23404
C22109G(S:Q183E)	11	39	0.28205128205128205	22108	22114
