Covariants	Count	Max_count	Freq	Coverage_start	Coverage_end
T21810C(S:V83A)	1115	1784	0.625	21809	21810
C21618T(S:T19I) (21632,9)(S:DEL25/27)	619	989	0.6258847320525783	21615	21654
C21618T(S:T19I) (21632,9)(S:DEL25/27) T21810C(S:V83A)	269	392	0.6862244897959183	21614	21811
C23854A(S:N764K)	202	241	0.8381742738589212	23813	23854
T23599G(S:N679K) C23604A(S:P681H)	102	171	0.5964912280701754	23596	23683
C25000T(S:D1146D)	99	123	0.8048780487804879	24997	25000
A23403G(S:D614G)	48	167	0.2874251497005988	23372	23403
G21718T(S:Q52H) T21810C(S:V83A)	44	1031	0.04267701260911736	21716	21815
C21618T(S:T19I) (21632,9)(S:DEL25/27) G21718T(S:Q52H)	33	899	0.03670745272525028	21613	21727
G21718T(S:Q52H)	32	1810	0.017679558011049725	21700	21746
A23403G(S:D614G) G23417C(S:E619Q)	27	150	0.18	23400	23420
C23525T(S:H655Y)	27	111	0.24324324324324326	23474	23528
(21632,9)(S:DEL25/27)	25	1007	0.024826216484607744	21621	21726
C23525T(S:H655Y) T23599G(S:N679K) C23604A(S:P681H)	23	33	0.696969696969697	23507	23605
G22317T(S:G252V)	19	31	0.6129032258064516	22312	22338
T23599G(S:N679K) C23604A(S:P681H) C23854A(S:N764K)	19	23	0.8260869565217391	23596	23854
A23403G(S:D614G) G23417C(S:E619Q) C23525T(S:H655Y)	16	64	0.25	23402	23536
A23403G(S:D614G) C23525T(S:H655Y)	15	64	0.234375	23372	23525
(21632,9)(S:DEL25/27) T21810C(S:V83A)	14	398	0.035175879396984924	21621	21812
G23401T(S:Q613H) A23403G(S:D614G)	10	166	0.060240963855421686	23325	23410
