Covariants	Count	Max_count	Freq	Coverage_start	Coverage_end
T23599G(S:N679K) C23604A(S:P681H)	64	96	0.6666666666666666	23579	23665
T24469A(S:N969K)	15	35	0.42857142857142855	24464	24561
