Covariants	Count	Max_count	Freq	Coverage_start	Coverage_end
C22109G(S:Q183E)	41	106	0.3867924528301887	22108	22113
C22033A(S:F157L)	17	65	0.26153846153846155	22031	22074
G21746T(S:V62F)	15	36	0.4166666666666667	21741	21748
