Covariants	Count	Max_count	Freq	Coverage_start	Coverage_end
C21618T(S:T19I) (21632,9)(S:DEL25/27)	341	520	0.6557692307692308	21565	21656
T24469A(S:N969K)	136	168	0.8095238095238095	24452	24624
C21618T(S:T19I) (21632,9)(S:DEL25/27) (21764,6)(S:DEL69/70)	135	164	0.823170731707317	21612	21793
A23403G(S:D614G) C23525T(S:H655Y) T23599G(S:N679K) C23604A(S:P681H)	134	163	0.8220858895705522	23384	23607
G22992A(S:S477N) C22995A(S:T478K) A23013C(S:E484A) T23018G(S:F486V) A23055G(S:Q498R) A23063T(S:N501Y) T23075C(S:Y505H)	119	142	0.8380281690140845	22978	23163
G21987A(S:G142D) T22200G(S:V213G)	54	77	0.7012987012987013	21902	22243
C25000T(S:D1146D) C25006G(S:F1148L)	50	95	0.5263157894736842	24899	25087
A22786C(S:R408S) G22813T(S:K417N) T22882G(S:N440K) T22917G(S:L452R) G22992A(S:S477N) C22995A(S:T478K) A23013C(S:E484A) T23018G(S:F486V)	42	51	0.8235294117647058	22778	23024
G23948T(S:D796Y)	37	52	0.7115384615384616	23880	23999
C25000T(S:D1146D)	34	97	0.35051546391752575	24812	25001
(21764,6)(S:DEL69/70)	19	185	0.10270270270270271	21754	21900
