Covariants	Count	Max_count	Freq	Coverage_start	Coverage_end
C21618T(S:T19I) (21632,9)(S:DEL25/27)	305	314	0.9713375796178344	21591	21652
(21764,6)(S:DEL69/70)	182	184	0.9891304347826086	21756	21780
