Covariants	Count	Max_count	Freq	Coverage_start	Coverage_end
C25416T(ORF3a:F8F)	118	225	0.5244444444444445	25377	25434
C22674T(S:S371F) T22679C(S:S373P) C22686T(S:S375F) A22688G(S:T376A) G22775A(S:D405N)	110	170	0.6470588235294118	22589	22781
G22317T(S:G252V)	66	155	0.4258064516129032	22298	22347
C22664A(S:L368I) C22674T(S:S371F) T22679C(S:S373P) C22686T(S:S375F) A22688G(S:T376A) G22775A(S:D405N)	57	170	0.3352941176470588	22589	22781
C25000T(S:D1146D)	47	47	1.0	24926	25076
(21764,6)(S:DEL69/70)	43	128	0.3359375	21674	21817
A23403G(S:D614G) C23525T(S:H655Y)	27	46	0.5869565217391305	23325	23561
T21810C(S:V83A)	26	141	0.18439716312056736	21797	21900
(22304,'CAAGATGGATGG')(S:INS249QDGW)	22	150	0.14666666666666667	22208	22347
A24424T(S:Q954H) T24469A(S:N969K)	20	26	0.7692307692307693	24388	24537
T22882G(S:N440K) A22893C(S:K444T) T22917G(S:L452R) T22942A(S:N460K) G22992A(S:S477N) C22995A(S:T478K) A23013C(S:E484A) T23018G(S:F486V) A23055G(S:Q498R) A23063T(S:N501Y) T23075C(S:Y505H)	17	34	0.5	22850	23097
(21764,6)(S:DEL69/70) G21786T(S:G75V)	16	128	0.125	21674	21817
G22992A(S:S477N) C22995A(S:T478K) A23013C(S:E484A) T23018G(S:F486V) A23055G(S:Q498R) A23063T(S:N501Y) T23075C(S:Y505H)	15	62	0.24193548387096775	22978	23277
T22200G(S:V213G) (22304,'CAAGATGGATGG')(S:INS249QDGW)	14	25	0.56	22129	22347
T21674A(S:Y38N) T21810C(S:V83A)	14	124	0.11290322580645161	21673	21823
G22992A(S:S477N) C22995A(S:T478K) A23013C(S:E484A) T23018C(S:F486P) T23019C(S:F486P) T23031C(S:F490S) A23055G(S:Q498R) A23063T(S:N501Y) T23075C(S:Y505H)	13	62	0.20967741935483872	22978	23277
A23403G(S:D614G) C23525T(S:H655Y) T23599G(S:N679K) C23604A(S:P681H)	12	19	0.631578947368421	23325	23664
C23525T(S:H655Y) G23562A	11	36	0.3055555555555556	23411	23562
G21987A(S:G142D) (21990,3)(S:DEL144) C22000A(S:H146Q)	11	36	0.3055555555555556	21949	22098
T21810C(S:V83A) T21880C(S:F106F)	10	127	0.07874015748031496	21765	21900
