Covariants	Count	Max_count	Freq	Coverage_start	Coverage_end
A24424T(S:Q954H) T24469A(S:N969K)	120	193	0.6217616580310881	24410	24488
C23525T(S:H655Y) T23599G(S:N679K) C23604A(S:P681H)	92	162	0.5679012345679012	23504	23606
T23599G(S:N679K) C23604A(S:P681H)	76	361	0.21052631578947367	23580	23645
T23599G(S:N679K) C23604A(S:P681H) C23673T(S:S704L)	26	173	0.15028901734104047	23579	23692
C25416T(ORF3a:F8F)	19	31	0.6129032258064516	25381	25465
A23403G(S:D614G)	18	69	0.2608695652173913	23268	23418
C23525T(S:H655Y)	18	192	0.09375	23485	23553
A24424T(S:Q954H)	18	194	0.09278350515463918	24406	24499
(25262,1)(S:DEL1235)	18	33	0.5454545454545454	25248	25275
G22813T(S:K417N) T22882G(S:N440K)	15	68	0.22058823529411764	22801	22885
T23599G(S:N679K) C23604A(S:P681H) C23664T(S:A701V)	12	190	0.06315789473684211	23579	23668
G22317T(S:G252V)	11	16	0.6875	22256	22343
T24469A(S:N969K)	11	234	0.04700854700854701	24464	24548
T22200A(S:V213E)	10	13	0.7692307692307693	22117	22204
G22813T(S:K417N) T22882G(S:N440K) G22895C(S:V445P) T22896C(S:V445P) G22898A(S:G446S)	10	35	0.2857142857142857	22791	22898
