Covariants	Count	Max_count	Freq	Coverage_start	Coverage_end
A24424T(S:Q954H) T24469A(S:N969K)	34	61	0.5573770491803278	24413	24488
T23599G(S:N679K) C23604A(S:P681H)	28	106	0.2641509433962264	23579	23666
C23525T(S:H655Y) T23599G(S:N679K) C23604A(S:P681H)	14	49	0.2857142857142857	23485	23607
