Covariants	Count	Max_count	Freq	Coverage_start	Coverage_end
G21538T(ORF1b:V2691F)	89	325	0.27384615384615385	21537	21565
C22109G(S:Q183E)	84	154	0.5454545454545454	22108	22111
A22101T(S:E180V)	28	200	0.14	22072	22103
T22200A(S:V213E)	18	81	0.2222222222222222	22195	22200
A22412C(S:T284P)	13	94	0.13829787234042554	22377	22414
