Covariants	Count	Max_count	Freq	Coverage_start	Coverage_end
C21618T(S:T19I) (21632,9)(S:DEL25/27)	865	883	0.9796149490373726	21591	21652
(21764,6)(S:DEL69/70)	396	700	0.5657142857142857	21756	21779
(21764,6)(S:DEL69/70) C21789T(S:T76I)	296	587	0.504258943781942	21756	21790
