Covariants	Count	Max_count	Freq	Coverage_start	Coverage_end
A24424T(S:Q954H) T24469A(S:N969K)	63	106	0.5943396226415094	24416	24488
C23525T(S:H655Y) T23599G(S:N679K) C23604A(S:P681H)	50	147	0.3401360544217687	23501	23607
T23487G C23525T(S:H655Y) T23599G(S:N679K) C23604A(S:P681H)	28	130	0.2153846153846154	23486	23607
(23486,1)(S:DEL643) C23525T(S:H655Y) T23599G(S:N679K) C23604A(S:P681H)	19	130	0.14615384615384616	23471	23644
A24424T(S:Q954H)	16	106	0.1509433962264151	24406	24488
(23334,1)(S:DEL592)	13	39	0.3333333333333333	23268	23366
