Covariants	Count	Max_count	Freq	Coverage_start	Coverage_end
T23599G(S:N679K) C23604A(S:P681H)	123	285	0.43157894736842106	23580	23666
A24424T(S:Q954H) T24469A(S:N969K)	42	69	0.6086956521739131	24406	24487
T23599G(S:N679K) C23604A(S:P681H) C23664T(S:A701V)	24	212	0.11320754716981132	23579	23664
C23525T(S:H655Y) T23599G(S:N679K) C23604A(S:P681H)	20	60	0.3333333333333333	23487	23607
C25416T(ORF3a:F8F)	19	46	0.41304347826086957	25381	25452
(23334,1)(S:DEL592)	15	71	0.2112676056338028	23322	23347
T23599G(S:N679K) C23604A(S:P681H) T23698A(S:I712I)	12	161	0.07453416149068323	23579	23703
A24424T(S:Q954H)	12	73	0.1643835616438356	24406	24488
T24469A(S:N969K)	11	104	0.10576923076923077	24464	24547
