Covariants	Count	Max_count	Freq	Coverage_start	Coverage_end
T23599G(S:N679K) C23604A(S:P681H)	459	906	0.5066225165562914	23587	23664
A24424T(S:Q954H) T24469A(S:N969K)	198	306	0.6470588235294118	24415	24488
C23525T(S:H655Y) T23599G(S:N679K) C23604A(S:P681H)	90	218	0.41284403669724773	23514	23606
(23334,1)(S:DEL592)	52	230	0.22608695652173913	23322	23336
A24424T(S:Q954H)	44	309	0.1423948220064725	24413	24488
C25000T(S:D1146D)	41	63	0.6507936507936508	24984	25068
A23403G(S:D614G)	40	281	0.1423487544483986	23322	23414
C25416T(ORF3a:F8F)	36	57	0.631578947368421	25381	25452
C23854A(S:N764K)	27	144	0.1875	23765	23859
T23487G C23525T(S:H655Y) T23599G(S:N679K) C23604A(S:P681H)	21	187	0.11229946524064172	23486	23607
(23486,1)(S:DEL643) C23525T(S:H655Y) T23599G(S:N679K) C23604A(S:P681H)	21	187	0.11229946524064172	23471	23607
G22813T(S:K417N) T22882G(S:N440K) G22895C(S:V445P) T22896C(S:V445P) G22898A(S:G446S) T22942G(S:N460K)	21	43	0.4883720930232558	22791	22968
(25262,1)(S:DEL1235)	19	53	0.3584905660377358	25248	25295
G22813T(S:K417N) T22882G(S:N440K)	16	115	0.1391304347826087	22791	22883
G22317T(S:G252V)	16	25	0.64	22242	22324
G22813T(S:K417N) T22882G(S:N440K) G22895C(S:V445P) T22896C(S:V445P) G22898A(S:G446S)	14	70	0.2	22808	22898
G22813T(S:K417N) T22882G(S:N440K) G22895C(S:V445P) T22896C(S:V445P)	13	89	0.14606741573033707	22801	22896
(24253,1)(S:DEL898)	12	71	0.16901408450704225	24217	24262
(23334,1)(S:DEL592) A23403G(S:D614G)	11	166	0.06626506024096386	23322	23405
C23525T(S:H655Y)	10	298	0.03355704697986577	23485	23552
