Covariants	Count	Max_count	Freq	Coverage_start	Coverage_end
A24424T(S:Q954H) T24469A(S:N969K)	104	159	0.6540880503144654	24406	24488
C23525T(S:H655Y) T23599G(S:N679K) C23604A(S:P681H)	85	140	0.6071428571428571	23502	23607
G22813T(S:K417N) T22882G(S:N440K)	19	73	0.2602739726027397	22791	22887
G22813T(S:K417N) T22882G(S:N440K) G22895C(S:V445P) T22896C(S:V445P) G22898A(S:G446S) T22942G(S:N460K)	14	25	0.56	22791	22949
A23403G(S:D614G)	13	43	0.3023255813953488	23268	23443
G23699A(S:A713T)	13	218	0.05963302752293578	23681	23767
C23854A(S:N764K)	13	145	0.0896551724137931	23682	23857
(25262,1)(S:DEL1235)	13	24	0.5416666666666666	25248	25263
T23599G(S:N679K) C23604A(S:P681H)	12	158	0.0759493670886076	23579	23645
A24424T(S:Q954H)	10	159	0.06289308176100629	24406	24500
