Covariants	Count	Max_count	Freq	Coverage_start	Coverage_end
A24424T(S:Q954H) T24469A(S:N969K)	29	42	0.6904761904761905	24406	24488
C23525T(S:H655Y) T23599G(S:N679K) C23604A(S:P681H)	22	48	0.4583333333333333	23504	23607
