Covariants	Count	Max_count	Freq	Coverage_start	Coverage_end
C25416T(ORF3a:F8F)	60	109	0.5504587155963303	25381	25434
G22317T(S:G252V)	51	105	0.4857142857142857	22207	22347
C22295A(S:H245N)	30	97	0.30927835051546393	22206	22347
C23525T(S:H655Y) G23562A	30	31	0.967741935483871	23411	23562
(21764,6)(S:DEL69/70)	27	47	0.574468085106383	21674	21817
A23403G(S:D614G)	22	34	0.6470588235294118	23325	23468
T23385A	13	48	0.2708333333333333	23250	23385
T21810C(S:V83A)	11	49	0.22448979591836735	21766	21900
C23525T(S:H655Y)	11	49	0.22448979591836735	23411	23561
