Covariants	Count	Max_count	Freq	Coverage_start	Coverage_end
C25416T(ORF3a:F8F)	278	326	0.852760736196319	25381	25423
G22317T(S:G252V)	196	329	0.5957446808510638	22212	22347
T21810C(S:V83A)	169	222	0.7612612612612613	21797	21824
C23525T(S:H655Y) G23562A	78	91	0.8571428571428571	23411	23562
C25000T(S:D1146D)	73	94	0.776595744680851	24926	25076
A23403G(S:D614G)	68	137	0.49635036496350365	23325	23468
A24424T(S:Q954H) T24469A(S:N969K)	57	82	0.6951219512195121	24388	24499
C22664A(S:L368I) C22674T(S:S371F) T22679C(S:S373P) C22686T(S:S375F) A22688G(S:T376A) G22775A(S:D405N)	54	74	0.7297297297297297	22589	22781
A23403G(S:D614G) C23525T(S:H655Y)	46	58	0.7931034482758621	23325	23561
G21987A(S:G142D) (21990,3)(S:DEL144) C22000A(S:H146Q)	43	59	0.7288135593220338	21949	22098
T22882G(S:N440K) G22895C(S:V445P) T22896C(S:V445P) G22898A(S:G446S) T22942G(S:N460K) G22992A(S:S477N) C22995A(S:T478K) A23013C(S:E484A) T23018C(S:F486P) T23019C(S:F486P) T23031C(S:F490S) A23055G(S:Q498R) A23063T(S:N501Y) T23075C(S:Y505H)	40	92	0.43478260869565216	22850	23097
A22320G(S:D253G)	37	329	0.11246200607902736	22207	22347
T22200A(S:V213E) A22320G(S:D253G)	31	66	0.4696969696969697	22196	22347
T22882G(S:N440K) G22895C(S:V445P) T22896C(S:V445P) G22898A(S:G446S) T22928C(S:F456L) T22942G(S:N460K) G22992A(S:S477N) C22995A(S:T478K) A23013C(S:E484A) T23018C(S:F486P) T23019C(S:F486P) T23031C(S:F490S) A23055G(S:Q498R) A23063T(S:N501Y) T23075C(S:Y505H)	28	92	0.30434782608695654	22850	23097
T22200A(S:V213E) G22317T(S:G252V)	26	66	0.3939393939393939	22129	22347
C25416T(ORF3a:F8F) C25460T(ORF3a:A23V)	19	274	0.06934306569343066	25377	25518
T22200A(S:V213E)	19	82	0.23170731707317074	22129	22243
C23854A(S:N764K)	15	17	0.8823529411764706	23690	23910
A24388T A24424T(S:Q954H) T24469A(S:N969K) A24539G	15	77	0.19480519480519481	24387	24539
T23385A	12	149	0.08053691275167785	23250	23385
(21701,1)(S:DEL48) T21810C(S:V83A)	12	185	0.06486486486486487	21674	21900
G22289A(S:A243T) G22317T(S:G252V)	11	326	0.03374233128834356	22207	22347
C23525T(S:H655Y)	10	156	0.0641025641025641	23411	23561
C23202T(S:T547I) G23222A(S:E554K)	10	128	0.078125	23129	23277
