Covariants	Count	Max_count	Freq	Coverage_start	Coverage_end
G22317T(S:G252V)	212	239	0.8870292887029289	22299	22347
C25416T(ORF3a:F8F)	200	236	0.847457627118644	25381	25434
A23403G(S:D614G)	82	120	0.6833333333333333	23334	23445
C23525T(S:H655Y) G23562A	77	85	0.9058823529411765	23411	23562
T23385A	66	189	0.3492063492063492	23250	23385
T21810C(S:V83A)	59	86	0.686046511627907	21766	21817
C22664A(S:L368I) C22674T(S:S371F) T22679C(S:S373P) C22686T(S:S375F) A22688G(S:T376A) G22775A(S:D405N)	31	33	0.9393939393939394	22657	22781
T22882G(S:N440K) G22895C(S:V445P) T22896C(S:V445P) G22898A(S:G446S) T22942G(S:N460K) G22992A(S:S477N) C22995A(S:T478K) A23013C(S:E484A) T23018C(S:F486P) T23019C(S:F486P) T23031C(S:F490S) A23055G(S:Q498R) A23063T(S:N501Y) T23075C(S:Y505H)	24	40	0.6	22850	23097
G21987A(S:G142D) (21990,3)(S:DEL144) C22000A(S:H146Q)	22	25	0.88	21949	22098
A23403G(S:D614G) C23525T(S:H655Y)	19	27	0.7037037037037037	23325	23561
C25416T(ORF3a:F8F) (25492,1)(ORF3a:DEL35) G25494T(ORF3a:T34N)	19	197	0.09644670050761421	25377	25518
A24424T(S:Q954H) T24469A(S:N969K)	16	30	0.5333333333333333	24388	24538
C23525T(S:H655Y)	12	123	0.0975609756097561	23411	23529
C25000T(S:D1146D)	12	20	0.6	24926	25076
A24388T A24424T(S:Q954H) T24469A(S:N969K) A24539G	11	27	0.4074074074074074	24387	24539
C23601T T23752A(S:S730S)	10	42	0.23809523809523808	23600	23752
T22882G(S:N440K) G22895C(S:V445P) T22896C(S:V445P) G22898A(S:G446S) T22942G(S:N460K) G22992A(S:S477N) C22995A(S:T478K) A23013C(S:E484A) T23018C(S:F486P) T23019C(S:F486P) T23031C(S:F490S) A23044G(S:S494S) A23055G(S:Q498R) A23063T(S:N501Y) T23075C(S:Y505H)	10	40	0.25	22850	23097
