Covariants	Count	Max_count	Freq	Coverage_start	Coverage_end
T23599G(S:N679K) C23604A(S:P681H)	60	199	0.3015075376884422	23579	23666
A24424T(S:Q954H) T24469A(S:N969K)	47	92	0.5108695652173914	24415	24488
C23525T(S:H655Y) T23599G(S:N679K) C23604A(S:P681H)	28	75	0.37333333333333335	23508	23608
A24424T(S:Q954H)	24	94	0.2553191489361702	24406	24486
G22813T(S:K417N) T22882G(S:N440K)	14	31	0.45161290322580644	22801	22884
(23334,1)(S:DEL592)	12	48	0.25	23268	23348
