Covariants	Count	Max_count	Freq	Coverage_start	Coverage_end
(21764,6)(S:DEL69/70)	492	577	0.8526863084922011	21756	21779
C21618T(S:T19I) (21632,9)(S:DEL25/27)	301	309	0.9741100323624595	21591	21652
(21764,6)(S:DEL69/70) C21789T(S:T76I)	80	482	0.16597510373443983	21756	21789
