Covariants	Count	Max_count	Freq	Coverage_start	Coverage_end
C21618T(S:T19I) (21632,9)(S:DEL25/27)	1154	1192	0.9681208053691275	21591	21652
(21764,6)(S:DEL69/70)	38	39	0.9743589743589743	21756	21778
(21632,9)(S:DEL25/27)	18	1192	0.015100671140939598	21590	21654
