Covariants	Count	Max_count	Freq	Coverage_start	Coverage_end
A23403G(S:D614G)	29	147	0.19727891156462585	23402	23404
G23401T(S:Q613H) A23403G(S:D614G)	10	145	0.06896551724137931	23378	23436
