Covariants	Count	Max_count	Freq	Coverage_start	Coverage_end
T23599G(S:N679K) C23604A(S:P681H)	88	208	0.4230769230769231	23581	23666
A24424T(S:Q954H) T24469A(S:N969K)	12	26	0.46153846153846156	24407	24488
T23599G(S:N679K) C23604A(S:P681H) C23664T(S:A701V)	10	188	0.05319148936170213	23579	23693
