Covariants	Count	Max_count	Freq	Coverage_start	Coverage_end
T23599G(S:N679K) C23604A(S:P681H)	61	146	0.4178082191780822	23579	23664
A24424T(S:Q954H) T24469A(S:N969K)	36	52	0.6923076923076923	24406	24488
T23487G C23525T(S:H655Y) T23599G(S:N679K) C23604A(S:P681H)	14	53	0.2641509433962264	23486	23609
C23525T(S:H655Y) T23599G(S:N679K) C23604A(S:P681H)	13	58	0.22413793103448276	23485	23635
