Covariants	Count	Max_count	Freq	Coverage_start	Coverage_end
T23599G(S:N679K) C23604A(S:P681H)	18	29	0.6206896551724138	23579	23705
T23075C(S:Y505H)	12	18	0.6666666666666666	23074	23154
