Covariants	Count	Max_count	Freq	Coverage_start	Coverage_end
A23403G(S:D614G)	3586	3789	0.9464238585378728	23384	23403
C25416T(ORF3a:F8F)	763	790	0.9658227848101266	25385	25435
