Covariants	Count	Max_count	Freq	Coverage_start	Coverage_end
T23599G(S:N679K) C23604A(S:P681H)	34	119	0.2857142857142857	23579	23666
A24424T(S:Q954H) T24469A(S:N969K)	18	32	0.5625	24415	24488
T23599G(S:N679K) C23604G(S:P681R)	15	119	0.12605042016806722	23579	23668
