Covariants	Count	Max_count	Freq	Coverage_start	Coverage_end
C21618T(S:T19I) (21632,9)(S:DEL25/27)	1631	1665	0.9795795795795795	21591	21652
(21632,9)(S:DEL25/27)	13	1665	0.007807807807807808	21590	21654
(21764,6)(S:DEL69/70)	13	13	1.0	21732	21785
