Covariants	Count	Max_count	Freq	Coverage_start	Coverage_end
T23599G(S:N679K) C23604A(S:P681H)	282	1216	0.23190789473684212	23579	23608
A24424T(S:Q954H) T24469A(S:N969K)	258	438	0.589041095890411	24416	24487
C23525T(S:H655Y) T23599G(S:N679K) C23604A(S:P681H)	178	515	0.34563106796116505	23505	23605
T23599G(S:N679K) C23604A(S:P681H) C23673T(S:S704L)	121	580	0.20862068965517241	23580	23678
A23403G(S:D614G)	78	569	0.13708260105448156	23323	23403
C25416T(ORF3a:F8F)	72	142	0.5070422535211268	25381	25452
(25262,1)(S:DEL1235)	68	237	0.2869198312236287	25248	25296
A24424T(S:Q954H)	64	446	0.14349775784753363	24415	24487
(23486,1)(S:DEL643) C23525T(S:H655Y) T23599G(S:N679K) C23604A(S:P681H)	62	428	0.14485981308411214	23471	23607
C23525T(S:H655Y)	49	702	0.0698005698005698	23486	23551
T24469A(S:N969K)	46	565	0.08141592920353982	24464	24537
T23487G C23525T(S:H655Y) T23599G(S:N679K) C23604A(S:P681H)	46	430	0.10697674418604651	23486	23607
G22317T(S:G252V)	43	65	0.6615384615384615	22242	22317
(23334,1)(S:DEL592)	42	424	0.09905660377358491	23322	23336
G22813T(S:K417N) T22882G(S:N440K) G22895C(S:V445P) T22896C(S:V445P) G22898A(S:G446S)	41	131	0.31297709923664124	22796	22898
C23854A(S:N764K)	39	262	0.14885496183206107	23765	23866
C25000T(S:D1146D)	31	141	0.2198581560283688	24992	25055
G22813T(S:K417N) T22882G(S:N440K)	28	190	0.14736842105263157	22791	22884
T23599G(S:N679K) C23604A(S:P681H) C23664T(S:A701V)	27	633	0.04265402843601896	23579	23666
T23075C(S:Y505H)	27	37	0.7297297297297297	23074	23156
G22813T(S:K417N) T22882G(S:N440K) G22895C(S:V445P) T22896C(S:V445P) G22898A(S:G446S) T22930A(S:F456L) T22942G(S:N460K)	23	69	0.3333333333333333	22800	22968
T22200A(S:V213E)	19	34	0.5588235294117647	22117	22207
(24253,1)(S:DEL898)	16	158	0.10126582278481013	24226	24276
G22813T(S:K417N) T22882G(S:N440K) G22895C(S:V445P) T22896C(S:V445P)	16	158	0.10126582278481013	22791	22897
(24981,1)(S:DEL1141) C25000T(S:D1146D)	15	100	0.15	24849	25003
T23335C(S:S591S) A23403G(S:D614G)	13	332	0.0391566265060241	23334	23420
