Covariants	Count	Max_count	Freq	Coverage_start	Coverage_end
G22317T(S:G252V)	203	271	0.7490774907749077	22207	22342
C25416T(ORF3a:F8F)	195	255	0.7647058823529411	25377	25423
T21810C(S:V83A)	164	200	0.82	21765	21825
C23525T(S:H655Y) G23562A	101	131	0.7709923664122137	23411	23562
C22664A(S:L368I) C22674T(S:S371F) T22679C(S:S373P) C22686T(S:S375F) A22688G(S:T376A) G22775A(S:D405N)	76	80	0.95	22589	22781
G21987A(S:G142D) (21990,3)(S:DEL144) C22000A(S:H146Q)	47	62	0.7580645161290323	21949	22098
C25000T(S:D1146D)	38	40	0.95	24926	25076
A23403G(S:D614G)	36	95	0.37894736842105264	23325	23467
A23403G(S:D614G) C23525T(S:H655Y)	36	57	0.631578947368421	23325	23561
T22882G(S:N440K) G22895C(S:V445P) T22896C(S:V445P) G22898A(S:G446S) T22942G(S:N460K) G22992A(S:S477N) C22995A(S:T478K) A23013C(S:E484A) T23018C(S:F486P) T23019C(S:F486P) T23031C(S:F490S) A23055G(S:Q498R) A23063T(S:N501Y) T23075C(S:Y505H)	24	61	0.39344262295081966	22850	23097
A24424T(S:Q954H) T24469A(S:N969K)	24	28	0.8571428571428571	24388	24621
T22200A(S:V213E) G22317T(S:G252V)	24	26	0.9230769230769231	22129	22347
C25416T(ORF3a:F8F) T25458C(ORF3a:D22D)	24	238	0.10084033613445378	25377	25518
G22317T(S:G252V) T22345A(S:G261G)	20	270	0.07407407407407407	22207	22449
T22200A(S:V213E)	20	47	0.425531914893617	22129	22243
C23664T(S:A701V) C23673T(S:S704L)	19	53	0.3584905660377358	23601	23836
T22882G(S:N440K) G22895C(S:V445P) T22896C(S:V445P) G22898A(S:G446S) T22928C(S:F456L) T22942G(S:N460K) G22992A(S:S477N) C22995G(S:T478R) A23013C(S:E484A) T23018C(S:F486P) T23019C(S:F486P) T23031C(S:F490S) A23055G(S:Q498R) A23063T(S:N501Y) T23075C(S:Y505H)	17	61	0.2786885245901639	22850	23097
C23525T(S:H655Y)	17	193	0.08808290155440414	23411	23561
C23664T(S:A701V)	14	70	0.2	23601	23750
A23403G(S:D614G) C23525T(S:H655Y) T23599G(S:N679K) C23604A(S:P681H)	13	15	0.8666666666666667	23325	23664
C23854A(S:N764K)	13	18	0.7222222222222222	23690	23910
G22577C(S:G339H) G22578A(S:G339H) G22599C(S:R346T) C22642G(S:N360K)	12	16	0.75	22491	22642
A23737C(S:E725D)	12	70	0.17142857142857143	23601	23836
