Covariants	Count	Max_count	Freq	Coverage_start	Coverage_end
T23599G(S:N679K) C23604A(S:P681H)	186	359	0.5181058495821727	23579	23659
A24424T(S:Q954H) T24469A(S:N969K)	36	69	0.5217391304347826	24406	24487
(23334,1)(S:DEL592)	23	83	0.27710843373493976	23282	23349
A24424T(S:Q954H)	19	72	0.2638888888888889	24406	24487
C23525T(S:H655Y) T23599G(S:N679K) C23604A(S:P681H)	15	76	0.19736842105263158	23487	23607
(23486,1)(S:DEL643) C23525T(S:H655Y) T23599G(S:N679K) C23604A(S:P681H)	12	48	0.25	23471	23630
T24469A(S:N969K)	12	86	0.13953488372093023	24464	24545
