Covariants	Count	Max_count	Freq	Coverage_start	Coverage_end
C25416T(ORF3a:F8F)	336	428	0.7850467289719626	25377	25434
G22317T(S:G252V)	141	350	0.40285714285714286	22207	22347
C22314A(S:P251H) G22317T(S:G252V)	89	350	0.2542857142857143	22207	22347
C23525T(S:H655Y) G23562A	80	95	0.8421052631578947	23411	23562
T21810C(S:V83A)	76	158	0.4810126582278481	21767	21900
T22882G(S:N440K) G22895C(S:V445P) T22896C(S:V445P) G22898A(S:G446S) T22942G(S:N460K) G22992A(S:S477N) C22995A(S:T478K) A23013C(S:E484A) T23018C(S:F486P) T23019C(S:F486P) T23031C(S:F490S) A23055G(S:Q498R) A23063T(S:N501Y) T23075C(S:Y505H)	67	105	0.638095238095238	22850	23097
A23403G(S:D614G)	64	88	0.7272727272727273	23325	23407
T23385A	49	140	0.35	23250	23385
(21764,6)(S:DEL69/70)	42	146	0.2876712328767123	21674	21817
C22642T(S:N360N) C22664A(S:L368I) C22674T(S:S371F) T22679C(S:S373P) C22686T(S:S375F) A22688G(S:T376A) G22775A(S:D405N)	32	73	0.4383561643835616	22589	22781
C25000T(S:D1146D)	27	35	0.7714285714285715	24926	25076
A24424T(S:Q954H) T24469A(S:N969K)	22	56	0.39285714285714285	24393	24536
T24706C(S:H1048H)	20	120	0.16666666666666666	24652	24802
A24388T A24424T(S:Q954H) T24469A(S:N969K) A24539G	19	48	0.3958333333333333	24387	24539
T22882G(S:N440K) A22893C(S:K444T) T22917G(S:L452R) T22942A(S:N460K) G22992A(S:S477N) C22995A(S:T478K) A23013C(S:E484A) T23018G(S:F486V) A23055G(S:Q498R) A23063T(S:N501Y) T23075C(S:Y505H)	17	105	0.1619047619047619	22850	23097
(23665,1)(S:DEL702)	15	54	0.2777777777777778	23601	23751
A23403G(S:D614G) C23525T(S:H655Y)	14	23	0.6086956521739131	23325	23561
C23525T(S:H655Y)	14	144	0.09722222222222222	23411	23561
T21810C(S:V83A) A21875G(S:I105V)	14	137	0.10218978102189781	21765	21900
C25416T(ORF3a:F8F) G25437A(ORF3a:L15L)	14	404	0.034653465346534656	25377	25457
C22642T(S:N360N) C22664A(S:L368I) (22673,1)(S:DEL372) T22679C(S:S373P) C22686T(S:S375F) A22688G(S:T376A) G22775A(S:D405N)	13	73	0.1780821917808219	22589	22781
(22304,'CAAGATGGATGG')(S:INS249QDGW)	13	345	0.03768115942028986	22207	22347
T22200A(S:V213E) G22317T(S:G252V)	12	35	0.34285714285714286	22129	22347
C23854A(S:N764K)	12	13	0.9230769230769231	23690	23910
A22305C(S:Y248S) G22309C(S:L249F)	11	345	0.03188405797101449	22206	22347
