Covariants	Count	Max_count	Freq	Coverage_start	Coverage_end
C21618T(S:T19I) (21632,9)(S:DEL25/27)	112	239	0.4686192468619247	21565	21671
C21618T(S:T19I) (21632,9)(S:DEL25/27) T21810C(S:V83A)	101	123	0.8211382113821138	21603	21900
