Covariants	Count	Max_count	Freq	Coverage_start	Coverage_end
A23403G(S:D614G)	26	61	0.4262295081967213	23402	23404
C22109G(S:Q183E)	11	18	0.6111111111111112	22077	22113
