Covariants	Count	Max_count	Freq	Coverage_start	Coverage_end
C21618T(S:T19I) (21632,9)(S:DEL25/27)	5703	5866	0.9722127514490283	21591	21652
(21632,9)(S:DEL25/27)	65	5866	0.011080804636890556	21591	21654
