Covariants	Count	Max_count	Freq	Coverage_start	Coverage_end
T23599G(S:N679K) C23604A(S:P681H)	124	390	0.31794871794871793	23593	23666
A24424T(S:Q954H) T24469A(S:N969K)	79	142	0.5563380281690141	24406	24488
C23525T(S:H655Y) T23599G(S:N679K) C23604A(S:P681H)	45	130	0.34615384615384615	23501	23607
T23599G(S:N679K) C23604A(S:P681H) C23664T(S:A701V)	35	253	0.1383399209486166	23579	23664
(25262,1)(S:DEL1235)	28	55	0.509090909090909	25249	25263
A24424T(S:Q954H)	27	143	0.1888111888111888	24406	24488
C25416T(ORF3a:F8F)	25	48	0.5208333333333334	25381	25463
T23599G(S:N679K) C23604A(S:P681H) C23673T(S:S704L)	24	222	0.10810810810810811	23580	23687
(23486,1)(S:DEL643) C23525T(S:H655Y) T23599G(S:N679K) C23604A(S:P681H)	18	119	0.15126050420168066	23471	23607
T23487G C23525T(S:H655Y) T23599G(S:N679K) C23604A(S:P681H)	18	120	0.15	23486	23607
(23334,1)(S:DEL592)	13	71	0.18309859154929578	23322	23336
T23599G(S:N679K) C23604A(S:P681H) (23641,1)(S:DEL694) C23664T(S:A701V)	13	253	0.05138339920948617	23579	23667
G22317T(S:G252V)	11	17	0.6470588235294118	22249	22330
