Covariants	Count	Max_count	Freq	Coverage_start	Coverage_end
T23599G(S:N679K) C23604A(S:P681H)	82	156	0.5256410256410257	23579	23666
T23599G(S:N679K) C23604A(S:P681H) C23664T(S:A701V)	29	147	0.19727891156462585	23579	23666
