Covariants	Count	Max_count	Freq	Coverage_start	Coverage_end
T23599G(S:N679K) C23604A(S:P681H)	117	222	0.527027027027027	23582	23660
T22200A(S:V213E)	17	18	0.9444444444444444	22117	22208
T23599G(S:N679K) C23604A(S:P681H) G23621A(S:V687I) C23664T(S:A701V)	15	219	0.0684931506849315	23579	23680
T24469A(S:N969K)	15	34	0.4411764705882353	24464	24554
T23599G(S:N679K) C23604A(S:P681H) C23664T(S:A701V)	11	219	0.0502283105022831	23579	23691
C25000T(S:D1146D)	11	17	0.6470588235294118	24984	25064
