Covariants	Count	Max_count	Freq	Coverage_start	Coverage_end
T23599G(S:N679K) C23604A(S:P681H)	89	121	0.7355371900826446	23579	23665
A24424T(S:Q954H) T24469A(S:N969K)	20	34	0.5882352941176471	24406	24488
