Covariants	Count	Max_count	Freq	Coverage_start	Coverage_end
A24424T(S:Q954H) T24469A(S:N969K)	19	26	0.7307692307692307	24406	24487
T23599G(S:N679K) C23604A(S:P681H) C23664T(S:A701V)	18	39	0.46153846153846156	23579	23666
C23525T(S:H655Y) T23599G(S:N679K) C23604A(S:P681H)	14	29	0.4827586206896552	23485	23645
