Covariants	Count	Max_count	Freq	Coverage_start	Coverage_end
C25416T(ORF3a:F8F)	100	104	0.9615384615384616	25377	25434
G22317T(S:G252V)	82	107	0.7663551401869159	22207	22347
T21810C(S:V83A)	27	36	0.75	21766	21900
C23525T(S:H655Y) G23562A	22	27	0.8148148148148148	23411	23562
T25257C(S:I1232T)	20	55	0.36363636363636365	25213	25269
T23385A	19	41	0.4634146341463415	23250	23385
G21987A(S:G142D) (21990,3)(S:DEL144) C22000A(S:H146Q)	16	16	1.0	21949	22098
A23403G(S:D614G)	16	22	0.7272727272727273	23337	23468
G23768T(S:V736L)	16	32	0.5	23601	23836
