Covariants	Count	Max_count	Freq	Coverage_start	Coverage_end
T23599G(S:N679K) C23604A(S:P681H)	77	210	0.36666666666666664	23579	23661
C25416T(ORF3a:F8F)	34	52	0.6538461538461539	25381	25458
A24424T(S:Q954H) T24469A(S:N969K)	23	45	0.5111111111111111	24406	24491
T23599G(S:N679K) C23604A(S:P681H) (23675,1)(S:DEL706)	21	142	0.14788732394366197	23579	23686
(24253,1)(S:DEL898)	21	54	0.3888888888888889	24217	24262
T23599G(S:N679K) C23604A(S:P681H) C23664T(S:A701V)	20	186	0.10752688172043011	23579	23666
C25000T(S:D1146D)	17	24	0.7083333333333334	24984	25069
C23525T(S:H655Y) T23599G(S:N679K) C23604A(S:P681H)	11	22	0.5	23501	23605
