Covariants	Count	Max_count	Freq	Coverage_start	Coverage_end
T23599G(S:N679K) C23604A(S:P681H)	28	67	0.417910447761194	23579	23665
T23599G(S:N679K) C23604A(S:P681H) C23664T(S:A701V) C23683T(S:Y707Y)	10	54	0.18518518518518517	23579	23695
