Covariants	Count	Max_count	Freq	Coverage_start	Coverage_end
A24424T(S:Q954H) T24469A(S:N969K)	168	299	0.5618729096989966	24410	24488
T23599G(S:N679K) C23604A(S:P681H)	148	892	0.16591928251121077	23579	23645
T23599G(S:N679K) C23604A(S:P681H) C23635T(S:S691S)	128	859	0.1490104772991851	23591	23666
C25416T(ORF3a:F8F)	126	220	0.5727272727272728	25382	25444
C23525T(S:H655Y) T23599G(S:N679K) C23604A(S:P681H) C23635T(S:S691S)	102	420	0.24285714285714285	23511	23644
T24469A(S:N969K)	84	487	0.17248459958932238	24464	24541
C23854A(S:N764K)	76	477	0.15932914046121593	23765	23860
C23525T(S:H655Y) T23599G(S:N679K) C23604A(S:P681H)	75	452	0.16592920353982302	23487	23605
A24424T(S:Q954H)	41	303	0.1353135313531353	24415	24488
A23403G(S:D614G)	38	263	0.1444866920152091	23285	23423
G22317T(S:G252V)	35	55	0.6363636363636364	22256	22324
(25262,1)(S:DEL1235)	33	153	0.21568627450980393	25248	25295
G22813T(S:K417N) T22882G(S:N440K) G22895C(S:V445P) T22896C(S:V445P) G22898A(S:G446S) T22942G(S:N460K)	31	65	0.47692307692307695	22791	22942
C23525T(S:H655Y)	30	567	0.05291005291005291	23485	23551
G22813T(S:K417N) T22882G(S:N440K) G22895C(S:V445P) T22896C(S:V445P) G22898A(S:G446S)	30	102	0.29411764705882354	22801	22898
T23487G C23525T(S:H655Y) T23599G(S:N679K) C23604A(S:P681H) C23635T(S:S691S)	24	357	0.06722689075630252	23486	23642
T23487G C23525T(S:H655Y) T23599G(S:N679K) C23604A(S:P681H)	23	388	0.059278350515463915	23486	23607
C25000T(S:D1146D)	22	112	0.19642857142857142	24992	25066
(23486,1)(S:DEL643) C23525T(S:H655Y) T23599G(S:N679K) C23604A(S:P681H)	20	382	0.05235602094240838	23471	23645
(23486,1)(S:DEL643) C23525T(S:H655Y) T23599G(S:N679K) C23604A(S:P681H) C23635T(S:S691S)	19	351	0.05413105413105413	23471	23644
(23334,1)(S:DEL592)	19	185	0.10270270270270271	23322	23336
A23403G(S:D614G) C23525T(S:H655Y)	16	59	0.2711864406779661	23345	23535
(23334,1)(S:DEL592) A23403G(S:D614G)	16	153	0.10457516339869281	23282	23408
(24672,1)(S:DEL1038)	13	155	0.08387096774193549	24607	24680
(24981,1)(S:DEL1141) C25000T(S:D1146D)	13	89	0.14606741573033707	24849	25002
