Covariants	Count	Max_count	Freq	Coverage_start	Coverage_end
C25416T(ORF3a:F8F)	309	354	0.8728813559322034	25383	25434
G22317T(S:G252V)	279	363	0.768595041322314	22207	22347
T21810C(S:V83A)	158	199	0.7939698492462312	21776	21897
C23525T(S:H655Y) G23562A	108	173	0.6242774566473989	23411	23562
T22882G(S:N440K) G22895C(S:V445P) T22896C(S:V445P) G22898A(S:G446S) T22942G(S:N460K) G22992A(S:S477N) C22995A(S:T478K) A23013C(S:E484A) T23018C(S:F486P) T23019C(S:F486P) T23031C(S:F490S) A23055G(S:Q498R) A23063T(S:N501Y) T23075C(S:Y505H)	71	78	0.9102564102564102	22850	23097
A23403G(S:D614G)	51	105	0.4857142857142857	23325	23438
T23385A	44	150	0.29333333333333333	23250	23385
C25000T(S:D1146D)	42	56	0.75	24926	25076
C23525T(S:H655Y) T23599G(S:N679K) C23604A(S:P681H)	41	58	0.7068965517241379	23514	23663
A23403G(S:D614G) C23525T(S:H655Y)	39	52	0.75	23325	23561
C22664A(S:L368I) C22674T(S:S371F) T22679C(S:S373P) C22686T(S:S375F) A22688G(S:T376A) G22775A(S:D405N)	38	41	0.926829268292683	22589	22781
T22200A(S:V213E) G22317T(S:G252V)	32	38	0.8421052631578947	22129	22347
A24424T(S:Q954H) T24469A(S:N969K)	26	52	0.5	24388	24538
G21987A(S:G142D) (21990,3)(S:DEL144) C21998A(S:H146K) C22000A(S:H146K)	21	33	0.6363636363636364	21972	22098
A24652T	15	146	0.10273972602739725	24651	24802
C23854A(S:N764K)	14	14	1.0	23762	23910
C23601T T23752A(S:S730S)	12	52	0.23076923076923078	23600	23752
T22200A(S:V213E)	11	53	0.20754716981132076	22129	22243
A24388T A24424T(S:Q954H) T24469A(S:N969K) A24539G	11	41	0.2682926829268293	24387	24539
(21764,6)(S:DEL69/70)	11	185	0.05945945945945946	21674	21817
A24388T A24424T(S:Q954H) T24469A(S:N969K)	10	52	0.19230769230769232	24386	24537
