Covariants	Count	Max_count	Freq	Coverage_start	Coverage_end
T23599G(S:N679K) C23604A(S:P681H)	96	215	0.44651162790697674	23590	23645
A24424T(S:Q954H) T24469A(S:N969K)	25	43	0.5813953488372093	24406	24488
C23525T(S:H655Y) T23599G(S:N679K) C23604A(S:P681H)	21	66	0.3181818181818182	23501	23607
C25416T(ORF3a:F8F)	17	31	0.5483870967741935	25381	25465
T24469A(S:N969K)	16	82	0.1951219512195122	24464	24541
C25000T(S:D1146D)	12	21	0.5714285714285714	24998	25070
T23487G C23525T(S:H655Y) T23599G(S:N679K) C23604A(S:P681H)	10	51	0.19607843137254902	23486	23645
