Covariants	Count	Max_count	Freq	Coverage_start	Coverage_end
C21618T(S:T19I) (21632,9)(S:DEL25/27)	1302	1585	0.8214511041009463	21611	21653
C25416T(ORF3a:F8F)	464	592	0.7837837837837838	25335	25420
C25000T(S:D1146D)	446	839	0.531585220500596	24999	25001
G22992A(S:S477N) C22995A(S:T478K) A23013C(S:E484A) T23018C(S:F486P) T23019C(S:F486P) T23031C(S:F490S) A23055G(S:Q498R) A23063T(S:N501Y) T23075C(S:Y505H)	364	985	0.3695431472081218	22947	23097
A23403G(S:D614G) C23525T(S:H655Y) T23599G(S:N679K) C23604A(S:P681H)	291	438	0.6643835616438356	23384	23604
G22992A(S:S477N) C22995G(S:T478R) A23013C(S:E484A) T23018C(S:F486P) T23019C(S:F486P) T23031C(S:F490S) A23055G(S:Q498R) A23063T(S:N501Y) T23075C(S:Y505H) T23272A(S:A570A) C23280T(S:T573I)	277	908	0.30506607929515417	22977	23285
C24789T(S:T1076I) C25000T(S:D1146D)	254	808	0.31435643564356436	24778	25001
A24424T(S:Q954H) T24469A(S:N969K)	213	255	0.8352941176470589	24336	24531
C21618T(S:T19I) (21632,9)(S:DEL25/27) T21810C(S:V83A)	152	187	0.8128342245989305	21611	21905
G22992A(S:S477N) C22995G(S:T478R) A23013C(S:E484A) T23018C(S:F486P) T23019C(S:F486P) T23031C(S:F490S) A23055G(S:Q498R) A23063T(S:N501Y) T23075C(S:Y505H)	120	985	0.1218274111675127	22959	23193
C23380T(S:N606N) A23403G(S:D614G) C23525T(S:H655Y) T23599G(S:N679K) C23604A(S:P681H)	58	425	0.13647058823529412	23271	23605
C25416T(ORF3a:F8F) C25584T(ORF3a:T64T)	29	34	0.8529411764705882	25352	25584
G21987A(S:G142D) (21990,3)(S:DEL144) C22000A(S:H146Q) C22109G(S:Q183E) T22200A(S:V213E)	27	67	0.40298507462686567	21918	22234
G21987A(S:G142D) (21990,3)(S:DEL144) C22000A(S:H146Q) A22007G(S:N149D) C22109G(S:Q183E) T22200A(S:V213E)	24	67	0.3582089552238806	21898	22274
A23403G(S:D614G)	15	458	0.03275109170305677	23262	23441
T23599G(S:N679K) C23604A(S:P681H) C23854A(S:N764K)	14	18	0.7777777777777778	23593	23895
C21618T(S:T19I)	13	1603	0.008109794135995009	21439	21623
A25104T(S:K1181I) C25416T(ORF3a:F8F)	12	19	0.631578947368421	25086	25461
