Covariants	Count	Max_count	Freq	Coverage_start	Coverage_end
T21810C(S:V83A)	326	767	0.42503259452411996	21809	21813
C21618T(S:T19I) (21632,9)(S:DEL25/27)	301	483	0.6231884057971014	21616	21654
C21781T(S:T73T) T21810C(S:V83A)	122	687	0.17758369723435224	21780	21811
A23403G(S:D614G)	87	103	0.8446601941747572	23372	23403
C21618T(S:T19I) (21632,9)(S:DEL25/27) T21810C(S:V83A)	86	225	0.38222222222222224	21614	21811
G22317T(S:G252V)	67	116	0.5775862068965517	22313	22319
C21618T(S:T19I) (21632,9)(S:DEL25/27) C21781T(S:T73T) T21810C(S:V83A)	51	225	0.22666666666666666	21613	21812
C23202T(S:T547I)	41	97	0.422680412371134	23196	23203
C25000T(S:D1146D)	38	47	0.8085106382978723	24991	25000
C23854A(S:N764K)	25	59	0.423728813559322	23815	23854
A22786C(S:R408S) G22813T(S:K417N) T22882G(S:N440K) G22895C(S:V445P) T22896C(S:V445P) G22898A(S:G446S)	23	97	0.23711340206185566	22782	22912
T23599G(S:N679K) C23604A(S:P681H) T23686A(S:S708S)	23	39	0.5897435897435898	23597	23693
T22200A(S:V213E)	21	41	0.5121951219512195	22193	22281
T23686A(S:S708S)	21	80	0.2625	23685	23736
C21781T(S:T73T)	21	776	0.027061855670103094	21704	21785
T23686A(S:S708S) C23854A(S:N764K)	18	33	0.5454545454545454	23685	23854
C21618T(S:T19I) (21632,9)(S:DEL25/27) C21781T(S:T73T)	14	276	0.050724637681159424	21611	21785
T22200A(S:V213E) G22317T(S:G252V)	14	33	0.42424242424242425	22193	22319
(21632,9)(S:DEL25/27)	14	491	0.028513238289205704	21619	21714
T23031C(S:F490S) A23055G(S:Q498R) A23063T(S:N501Y) T23075C(S:Y505H)	12	86	0.13953488372093023	23029	23110
T22882G(S:N440K) G22895C(S:V445P) T22896C(S:V445P) G22898A(S:G446S) T22942G(S:N460K)	11	165	0.06666666666666667	22856	22943
T22882G(S:N440K) G22895C(S:V445P) T22896C(S:V445P) G22898A(S:G446S) T22930A(S:F456L) T22942G(S:N460K)	11	165	0.06666666666666667	22858	22943
G22813T(S:K417N) T22882G(S:N440K)	11	140	0.07857142857142857	22803	22890
T23599G(S:N679K) C23604A(S:P681H) T23686A(S:S708S) C23854A(S:N764K)	11	14	0.7857142857142857	23593	23854
T22942G(S:N460K) G22992A(S:S477N) C22995G(S:T478R) A23013C(S:E484A) T23018C(S:F486P) T23019C(S:F486P) T23031C(S:F490S)	10	133	0.07518796992481203	22941	23031
A22786C(S:R408S) G22813T(S:K417N)	10	115	0.08695652173913043	22778	22872
