Covariants	Count	Max_count	Freq	Coverage_start	Coverage_end
T23599G(S:N679K) C23604A(S:P681H)	167	288	0.5798611111111112	23579	23666
A24424T(S:Q954H) T24469A(S:N969K)	39	54	0.7222222222222222	24415	24488
T24469A(S:N969K)	28	110	0.2545454545454545	24464	24550
C25416T(ORF3a:F8F)	24	42	0.5714285714285714	25383	25452
C23525T(S:H655Y) T23599G(S:N679K) C23604A(S:P681H)	23	44	0.5227272727272727	23485	23607
C23854A(S:N764K)	11	66	0.16666666666666666	23792	23858
C25000T(S:D1146D)	11	23	0.4782608695652174	24984	25064
(25262,1)(S:DEL1235)	10	28	0.35714285714285715	25251	25326
