Covariants	Count	Max_count	Freq	Coverage_start	Coverage_end
G22317T(S:G252V)	83	93	0.8924731182795699	22207	22347
C25416T(ORF3a:F8F)	33	37	0.8918918918918919	25306	25419
T23385A	25	44	0.5681818181818182	23262	23385
T21810C(S:V83A)	18	37	0.4864864864864865	21766	21817
A23403G(S:D614G)	16	17	0.9411764705882353	23325	23448
C23525T(S:H655Y) G23562A	14	15	0.9333333333333333	23410	23562
