Covariants	Count	Max_count	Freq	Coverage_start	Coverage_end
C25416T(ORF3a:F8F)	78	81	0.9629629629629629	25381	25434
G22317T(S:G252V)	48	76	0.631578947368421	22207	22347
(21764,6)(S:DEL69/70)	13	21	0.6190476190476191	21674	21817
