Covariants	Count	Max_count	Freq	Coverage_start	Coverage_end
C25416T(ORF3a:F8F)	299	345	0.8666666666666667	25377	25434
G22317T(S:G252V)	150	241	0.6224066390041494	22207	22339
A23403G(S:D614G)	97	147	0.6598639455782312	23325	23468
C23525T(S:H655Y) G23562A	94	107	0.8785046728971962	23411	23562
T23385A	64	223	0.28699551569506726	23250	23385
C22664A(S:L368I) C22674T(S:S371F) T22679C(S:S373P) C22686T(S:S375F) A22688G(S:T376A) G22775A(S:D405N)	42	65	0.6461538461538462	22589	22781
T21810C(S:V83A)	39	75	0.52	21765	21817
A23403G(S:D614G) C23525T(S:H655Y)	31	48	0.6458333333333334	23338	23561
C23191T(S:F543F)	30	103	0.2912621359223301	23129	23277
T22882G(S:N440K) G22895C(S:V445P) T22896C(S:V445P) G22898A(S:G446S) T22942G(S:N460K) G22992A(S:S477N) C22995G(S:T478R) A23013C(S:E484A) T23018C(S:F486P) T23019C(S:F486P) T23031C(S:F490S) A23055G(S:Q498R) A23063T(S:N501Y) T23075C(S:Y505H)	29	63	0.4603174603174603	22850	23097
C25416T(ORF3a:F8F) T25496A(ORF3a:I35K)	23	301	0.07641196013289037	25377	25518
C22664A(S:L368I) C22674T(S:S371F) T22679C(S:S373P) C22686T(S:S375F) A22688G(S:T376A) G22770A(S:R403K) G22775A(S:D405N)	21	65	0.3230769230769231	22589	22781
A22320G(S:D253G)	21	241	0.08713692946058091	22300	22347
A24388T A24424T(S:Q954H) T24469A(S:N969K) A24539G	19	32	0.59375	24387	24539
C25000T(S:D1146D)	19	31	0.6129032258064516	24926	25076
T22197C(S:L212S) T22200A(S:V213E) A22320G(S:D253G)	17	51	0.3333333333333333	22129	22347
T22200A(S:V213E) G22317T(S:G252V)	17	51	0.3333333333333333	22129	22347
T22882G(S:N440K) G22895C(S:V445P) T22896C(S:V445P) G22898A(S:G446S) T22930A(S:F456L) T22942G(S:N460K) G22992A(S:S477N) C22995G(S:T478R) A23013C(S:E484A) T23018C(S:F486P) T23019C(S:F486P) T23031C(S:F490S) A23055G(S:Q498R) A23063T(S:N501Y) T23075C(S:Y505H)	16	63	0.25396825396825395	22850	23097
C23525T(S:H655Y)	16	169	0.09467455621301775	23411	23561
C21772T(S:V70V) T21810C(S:V83A)	14	75	0.18666666666666668	21674	21822
G21718T(S:Q52H) T21810C(S:V83A)	13	45	0.28888888888888886	21674	21900
C22664A(S:L368I) C22674T(S:S371F) T22679C(S:S373P) C22686T(S:S375F) A22688G(S:T376A)	12	76	0.15789473684210525	22589	22736
T23742C(S:L727P)	11	42	0.2619047619047619	23601	23836
T22200A(S:V213E) A22320G(S:D253G)	10	51	0.19607843137254902	22129	22347
T22200A(S:V213E)	10	66	0.15151515151515152	22128	22243
