Covariants	Count	Max_count	Freq	Coverage_start	Coverage_end
A24424T(S:Q954H) T24469A(S:N969K)	56	107	0.5233644859813084	24413	24478
A24424T(S:Q954H)	24	107	0.22429906542056074	24414	24488
T23487G C23525T(S:H655Y) T23599G(S:N679K) C23604A(S:P681H)	15	42	0.35714285714285715	23486	23645
C25416T(ORF3a:F8F)	14	23	0.6086956521739131	25381	25451
T23599G(S:N679K) C23604A(S:P681H) C23664T(S:A701V)	11	38	0.2894736842105263	23579	23666
(23486,1)(S:DEL643) C23525T(S:H655Y) T23599G(S:N679K) C23604A(S:P681H)	10	42	0.23809523809523808	23471	23607
T23599G(S:N679K) C23604A(S:P681H)	10	108	0.09259259259259259	23579	23670
