Covariants	Count	Max_count	Freq	Coverage_start	Coverage_end
T23599G(S:N679K) C23604A(S:P681H)	80	160	0.5	23579	23666
A24424T(S:Q954H) T24469A(S:N969K)	43	79	0.5443037974683544	24406	24488
A24424T(S:Q954H)	19	81	0.2345679012345679	24413	24487
C23525T(S:H655Y) T23599G(S:N679K) C23604A(S:P681H)	15	38	0.39473684210526316	23487	23607
