Covariants	Count	Max_count	Freq	Coverage_start	Coverage_end
T23599G(S:N679K) C23604A(S:P681H)	142	220	0.6454545454545455	23580	23664
T23599G(S:N679K) C23604A(S:P681H) T23645C(S:Y695H)	10	220	0.045454545454545456	23579	23666
A24424T(S:Q954H) T24469A(S:N969K)	10	12	0.8333333333333334	24406	24541
