Covariants	Count	Max_count	Freq	Coverage_start	Coverage_end
C23525T(S:H655Y) T23599G(S:N679K) C23604A(S:P681H)	107	262	0.4083969465648855	23501	23605
A24424T(S:Q954H) T24469A(S:N969K)	84	171	0.49122807017543857	24413	24487
T23599G(S:N679K) C23604A(S:P681H)	81	435	0.18620689655172415	23579	23666
C25416T(ORF3a:F8F)	39	89	0.43820224719101125	25381	25442
A24424T(S:Q954H)	29	173	0.1676300578034682	24410	24487
G22317T(S:G252V)	29	50	0.58	22260	22322
A23403G(S:D614G)	28	143	0.1958041958041958	23285	23425
G22813T(S:K417N) T22882G(S:N440K) G22895C(S:V445P) T22896C(S:V445P) G22898A(S:G446S)	26	94	0.2765957446808511	22809	22898
(23486,1)(S:DEL643) C23525T(S:H655Y) T23599G(S:N679K) C23604A(S:P681H)	23	212	0.10849056603773585	23471	23607
T23487G C23525T(S:H655Y) T23599G(S:N679K) C23604A(S:P681H)	23	213	0.107981220657277	23486	23607
G22813T(S:K417N) T22882G(S:N440K) G22895C(S:V445P) T22896C(S:V445P) G22898A(S:G446S) T22942G(S:N460K)	23	55	0.41818181818181815	22808	22968
C23854A(S:N764K)	19	217	0.08755760368663594	23765	23858
(25262,1)(S:DEL1235)	18	100	0.18	25248	25263
C23525T(S:H655Y)	16	299	0.05351170568561873	23485	23552
T24469A(S:N969K)	13	214	0.06074766355140187	24464	24565
(24981,1)(S:DEL1141) C25000T(S:D1146D)	12	52	0.23076923076923078	24849	25007
A23013C(S:E484A) T23018C(S:F486P) T23019C(S:F486P) T23031C(S:F490S) A23055G(S:Q498R) A23063T(S:N501Y) T23075C(S:Y505H)	10	11	0.9090909090909091	23005	23076
T23599G(S:N679K) C23604A(S:P681H) G23611T(S:R683R)	10	423	0.02364066193853428	23579	23669
C25000T(S:D1146D)	10	63	0.15873015873015872	24992	25073
