Covariants	Count	Max_count	Freq	Coverage_start	Coverage_end
T23599G(S:N679K) C23604A(S:P681H)	97	261	0.3716475095785441	23587	23666
A24424T(S:Q954H) T24469A(S:N969K)	33	67	0.4925373134328358	24410	24488
(23486,1)(S:DEL643) C23525T(S:H655Y) T23599G(S:N679K) C23604A(S:P681H)	23	71	0.323943661971831	23471	23645
C23525T(S:H655Y) T23599G(S:N679K) C23604A(S:P681H)	18	79	0.22784810126582278	23505	23608
T23599G(S:N679K) C23604A(S:P681H) (23666,'A')(S:INS703)	18	163	0.11042944785276074	23580	23666
T24469A(S:N969K)	18	121	0.1487603305785124	24464	24555
C25416T(ORF3a:F8F)	16	38	0.42105263157894735	25371	25452
T23487G C23525T(S:H655Y) T23599G(S:N679K) C23604A(S:P681H)	14	71	0.19718309859154928	23486	23608
C23854A(S:N764K)	13	113	0.11504424778761062	23685	23881
A24424T(S:Q954H)	12	75	0.16	24406	24488
C25000T(S:D1146D)	10	38	0.2631578947368421	24985	25075
