Covariants	Count	Max_count	Freq	Coverage_start	Coverage_end
(21764,6)(S:DEL69/70)	154	240	0.6416666666666667	21674	21779
C25000T(S:D1146D)	140	164	0.8536585365853658	24926	25022
T22882G(S:N440K) A22893C(S:K444T) T22917G(S:L452R) T22942A(S:N460K) G22992A(S:S477N) C22995A(S:T478K) A23013C(S:E484A) T23018G(S:F486V) A23055G(S:Q498R) A23063T(S:N501Y) T23075C(S:Y505H)	115	199	0.5778894472361809	22850	23097
C25416T(ORF3a:F8F)	78	302	0.2582781456953642	25377	25438
T22304C(S:Y248H)	62	292	0.21232876712328766	22298	22304
A23403G(S:D614G) C23525T(S:H655Y)	56	88	0.6363636363636364	23325	23561
C23525T(S:H655Y)	55	193	0.2849740932642487	23469	23561
T22200A(S:V213E) G22317T(S:G252V)	51	102	0.5	22129	22347
G22992A(S:S477N) C22995A(S:T478K) A23013C(S:E484A) T23018G(S:F486V) A23055G(S:Q498R) A23063T(S:N501Y) T23075C(S:Y505H)	42	248	0.1693548387096774	22981	23097
(23157,'T')(S:INS533)	36	143	0.2517482517482518	23129	23277
G22317T(S:G252V)	33	304	0.10855263157894737	22207	22347
A24424T(S:Q954H) T24469A(S:N969K)	31	33	0.9393939393939394	24388	24537
C22674T(S:S371F) T22679C(S:S373P) C22686T(S:S375F) A22688G(S:T376A) G22775A(S:D405N) A22786C(S:R408S)	30	40	0.75	22589	22808
T22200G(S:V213G)	26	113	0.23008849557522124	22129	22274
T22882G(S:N440K) A22893C(S:K444T) T22917G(S:L452R) G22992A(S:S477N) C22995A(S:T478K) A23013C(S:E484A) T23018G(S:F486V) A23055G(S:Q498R) A23063T(S:N501Y) T23075C(S:Y505H)	21	199	0.10552763819095477	22850	23097
(21764,6)(S:DEL69/70) T21823A(S:N87K)	20	208	0.09615384615384616	21674	21915
T22200G(S:V213G) C22295A(S:H245N)	20	102	0.19607843137254902	22129	22347
G21987A(S:G142D)	19	47	0.40425531914893614	21977	22098
A23234T(S:K558*) T23385A	19	40	0.475	23233	23385
T22882G(S:N440K) G22895C(S:V445P) T22896C(S:V445P) G22898A(S:G446S) T22942G(S:N460K) G22992A(S:S477N) C22995A(S:T478K) A23013C(S:E484A) T23018C(S:F486P) T23019C(S:F486P) T23031C(S:F490S) A23055G(S:Q498R) A23063T(S:N501Y) T23075C(S:Y505H)	18	199	0.09045226130653267	22850	23094
C23525T(S:H655Y) G23562A	18	67	0.26865671641791045	23411	23562
A23403G(S:D614G)	16	106	0.1509433962264151	23347	23407
A23403G(S:D614G) C23525T(S:H655Y) T23599G(S:N679K) C23604A(S:P681H)	15	25	0.6	23325	23664
C22295A(S:H245N)	14	290	0.04827586206896552	22207	22347
G21987A(S:G142D) T22099A(S:L179L)	12	20	0.6	21949	22099
C23604A(S:P681H)	12	116	0.10344827586206896	23602	23751
C23854A(S:N764K)	11	12	0.9166666666666666	23799	23913
G25346A(S:E1262K)	11	279	0.03942652329749104	25118	25355
