Covariants	Count	Max_count	Freq	Coverage_start	Coverage_end
A23403G(S:D614G)	1380	1525	0.9049180327868852	23367	23403
C23123A(S:P521T)	581	766	0.758485639686684	23122	23193
C23123A(S:P521T) A23403G(S:D614G)	79	102	0.7745098039215687	23122	23403
