Covariants	Count	Max_count	Freq	Coverage_start	Coverage_end
C22109G(S:Q183E)	119	126	0.9444444444444444	22073	22112
A23403G(S:D614G)	13	31	0.41935483870967744	23402	23409
G23211T(S:G550V)	10	252	0.03968253968253968	23210	23260
