Covariants	Count	Max_count	Freq	Coverage_start	Coverage_end
T23599G(S:N679K) C23604A(S:P681H)	31	147	0.2108843537414966	23579	23660
C23525T(S:H655Y) T23599G(S:N679K) C23604A(S:P681H)	26	86	0.3023255813953488	23487	23607
A24424T(S:Q954H) T24469A(S:N969K)	26	49	0.5306122448979592	24413	24487
(23486,1)(S:DEL643) C23525T(S:H655Y) T23599G(S:N679K) C23604A(S:P681H)	12	79	0.1518987341772152	23471	23607
T23487G C23525T(S:H655Y) T23599G(S:N679K) C23604A(S:P681H)	11	81	0.13580246913580246	23486	23607
G22813T(S:K417N) T22882G(S:N440K) G22895C(S:V445P) T22896C(S:V445P) G22898A(S:G446S)	10	17	0.5882352941176471	22801	22898
C25416T(ORF3a:F8F)	10	21	0.47619047619047616	25371	25465
