Covariants	Count	Max_count	Freq	Coverage_start	Coverage_end
T23599G(S:N679K) C23604A(S:P681H)	203	313	0.6485623003194888	23587	23660
C25416T(ORF3a:F8F)	33	61	0.5409836065573771	25381	25462
T24469A(S:N969K)	15	53	0.2830188679245283	24464	24577
A24424T(S:Q954H) T24469A(S:N969K)	14	22	0.6363636363636364	24406	24488
C25000T(S:D1146D)	14	24	0.5833333333333334	24984	25070
(25262,1)(S:DEL1235)	13	18	0.7222222222222222	25248	25326
