Covariants	Count	Max_count	Freq	Coverage_start	Coverage_end
T23599G(S:N679K) C23604A(S:P681H)	75	135	0.5555555555555556	23579	23664
A24424T(S:Q954H) T24469A(S:N969K)	24	34	0.7058823529411765	24406	24487
(25262,1)(S:DEL1235)	11	14	0.7857142857142857	25248	25263
C23525T(S:H655Y) T23599G(S:N679K) C23604A(S:P681H)	10	21	0.47619047619047616	23505	23607
