Covariants	Count	Max_count	Freq	Coverage_start	Coverage_end
C25416T(ORF3a:F8F)	46	75	0.6133333333333333	25377	25434
G22317T(S:G252V)	33	48	0.6875	22210	22347
C22664A(S:L368I) C22674T(S:S371F) T22679C(S:S373P) C22686T(S:S375F) A22688G(S:T376A) G22775A(S:D405N)	20	20	1.0	22589	22781
C25000T(S:D1146D)	14	16	0.875	24926	25076
(24793,1)(S:DEL1078)	12	33	0.36363636363636365	24652	24878
C25416T(ORF3a:F8F) G25429T(ORF3a:V13L)	11	75	0.14666666666666667	25377	25457
C25416T(ORF3a:F8F) G25429C(ORF3a:V13L)	11	75	0.14666666666666667	25377	25457
G21718T(S:Q52H) T21810C(S:V83A)	10	21	0.47619047619047616	21674	21900
C23525T(S:H655Y) G23562A	10	19	0.5263157894736842	23411	23562
