Covariants	Count	Max_count	Freq	Coverage_start	Coverage_end
T23599G(S:N679K) C23604A(S:P681H)	196	388	0.5051546391752577	23580	23655
A24424T(S:Q954H) T24469A(S:N969K)	28	52	0.5384615384615384	24413	24488
(23486,1)(S:DEL643) C23525T(S:H655Y) T23599G(S:N679K) C23604A(S:P681H)	21	67	0.31343283582089554	23471	23607
(23334,1)(S:DEL592)	18	97	0.18556701030927836	23323	23336
C23525T(S:H655Y) T23599G(S:N679K) C23604A(S:P681H)	16	78	0.20512820512820512	23505	23607
(23334,1)(S:DEL592) A23403G(S:D614G)	14	80	0.175	23322	23405
A23403G(S:D614G)	13	120	0.10833333333333334	23343	23426
C23525T(S:H655Y)	11	133	0.08270676691729323	23471	23551
T23599G(S:N679K) C23604A(S:P681H) A23723G(S:S721G)	11	190	0.05789473684210526	23579	23727
A24424T(S:Q954H)	11	56	0.19642857142857142	24406	24488
G22317T(S:G252V)	10	18	0.5555555555555556	22249	22326
T23599G(S:N679K) C23604A(S:P681H) (23708,1)(S:DEL717)	10	222	0.04504504504504504	23580	23711
