Covariants	Count	Max_count	Freq	Coverage_start	Coverage_end
T23599G(S:N679K) C23604A(S:P681H)	68	173	0.3930635838150289	23579	23645
C23525T(S:H655Y) T23599G(S:N679K) C23604A(S:P681H)	18	57	0.3157894736842105	23522	23607
A24424T(S:Q954H) T24469A(S:N969K)	12	29	0.41379310344827586	24406	24488
(23334,1)(S:DEL592)	10	60	0.16666666666666666	23322	23350
T23487G C23525T(S:H655Y) T23599G(S:N679K) C23604A(S:P681H)	10	43	0.23255813953488372	23486	23638
