Covariants	Count	Max_count	Freq	Coverage_start	Coverage_end
A23403G(S:D614G)	18	78	0.23076923076923078	23379	23404
C22109G(S:Q183E)	11	36	0.3055555555555556	22065	22113
