Covariants	Count	Max_count	Freq	Coverage_start	Coverage_end
A23403G(S:D614G)	52	102	0.5098039215686274	23401	23403
(25248,1)(S:DEL1230)	28	90	0.3111111111111111	25240	25256
A23403G(S:D614G) C23525T(S:H655Y)	25	48	0.5208333333333334	23402	23528
C23525T(S:H655Y)	20	88	0.22727272727272727	23507	23525
C25416T(ORF3a:F8F)	20	24	0.8333333333333334	25307	25416
C23525T(S:H655Y) T23599G(S:N679K) C23604A(S:P681H)	18	33	0.5454545454545454	23524	23607
A23403G(S:D614G) C23525T(S:H655Y) T23599G(S:N679K) C23604A(S:P681H)	15	16	0.9375	23401	23607
