Covariants	Count	Max_count	Freq	Coverage_start	Coverage_end
T22942G(S:N460K)	30	79	0.379746835443038	22940	22965
A23403G(S:D614G)	22	64	0.34375	23402	23404
G22317T(S:G252V)	12	16	0.75	22316	22356
T22385C(S:F275L)	10	219	0.045662100456621	22383	22385
