Covariants	Count	Max_count	Freq	Coverage_start	Coverage_end
A23403G(S:D614G)	22	67	0.3283582089552239	23402	23408
C22109G(S:Q183E)	21	41	0.5121951219512195	22108	22114
