Covariants	Count	Max_count	Freq	Coverage_start	Coverage_end
C25000T(S:D1146D)	1759	3027	0.5811034027089528	24997	25000
C21618T(S:T19I) (21632,9)(S:DEL25/27)	1487	2338	0.6360136869118905	21616	21654
T21810C(S:V83A)	1243	3018	0.4118621603711067	21809	21811
C23854A(S:N764K)	740	1076	0.6877323420074349	23830	23854
C21618T(S:T19I) (21632,9)(S:DEL25/27) T21810C(S:V83A)	725	1278	0.5672926447574335	21615	21811
C25000T(S:D1146D) G25064C(S:D1168H)	392	2051	0.19112627986348124	24997	25064
T23599G(S:N679K) C23604A(S:P681H)	385	653	0.5895865237366003	23598	23673
A23403G(S:D614G)	315	430	0.7325581395348837	23365	23403
G25064C(S:D1168H)	232	2123	0.10927932171455487	25034	25064
T23599G(S:N679K) C23604A(S:P681H) C23854A(S:N764K)	223	255	0.8745098039215686	23597	23854
C23202T(S:T547I)	126	402	0.31343283582089554	23199	23203
C23202T(S:T547I) A23403G(S:D614G)	66	155	0.4258064516129032	23199	23409
(21632,9)(S:DEL25/27)	44	2357	0.018667798048366567	21621	21654
C21618T(S:T19I)	38	2377	0.015986537652503154	21544	21621
C23123A(S:P521T)	36	176	0.20454545454545456	23121	23193
G22317T(S:G252V)	25	47	0.5319148936170213	22304	22342
C23123A(S:P521T) A23403G(S:D614G)	24	63	0.38095238095238093	23116	23410
T22200A(S:V213E)	19	53	0.3584905660377358	22193	22225
(21632,9)(S:DEL25/27) T21810C(S:V83A)	19	1288	0.014751552795031056	21621	21812
G21641T(S:A27S)	19	2681	0.007086907870197687	21640	21721
G21641T(S:A27S) T21810C(S:V83A)	12	1509	0.007952286282306162	21640	21856
A22101T(S:E180V) C22109G(S:Q183E)	11	60	0.18333333333333332	22096	22137
G21987A(S:G142D) A22101T(S:E180V) C22109G(S:Q183E)	11	43	0.2558139534883721	21901	22112
