Covariants	Count	Max_count	Freq	Coverage_start	Coverage_end
C23854A(S:N764K)	595	695	0.8561151079136691	23829	23854
T21810C(S:V83A)	305	574	0.5313588850174216	21809	21811
T23599G(S:N679K) C23604A(S:P681H)	293	383	0.7650130548302873	23598	23638
A23403G(S:D614G)	127	155	0.8193548387096774	23362	23403
C21618T(S:T19I) (21632,9)(S:DEL25/27)	111	360	0.30833333333333335	21613	21654
G21718T(S:Q52H)	99	602	0.1644518272425249	21706	21727
T24991A(S:P1143P) C25000T(S:D1146D)	93	202	0.4603960396039604	24988	25000
C21618T(S:T19I) (21632,9)(S:DEL25/27) G21718T(S:Q52H)	91	289	0.314878892733564	21615	21719
G21718T(S:Q52H) T21810C(S:V83A)	84	308	0.2727272727272727	21715	21812
C25000T(S:D1146D)	76	202	0.37623762376237624	24991	25000
T23599G(S:N679K) C23604A(S:P681H) C23854A(S:N764K)	61	68	0.8970588235294118	23597	23854
C21618T(S:T19I) (21632,9)(S:DEL25/27) T21644C(S:Y28H)	54	360	0.15	21613	21703
C21618T(S:T19I) (21632,9)(S:DEL25/27) T21810C(S:V83A)	38	101	0.37623762376237624	21613	21817
C25416T(ORF3a:F8F)	32	33	0.9696969696969697	25384	25427
C21618T(S:T19I) (21632,9)(S:DEL25/27) G21718T(S:Q52H) T21810C(S:V83A)	25	101	0.24752475247524752	21613	21811
G22317T(S:G252V)	21	53	0.39622641509433965	22312	22352
C21618T(S:T19I) (21632,9)(S:DEL25/27) T21644C(S:Y28H) T21810C(S:V83A)	20	101	0.19801980198019803	21613	21812
T22882G(S:N440K) G22895C(S:V445P) T22896C(S:V445P) G22898A(S:G446S) T22930A(S:F456L) T22942G(S:N460K)	15	104	0.14423076923076922	22881	22943
C23123T(S:P521S)	15	112	0.13392857142857142	23118	23193
T22200A(S:V213E)	15	47	0.3191489361702128	22192	22210
A22786C(S:R408S) G22813T(S:K417N) T22882G(S:N440K) G22895C(S:V445P) T22896C(S:V445P) G22898A(S:G446S)	13	40	0.325	22779	22909
A22786C(S:R408S) G22813T(S:K417N)	13	63	0.20634920634920634	22778	22862
C22109G(S:Q183E) T22200A(S:V213E)	12	19	0.631578947368421	22074	22201
C23202T(S:T547I)	11	180	0.06111111111111111	23194	23204
G21987A(S:G142D) (21990,3)(S:DEL144) C22000A(S:H146Q)	11	36	0.3055555555555556	21978	22016
