Covariants	Count	Max_count	Freq	Coverage_start	Coverage_end
C22109G(S:Q183E)	125	146	0.8561643835616438	22077	22111
T22078C(S:S172S)	25	661	0.037821482602118005	22052	22079
T22942G(S:N460K)	21	34	0.6176470588235294	22940	22946
C22033A(S:F157L)	20	700	0.02857142857142857	22031	22067
