Covariants	Count	Max_count	Freq	Coverage_start	Coverage_end
C21721T(S:D53D)	63	270	0.23333333333333334	21712	21767
T22387C(S:F275F)	56	445	0.1258426966292135	22384	22421
T22882G(S:N440K)	46	56	0.8214285714285714	22837	22882
T24469A	26	33	0.7878787878787878	24467	24716
C22982A(S:Q474K)	10	657	0.015220700152207	22951	22984
C24117T(S:A852V)	10	555	0.018018018018018018	24087	24144
T25402C(ORF3a:F4L)	10	2429	0.004116920543433511	25377	25407
