Covariants	Count	Max_count	Freq	Coverage_start	Coverage_end
C23525T(S:H655Y) T23599G(S:N679K) C23604A(S:P681H)	54	120	0.45	23501	23607
A24424T(S:Q954H) T24469A(S:N969K)	29	58	0.5	24410	24488
T23599G(S:N679K) C23604A(S:P681H)	20	191	0.10471204188481675	23579	23668
C23525T(S:H655Y)	17	157	0.10828025477707007	23485	23552
A23403G(S:D614G)	14	161	0.08695652173913043	23322	23416
G22813T(S:K417N) T22882G(S:N440K) G22895C(S:V445P) T22896C(S:V445P) G22898A(S:G446S) T22930A(S:F456L) T22942G(S:N460K)	12	45	0.26666666666666666	22791	22968
(23334,1)(S:DEL592)	12	113	0.10619469026548672	23289	23348
(23334,1)(S:DEL592) A23403G(S:D614G)	11	74	0.14864864864864866	23322	23405
G22813T(S:K417N) T22882G(S:N440K)	10	87	0.11494252873563218	22791	22883
C23854A(S:N764K)	10	52	0.19230769230769232	23681	23859
