Covariants	Count	Max_count	Freq	Coverage_start	Coverage_end
T23599G(S:N679K) C23604A(S:P681H)	301	557	0.5403949730700179	23587	23665
T24469A(S:N969K)	100	308	0.3246753246753247	24464	24544
A24424T(S:Q954H) T24469A(S:N969K)	59	101	0.5841584158415841	24406	24488
C23525T(S:H655Y) T23599G(S:N679K) C23604A(S:P681H)	54	103	0.5242718446601942	23508	23607
C23854A(S:N764K)	28	154	0.18181818181818182	23765	23858
C25000T(S:D1146D)	25	41	0.6097560975609756	24984	25007
A23403G(S:D614G) C23525T(S:H655Y)	21	66	0.3181818181818182	23342	23532
T23075C(S:Y505H)	20	30	0.6666666666666666	23074	23156
C25416T(ORF3a:F8F)	20	40	0.5	25381	25452
(25262,1)(S:DEL1235)	17	154	0.11038961038961038	25250	25309
A24424T(S:Q954H)	13	106	0.12264150943396226	24406	24438
A23403G(S:D614G)	13	127	0.10236220472440945	23351	23441
C21618T(S:T19I) (21632,9)(S:DEL25/27)	13	29	0.4482758620689655	21596	21667
T23487G C23525T(S:H655Y) T23599G(S:N679K) C23604A(S:P681H)	12	91	0.13186813186813187	23486	23607
T23599G(S:N679K) C23604A(S:P681H) G23675T(S:V705F)	10	416	0.02403846153846154	23579	23728
(23486,1)(S:DEL643) C23525T(S:H655Y) T23599G(S:N679K) C23604A(S:P681H)	10	90	0.1111111111111111	23471	23645
T23335C A23403G(S:D614G)	10	86	0.11627906976744186	23334	23418
