Covariants	Count	Max_count	Freq	Coverage_start	Coverage_end
A23403G(S:D614G)	63	201	0.31343283582089554	23402	23404
C23123T(S:P521S)	10	65	0.15384615384615385	23121	23164
