Covariants	Count	Max_count	Freq	Coverage_start	Coverage_end
T24469A(S:N969K)	1645	1738	0.9464902186421174	24468	24533
C25416T(ORF3a:F8F)	727	742	0.9797843665768194	25385	25437
C21618T(S:T19I) (21632,9)(S:DEL25/27)	455	472	0.9639830508474576	21591	21652
C21618T(S:T19I)	98	574	0.17073170731707318	21541	21618
G23948T(S:D796Y)	78	84	0.9285714285714286	23946	23963
