Covariants	Count	Max_count	Freq	Coverage_start	Coverage_end
T23599G(S:N679K) C23604A(S:P681H)	167	538	0.3104089219330855	23581	23664
A24424T(S:Q954H) T24469A(S:N969K)	119	197	0.6040609137055838	24413	24488
C23525T(S:H655Y) T23599G(S:N679K) C23604A(S:P681H)	107	261	0.4099616858237548	23511	23607
C25416T(ORF3a:F8F)	39	116	0.33620689655172414	25381	25447
A24424T(S:Q954H)	32	206	0.1553398058252427	24406	24488
C25416T(ORF3a:F8F) G25459T(ORF3a:A23S)	32	104	0.3076923076923077	25381	25462
(23486,1)(S:DEL643) C23525T(S:H655Y) T23599G(S:N679K) C23604A(S:P681H)	28	201	0.13930348258706468	23481	23607
C25000T(S:D1146D)	25	90	0.2777777777777778	24984	25064
(23334,1)(S:DEL592)	24	164	0.14634146341463414	23322	23348
T24469A(S:N969K)	20	263	0.07604562737642585	24464	24561
T23487G C23525T(S:H655Y) T23599G(S:N679K) C23604A(S:P681H)	19	202	0.09405940594059406	23486	23607
C23854A(S:N764K)	19	211	0.09004739336492891	23765	23859
G22317T(S:G252V)	18	39	0.46153846153846156	22249	22324
A23403G(S:D614G)	17	213	0.07981220657276995	23322	23404
(25262,1)(S:DEL1235)	16	75	0.21333333333333335	25248	25295
(23334,1)(S:DEL592) A23403G(S:D614G)	16	128	0.125	23322	23415
A22320G(S:D253G)	10	39	0.2564102564102564	22242	22329
