Covariants	Count	Max_count	Freq	Coverage_start	Coverage_end
T23599G(S:N679K) C23604A(S:P681H)	551	1168	0.4717465753424658	23580	23660
A24424T(S:Q954H) T24469A(S:N969K)	113	198	0.5707070707070707	24413	24487
T24469A(S:N969K)	95	394	0.24111675126903553	24464	24532
C23525T(S:H655Y) T23599G(S:N679K) C23604A(S:P681H)	78	265	0.2943396226415094	23505	23607
C25416T(ORF3a:F8F)	68	119	0.5714285714285714	25381	25451
(25262,1)(S:DEL1235)	40	104	0.38461538461538464	25248	25263
A23403G(S:D614G)	33	278	0.11870503597122302	23343	23405
C25000T(S:D1146D)	31	61	0.5081967213114754	24984	25068
(23486,1)(S:DEL643) C23525T(S:H655Y) T23599G(S:N679K) C23604A(S:P681H)	30	210	0.14285714285714285	23471	23645
C23525T(S:H655Y)	29	414	0.07004830917874397	23485	23551
A24424T(S:Q954H)	28	206	0.13592233009708737	24406	24425
G22813T(S:K417N) T22882G(S:N440K) G22895C(S:V445P) T22896C(S:V445P) G22898A(S:G446S)	19	47	0.40425531914893614	22801	22898
T22200A(S:V213E)	17	24	0.7083333333333334	22130	22206
G22317T(S:G252V)	13	19	0.6842105263157895	22242	22329
A23403G(S:D614G) C23525T(S:H655Y)	13	85	0.15294117647058825	23342	23532
C23854A(S:N764K)	13	109	0.11926605504587157	23771	23866
