Covariants	Count	Max_count	Freq	Coverage_start	Coverage_end
T23599G(S:N679K) C23604A(S:P681H)	46	136	0.3382352941176471	23579	23661
A24424T(S:Q954H) T24469A(S:N969K)	17	33	0.5151515151515151	24406	24488
C23525T(S:H655Y) T23599G(S:N679K) C23604A(S:P681H)	16	45	0.35555555555555557	23485	23607
