Covariants	Count	Max_count	Freq	Coverage_start	Coverage_end
T23599G(S:N679K) C23604A(S:P681H)	296	793	0.37326607818411095	23580	23665
A24424T(S:Q954H) T24469A(S:N969K)	251	365	0.6876712328767123	24413	24478
C23525T(S:H655Y) T23599G(S:N679K) C23604A(S:P681H)	97	325	0.29846153846153844	23505	23606
C23854A(S:N764K)	74	329	0.22492401215805471	23765	23860
C25416T(ORF3a:F8F)	70	138	0.5072463768115942	25381	25452
T24469A(S:N969K)	54	499	0.10821643286573146	24464	24541
(25262,1)(S:DEL1235)	51	147	0.3469387755102041	25248	25272
(23486,1)(S:DEL643) C23525T(S:H655Y) T23599G(S:N679K) C23604A(S:P681H)	47	268	0.17537313432835822	23471	23607
A24424T(S:Q954H)	41	371	0.1105121293800539	24413	24488
T23487G C23525T(S:H655Y) T23599G(S:N679K) C23604A(S:P681H)	39	271	0.14391143911439114	23486	23607
C25000T(S:D1146D)	35	91	0.38461538461538464	24984	25009
A23403G(S:D614G)	29	220	0.1318181818181818	23366	23406
G22317T(S:G252V)	16	39	0.41025641025641024	22249	22322
A23403G(S:D614G) C23525T(S:H655Y)	16	68	0.23529411764705882	23339	23540
T22200A(S:V213E)	16	25	0.64	22117	22202
T23599G(S:N679K) C23604A(S:P681H) C23635T(S:S691S)	15	767	0.01955671447196871	23579	23667
(24981,1)(S:DEL1141) C25000T(S:D1146D)	14	67	0.208955223880597	24932	25000
G22813T(S:K417N) T22882G(S:N440K) G22895C(S:V445P) T22896C(S:V445P) G22898A(S:G446S) T22942G(S:N460K)	13	39	0.3333333333333333	22808	22942
G22813T(S:K417N) T22882G(S:N440K) G22895C(S:V445P) T22896C(S:V445P) G22898A(S:G446S)	13	58	0.22413793103448276	22801	22899
C23525T(S:H655Y)	12	426	0.028169014084507043	23485	23551
(23334,1)(S:DEL592)	11	178	0.06179775280898876	23322	23336
G22813T(S:K417N) T22882G(S:N440K)	11	80	0.1375	22791	22888
