Covariants	Count	Max_count	Freq	Coverage_start	Coverage_end
C22109G(S:Q183E)	97	187	0.5187165775401069	22084	22111
C22033A(S:F157L)	40	457	0.087527352297593	22031	22060
