Covariants	Count	Max_count	Freq	Coverage_start	Coverage_end
T23599G(S:N679K) C23604A(S:P681H)	332	688	0.48255813953488375	23580	23660
A24424T(S:Q954H) T24469A(S:N969K)	94	147	0.6394557823129252	24410	24488
T23487G C23525T(S:H655Y) T23599G(S:N679K) C23604A(S:P681H)	71	197	0.3604060913705584	23486	23607
C23525T(S:H655Y) T23599G(S:N679K) C23604A(S:P681H)	50	214	0.2336448598130841	23505	23607
C25416T(ORF3a:F8F)	38	53	0.7169811320754716	25381	25452
A24424T(S:Q954H)	24	149	0.1610738255033557	24406	24488
(23334,1)(S:DEL592)	22	95	0.23157894736842105	23322	23337
(23486,1)(S:DEL643) C23525T(S:H655Y) T23599G(S:N679K) C23604A(S:P681H)	21	196	0.10714285714285714	23471	23642
C25000T(S:D1146D)	21	36	0.5833333333333334	24984	25067
A23403G(S:D614G)	11	113	0.09734513274336283	23342	23425
C23854A(S:N764K)	10	141	0.07092198581560284	23765	23856
T24469A(S:N969K)	10	198	0.050505050505050504	24464	24560
