Covariants	Count	Max_count	Freq	Coverage_start	Coverage_end
C21618T(S:T19I) (21632,9)(S:DEL25/27)	342	363	0.9421487603305785	21591	21652
(21764,6)(S:DEL69/70)	253	257	0.9844357976653697	21756	21779
