Covariants	Count	Max_count	Freq	Coverage_start	Coverage_end
T23599G(S:N679K) C23604A(S:P681H)	229	448	0.5111607142857143	23580	23659
A24424T(S:Q954H) T24469A(S:N969K)	69	105	0.6571428571428571	24410	24488
C23525T(S:H655Y) T23599G(S:N679K) C23604A(S:P681H)	42	96	0.4375	23505	23607
T24469A(S:N969K)	26	174	0.14942528735632185	24464	24545
A23403G(S:D614G)	22	135	0.16296296296296298	23345	23405
(25262,1)(S:DEL1235)	20	56	0.35714285714285715	25248	25326
G22317T(S:G252V)	19	26	0.7307692307692307	22242	22324
C23525T(S:H655Y)	19	169	0.11242603550295859	23485	23551
C25000T(S:D1146D)	19	55	0.34545454545454546	24984	25070
C21618T(S:T19I) (21632,9)(S:DEL25/27)	16	28	0.5714285714285714	21596	21681
C23854A(S:N764K)	15	115	0.13043478260869565	23765	23858
C25416T(ORF3a:F8F)	12	34	0.35294117647058826	25381	25453
A24424T(S:Q954H)	11	110	0.1	24406	24488
T23075C(S:Y505H)	10	18	0.5555555555555556	23074	23158
(23486,1)(S:DEL643) C23525T(S:H655Y) T23599G(S:N679K) C23604A(S:P681H)	10	81	0.12345679012345678	23471	23607
