Covariants	Count	Max_count	Freq	Coverage_start	Coverage_end
A23403G(S:D614G)	77	183	0.4207650273224044	23402	23404
C22109G(S:Q183E)	31	91	0.34065934065934067	22108	22113
