Covariants	Count	Max_count	Freq	Coverage_start	Coverage_end
T21810C(S:V83A)	180	314	0.5732484076433121	21809	21810
C21618T(S:T19I) (21632,9)(S:DEL25/27)	103	191	0.5392670157068062	21613	21692
C21618T(S:T19I) (21632,9)(S:DEL25/27) T21810C(S:V83A)	54	85	0.6352941176470588	21613	21812
C21618T(S:T19I) (21632,9)(S:DEL25/27) C21697A(S:S45S)	13	181	0.0718232044198895	21614	21727
