Covariants	Count	Max_count	Freq	Coverage_start	Coverage_end
C25416T(ORF3a:F8F)	278	289	0.9619377162629758	25381	25434
G22317T(S:G252V)	213	269	0.79182156133829	22307	22347
C23525T(S:H655Y) G23562A	56	63	0.8888888888888888	23411	23562
T21810C(S:V83A)	42	84	0.5	21765	21900
A23403G(S:D614G)	33	44	0.75	23325	23467
T23385A	22	68	0.3235294117647059	23250	23385
G21987A(S:G142D) (21990,3)(S:DEL144) C22000A(S:H146Q)	16	20	0.8	21949	22098
G22257A(S:G232D) G22317T(S:G252V)	16	262	0.061068702290076333	22207	22347
T24607G(S:A1015A)	16	78	0.20512820512820512	24572	24720
C25000T(S:D1146D)	15	17	0.8823529411764706	24926	25076
T22200A(S:V213E) G22317T(S:G252V)	13	14	0.9285714285714286	22129	22347
A24652T	10	131	0.07633587786259542	24651	24802
