Covariants	Count	Max_count	Freq	Coverage_start	Coverage_end
T23599G(S:N679K) C23604A(S:P681H)	95	326	0.29141104294478526	23580	23661
A24424T(S:Q954H) T24469A(S:N969K)	67	120	0.5583333333333333	24409	24487
C23525T(S:H655Y) T23599G(S:N679K) C23604A(S:P681H)	63	169	0.3727810650887574	23508	23607
A24424T(S:Q954H)	23	121	0.19008264462809918	24406	24487
(23486,1)(S:DEL643) C23525T(S:H655Y) T23599G(S:N679K) C23604A(S:P681H)	22	142	0.15492957746478872	23471	23607
C25416T(ORF3a:F8F)	21	37	0.5675675675675675	25381	25438
C23525T(S:H655Y)	15	207	0.07246376811594203	23485	23551
G22813T(S:K417N) T22882G(S:N440K) G22895C(S:V445P) T22896C(S:V445P) G22898A(S:G446S)	13	33	0.3939393939393939	22791	22898
(23334,1)(S:DEL592)	13	74	0.17567567567567569	23268	23336
G22317T(S:G252V)	12	18	0.6666666666666666	22242	22319
T24469A(S:N969K)	12	158	0.0759493670886076	24464	24548
A23403G(S:D614G)	11	107	0.102803738317757	23351	23410
T23487G C23525T(S:H655Y) T23599G(S:N679K) C23604A(S:P681H)	11	143	0.07692307692307693	23486	23645
(25262,1)(S:DEL1235)	11	23	0.4782608695652174	25248	25280
