Covariants	Count	Max_count	Freq	Coverage_start	Coverage_end
T23599G(S:N679K) C23604A(S:P681H)	37	124	0.29838709677419356	23579	23666
T23599G(S:N679K) C23604A(S:P681H) C23664T(S:A701V)	12	99	0.12121212121212122	23579	23666
C23525T(S:H655Y) T23599G(S:N679K) C23604A(S:P681H)	10	21	0.47619047619047616	23485	23608
