Covariants	Count	Max_count	Freq	Coverage_start	Coverage_end
T23599G(S:N679K) C23604A(S:P681H)	98	277	0.35379061371841153	23590	23662
T23599G(S:N679K) C23604A(S:P681H) C23664T(S:A701V)	71	241	0.2946058091286307	23580	23664
T24469A(S:N969K)	24	101	0.2376237623762376	24464	24541
C23525T(S:H655Y) T23599G(S:N679K) C23604A(S:P681H)	21	33	0.6363636363636364	23485	23607
A24424T(S:Q954H) T24469A(S:N969K)	21	35	0.6	24406	24491
(25262,1)(S:DEL1235)	21	27	0.7777777777777778	25248	25263
C25416T(ORF3a:F8F)	16	30	0.5333333333333333	25381	25447
T23599G(S:N679K) C23604A(S:P681H) (23641,1)(S:DEL694) C23664T(S:A701V)	11	241	0.04564315352697095	23579	23672
T22200A(S:V213E)	10	13	0.7692307692307693	22117	22205
