Covariants	Count	Max_count	Freq	Coverage_start	Coverage_end
A24424T(S:Q954H) T24469A(S:N969K)	124	199	0.6231155778894473	24413	24488
T23599G(S:N679K) C23604A(S:P681H)	106	446	0.23766816143497757	23580	23666
C25416T(ORF3a:F8F)	69	112	0.6160714285714286	25381	25438
C23525T(S:H655Y) T23599G(S:N679K) C23604A(S:P681H)	65	221	0.29411764705882354	23489	23605
A23403G(S:D614G)	33	199	0.1658291457286432	23342	23425
(23486,1)(S:DEL643) C23525T(S:H655Y) T23599G(S:N679K) C23604A(S:P681H)	30	185	0.16216216216216217	23471	23608
G22813T(S:K417N) T22882G(S:N440K) G22895C(S:V445P) T22896C(S:V445P) G22898A(S:G446S)	29	96	0.3020833333333333	22808	22898
C23854A(S:N764K)	28	222	0.12612612612612611	23790	23867
A24424T(S:Q954H)	26	201	0.12935323383084577	24406	24487
G23501T(S:A647S) C23525T(S:H655Y) T23599G(S:N679K) C23604A(S:P681H)	24	192	0.125	23485	23607
T24469A(S:N969K)	23	256	0.08984375	24464	24555
C25000T(S:D1146D)	22	75	0.29333333333333333	24991	25066
(25262,1)(S:DEL1235)	22	113	0.19469026548672566	25248	25277
C23525T(S:H655Y)	19	296	0.06418918918918919	23485	23551
G22317T(S:G252V)	18	29	0.6206896551724138	22242	22323
G22813T(S:K417N) T22882G(S:N440K) G22895C(S:V445P) T22896C(S:V445P) G22898A(S:G446S) T22942G(S:N460K)	16	52	0.3076923076923077	22791	22944
(23334,1)(S:DEL592)	13	156	0.08333333333333333	23322	23348
G22813T(S:K417N) T22882G(S:N440K) G22895C(S:V445P) T22896C(S:V445P)	11	108	0.10185185185185185	22791	22897
T23599G(S:N679K) C23604A(S:P681H) G23612T(S:A684S)	10	435	0.022988505747126436	23579	23665
