Covariants	Count	Max_count	Freq	Coverage_start	Coverage_end
T23599G(S:N679K) C23604A(S:P681H)	146	219	0.6666666666666666	23579	23664
T24469A(S:N969K)	26	81	0.32098765432098764	24464	24545
A24424T(S:Q954H) T24469A(S:N969K)	19	27	0.7037037037037037	24406	24488
T23599G(S:N679K) C23604A(S:P681H) (23605,3)(S:DEL682)	15	219	0.0684931506849315	23579	23675
(25262,1)(S:DEL1235)	11	20	0.55	25248	25332
