Covariants	Count	Max_count	Freq	Coverage_start	Coverage_end
T23599G(S:N679K) C23604A(S:P681H) C23664T(S:A701V)	90	138	0.6521739130434783	23593	23666
A24424T(S:Q954H) T24469A(S:N969K)	31	50	0.62	24406	24488
C23525T(S:H655Y) T23599G(S:N679K) C23604A(S:P681H)	12	35	0.34285714285714286	23501	23636
A24424T(S:Q954H)	11	50	0.22	24413	24487
