Covariants	Count	Max_count	Freq	Coverage_start	Coverage_end
A23403G(S:D614G)	49	295	0.16610169491525423	23402	23404
C22109G(S:Q183E)	30	61	0.4918032786885246	22072	22113
G23401T(S:Q613H) A23403G(S:D614G)	24	285	0.08421052631578947	23378	23407
G21718T(S:Q52H)	19	111	0.17117117117117117	21717	21744
G23401T(S:Q613H)	14	286	0.04895104895104895	23378	23401
