Covariants	Count	Max_count	Freq	Coverage_start	Coverage_end
T23599G(S:N679K) C23604A(S:P681H)	67	146	0.4589041095890411	23579	23666
A24424T(S:Q954H) T24469A(S:N969K)	37	61	0.6065573770491803	24406	24487
C23525T(S:H655Y) T23599G(S:N679K) C23604A(S:P681H)	18	47	0.3829787234042553	23501	23607
T24469A(S:N969K)	14	103	0.13592233009708737	24464	24537
A24424T(S:Q954H)	12	61	0.19672131147540983	24413	24502
(25262,1)(S:DEL1235)	12	19	0.631578947368421	25248	25284
