Covariants	Count	Max_count	Freq	Coverage_start	Coverage_end
T23599G(S:N679K) C23604A(S:P681H)	78	178	0.43820224719101125	23579	23660
C23525T(S:H655Y) T23599G(S:N679K) C23604A(S:P681H)	24	59	0.4067796610169492	23485	23631
(25262,1)(S:DEL1235)	18	26	0.6923076923076923	25248	25295
A24424T(S:Q954H) T24469A(S:N969K)	16	29	0.5517241379310345	24410	24488
C25416T(ORF3a:F8F)	13	17	0.7647058823529411	25381	25452
G22317T(S:G252V)	12	16	0.75	22256	22330
T23487G C23525T(S:H655Y) T23599G(S:N679K) C23604A(S:P681H)	10	55	0.18181818181818182	23486	23607
