Covariants	Count	Max_count	Freq	Coverage_start	Coverage_end
T23599G(S:N679K) C23604A(S:P681H) C23664T(S:A701V)	130	384	0.3385416666666667	23579	23665
A24424T(S:Q954H) T24469A(S:N969K)	100	166	0.6024096385542169	24413	24487
T23599G(S:N679K) C23604A(S:P681H)	73	590	0.12372881355932204	23579	23666
C23525T(S:H655Y) T23599G(S:N679K) C23604A(S:P681H)	68	176	0.38636363636363635	23501	23605
C25416T(ORF3a:F8F)	30	59	0.5084745762711864	25381	25452
(25262,1)(S:DEL1235)	28	85	0.32941176470588235	25248	25263
A24424T(S:Q954H)	23	173	0.1329479768786127	24406	24488
T23599G(S:N679K) C23604A(S:P681H) (23641,1)(S:DEL694) C23664T(S:A701V)	21	384	0.0546875	23579	23664
G22813T(S:K417N) T22882G(S:N440K) G22895C(S:V445P) T22896C(S:V445P) G22898A(S:G446S)	20	56	0.35714285714285715	22791	22898
T23075C(S:Y505H)	20	29	0.6896551724137931	23074	23156
T24469A(S:N969K)	20	219	0.091324200913242	24464	24580
C25000T(S:D1146D)	20	45	0.4444444444444444	24984	25016
C23525T(S:H655Y)	18	260	0.06923076923076923	23471	23540
T23599G(S:N679K) C23604A(S:P681H) C23673T(S:S704L)	18	348	0.05172413793103448	23579	23708
A23403G(S:D614G)	16	149	0.10738255033557047	23343	23426
T22200A(S:V213E)	14	18	0.7777777777777778	22117	22208
T23487G C23525T(S:H655Y) T23599G(S:N679K) C23604A(S:P681H)	12	147	0.08163265306122448	23486	23607
(23334,1)(S:DEL592)	12	106	0.11320754716981132	23322	23336
(23486,1)(S:DEL643) C23525T(S:H655Y) T23599G(S:N679K) C23604A(S:P681H)	10	146	0.0684931506849315	23471	23607
