Covariants	Count	Max_count	Freq	Coverage_start	Coverage_end
T22942G(S:N460K)	28	45	0.6222222222222222	22940	22946
C22109G(S:Q183E)	16	18	0.8888888888888888	22066	22113
