Covariants	Count	Max_count	Freq	Coverage_start	Coverage_end
T23599G(S:N679K) C23604A(S:P681H)	128	219	0.5844748858447488	23580	23662
T24469A(S:N969K)	35	65	0.5384615384615384	24464	24565
C25416T(ORF3a:F8F)	13	21	0.6190476190476191	25381	25465
C25000T(S:D1146D)	10	16	0.625	24984	25065
