Covariants	Count	Max_count	Freq	Coverage_start	Coverage_end
A23403G(S:D614G)	20	38	0.5263157894736842	23402	23404
T22942G(S:N460K)	18	31	0.5806451612903226	22940	22946
C22109G(S:Q183E)	10	13	0.7692307692307693	22066	22114
