Covariants	Count	Max_count	Freq	Coverage_start	Coverage_end
T23599G(S:N679K) C23604A(S:P681H)	148	330	0.4484848484848485	23579	23664
C23525T(S:H655Y) T23599G(S:N679K) C23604A(S:P681H)	34	77	0.44155844155844154	23505	23607
C23604A(S:P681H)	27	332	0.08132530120481928	23579	23666
A24424T(S:Q954H) T24469A(S:N969K)	26	47	0.5531914893617021	24406	24488
C25416T(ORF3a:F8F)	25	47	0.5319148936170213	25381	25451
G22317T(S:G252V)	19	25	0.76	22256	22324
(25262,1)(S:DEL1235)	18	48	0.375	25248	25295
A23403G(S:D614G)	11	131	0.08396946564885496	23342	23403
A24424T(S:Q954H)	11	53	0.20754716981132076	24406	24488
