Covariants	Count	Max_count	Freq	Coverage_start	Coverage_end
C25416T(ORF3a:F8F)	232	265	0.8754716981132076	25377	25434
G22317T(S:G252V)	182	275	0.6618181818181819	22261	22339
T21810C(S:V83A)	84	145	0.5793103448275863	21765	21900
C22664A(S:L368I) C22674T(S:S371F) T22679C(S:S373P) C22686T(S:S375F) A22688G(S:T376A) G22775A(S:D405N)	57	60	0.95	22657	22781
C23525T(S:H655Y) G23562A	49	58	0.8448275862068966	23411	23562
A23403G(S:D614G)	43	80	0.5375	23325	23468
A22320G(S:D253G)	38	275	0.13818181818181818	22207	22347
A24424T(S:Q954H) T24469A(S:N969K)	35	63	0.5555555555555556	24388	24537
T23385A	35	122	0.28688524590163933	23250	23385
G21718T(S:Q52H) T21810C(S:V83A)	32	100	0.32	21674	21900
C25000T(S:D1146D)	26	37	0.7027027027027027	24926	25076
C23854A(S:N764K)	24	32	0.75	23762	23910
T22200A(S:V213E) G22317T(S:G252V)	23	30	0.7666666666666667	22129	22347
G21987A(S:G142D) (21990,3)(S:DEL144) C22000A(S:H146Q)	19	30	0.6333333333333333	21949	22098
T22882G(S:N440K) G22895C(S:V445P) T22896C(S:V445P) G22898A(S:G446S) T22942G(S:N460K) G22992A(S:S477N) C22995G(S:T478R) A23013C(S:E484A) T23018C(S:F486P) T23019C(S:F486P) T23031C(S:F490S) A23055G(S:Q498R) A23063T(S:N501Y) T23075C(S:Y505H)	17	42	0.40476190476190477	22850	23097
T22200A(S:V213E)	16	45	0.35555555555555557	22129	22243
A24388T A24424T(S:Q954H) T24469A(S:N969K) A24539G	15	58	0.25862068965517243	24387	24539
C23601T T23752A(S:S730S)	11	29	0.3793103448275862	23600	23752
