Covariants	Count	Max_count	Freq	Coverage_start	Coverage_end
G22317T(S:G252V)	88	212	0.41509433962264153	22207	22347
C25416T(ORF3a:F8F)	78	94	0.8297872340425532	25377	25416
T21810C(S:V83A)	69	119	0.5798319327731093	21802	21821
C23525T(S:H655Y) G23562A	42	55	0.7636363636363637	23411	23562
G21718T(S:Q52H) T21810C(S:V83A)	39	104	0.375	21674	21900
C22664A(S:L368I) C22674T(S:S371F) T22679C(S:S373P) C22686T(S:S375F) A22688G(S:T376A) G22775A(S:D405N)	38	58	0.6551724137931034	22657	22781
T22882G(S:N440K) G22895C(S:V445P) T22896C(S:V445P) G22898A(S:G446S) T22930A(S:F456L) T22942G(S:N460K) G22992A(S:S477N) C22995A(S:T478K) A23013C(S:E484A) T23018C(S:F486P) T23019C(S:F486P) T23031C(S:F490S) A23055G(S:Q498R) A23063T(S:N501Y) T23075C(S:Y505H)	37	105	0.3523809523809524	22850	23097
A22320G(S:D253G)	36	212	0.16981132075471697	22207	22347
T22200A(S:V213E) G22317T(S:G252V)	32	57	0.5614035087719298	22196	22347
G21987A(S:G142D) (21990,3)(S:DEL144) C22000A(S:H146Q)	28	36	0.7777777777777778	21949	22098
A23403G(S:D614G) C23525T(S:H655Y)	25	36	0.6944444444444444	23325	23561
T22882G(S:N440K) G22895C(S:V445P) T22896C(S:V445P) G22898A(S:G446S) T22942G(S:N460K) G22992A(S:S477N) C22995G(S:T478R) A23013C(S:E484A) T23018C(S:F486P) T23019C(S:F486P) T23031C(S:F490S) A23055G(S:Q498R) A23063T(S:N501Y) T23075C(S:Y505H)	21	105	0.2	22850	23097
C25000T(S:D1146D)	19	30	0.6333333333333333	24926	25076
T22882G(S:N440K) G22895C(S:V445P) T22896C(S:V445P) G22898A(S:G446S) T22928C(S:F456L) T22942G(S:N460K) G22992A(S:S477N) C22995G(S:T478R) A23013C(S:E484A) T23018C(S:F486P) T23019C(S:F486P) T23031C(S:F490S) A23055G(S:Q498R) A23063T(S:N501Y) T23075C(S:Y505H)	17	105	0.1619047619047619	22850	23097
A23403G(S:D614G)	16	58	0.27586206896551724	23325	23468
C22664A(S:L368I) C22674T(S:S371F) T22679C(S:S373P) C22686T(S:S375F) A22688G(S:T376A) A22755T(S:D398V) G22775A(S:D405N)	15	58	0.25862068965517243	22589	22781
G22317T(S:G252V) C22326T(S:S255F)	14	212	0.0660377358490566	22207	22347
T22200A(S:V213E)	14	70	0.2	22129	22229
C23854A(S:N764K)	13	14	0.9285714285714286	23690	23910
C23525T(S:H655Y)	11	98	0.11224489795918367	23413	23561
T22882G(S:N440K) G22895C(S:V445P) T22896C(S:V445P) G22898A(S:G446S) T22942G(S:N460K) G22992A(S:S477N) C22995A(S:T478K) A23013C(S:E484A) T23018C(S:F486P) T23019C(S:F486P) T23031C(S:F490S) A23055G(S:Q498R) A23063T(S:N501Y) T23075C(S:Y505H)	10	105	0.09523809523809523	22850	23097
