Covariants	Count	Max_count	Freq	Coverage_start	Coverage_end
T23599G(S:N679K) C23604A(S:P681H)	216	617	0.3500810372771475	23579	23662
A24424T(S:Q954H) T24469A(S:N969K)	98	159	0.6163522012578616	24416	24488
C23525T(S:H655Y) T23599G(S:N679K) C23604A(S:P681H)	72	214	0.3364485981308411	23501	23607
C25416T(ORF3a:F8F)	34	96	0.3541666666666667	25381	25453
A23403G(S:D614G)	28	238	0.11764705882352941	23342	23424
G22317T(S:G252V)	27	39	0.6923076923076923	22242	22324
C23604A(S:P681H)	24	625	0.0384	23579	23607
(25262,1)(S:DEL1235)	23	91	0.25274725274725274	25248	25326
A24424T(S:Q954H)	22	171	0.1286549707602339	24406	24488
(23486,1)(S:DEL643) C23525T(S:H655Y) T23599G(S:N679K) C23604A(S:P681H)	20	186	0.10752688172043011	23471	23645
C23854A(S:N764K)	20	168	0.11904761904761904	23765	23866
T24506G(S:S982A)	19	239	0.0794979079497908	24464	24537
(23334,1)(S:DEL592)	18	190	0.09473684210526316	23285	23336
G22813T(S:K417N) T22882G(S:N440K) G22895C(S:V445P) T22896C(S:V445P) G22898A(S:G446S)	17	65	0.26153846153846155	22791	22898
T24469A(S:N969K)	16	240	0.06666666666666667	24464	24545
T23487G C23525T(S:H655Y) T23599G(S:N679K) C23604A(S:P681H)	14	188	0.07446808510638298	23486	23645
C25000T(S:D1146D)	14	55	0.2545454545454545	24984	25069
(24981,1)(S:DEL1141) C25000T(S:D1146D)	12	36	0.3333333333333333	24849	25000
T23075C(S:Y505H)	11	28	0.39285714285714285	23074	23158
C23525T(S:H655Y)	10	326	0.03067484662576687	23485	23553
