Covariants	Count	Max_count	Freq	Coverage_start	Coverage_end
C22109G(S:Q183E)	27	28	0.9642857142857143	22077	22112
A23403G(S:D614G)	14	28	0.5	23402	23404
T22942G(S:N460K)	10	17	0.5882352941176471	22940	22946
