Covariants	Count	Max_count	Freq	Coverage_start	Coverage_end
C25416T(ORF3a:F8F)	200	238	0.8403361344537815	25381	25434
G22317T(S:G252V)	181	253	0.7154150197628458	22301	22347
T21810C(S:V83A)	119	190	0.6263157894736842	21779	21900
C25000T(S:D1146D)	51	56	0.9107142857142857	24926	25076
T22200A(S:V213E) G22317T(S:G252V)	40	48	0.8333333333333334	22196	22347
C23525T(S:H655Y) G23562A	30	43	0.6976744186046512	23411	23562
A23403G(S:D614G)	27	82	0.32926829268292684	23325	23468
C23854A(S:N764K)	25	27	0.9259259259259259	23690	23910
T23385A	24	107	0.22429906542056074	23250	23385
G21718T(S:Q52H) T21810C(S:V83A)	24	148	0.16216216216216217	21674	21900
A24424T(S:Q954H) T24469A(S:N969K)	23	37	0.6216216216216216	24388	24537
T22882G(S:N440K) G22895C(S:V445P) T22896C(S:V445P) G22898A(S:G446S) T22930A(S:F456L) T22942G(S:N460K) G22992A(S:S477N) C22995A(S:T478K) A23013C(S:E484A) T23018C(S:F486P) T23019C(S:F486P) T23031C(S:F490S) A23055G(S:Q498R) A23063T(S:N501Y) T23075C(S:Y505H)	19	58	0.3275862068965517	22850	23097
T22882G(S:N440K) G22895C(S:V445P) T22896C(S:V445P) G22898A(S:G446S) T22942G(S:N460K) G22992A(S:S477N) C22995G(S:T478R) A23013C(S:E484A) T23018C(S:F486P) T23019C(S:F486P) T23031C(S:F490S) A23055G(S:Q498R) A23063T(S:N501Y) T23075C(S:Y505H)	18	58	0.3103448275862069	22850	23097
C23280T(S:T573I) A23403G(S:D614G)	16	55	0.2909090909090909	23250	23468
C25416T(ORF3a:F8F) G25477A(ORF3a:V29I)	15	210	0.07142857142857142	25381	25518
T22882G(S:N440K) G22895C(S:V445P) T22896C(S:V445P) G22898A(S:G446S) T22917G(S:L452R) T22930A(S:F456L) T22942G(S:N460K) C22982A(S:Q474K) G22992A(S:S477N) C22995A(S:T478K) A23013C(S:E484A) T23018C(S:F486P) T23019C(S:F486P) T23031C(S:F490S) A23055G(S:Q498R) A23063T(S:N501Y) T23075C(S:Y505H)	14	58	0.2413793103448276	22850	23097
G21718T(S:Q52H)	12	150	0.08	21673	21817
C23525T(S:H655Y)	11	68	0.16176470588235295	23411	23561
T22200A(S:V213E)	11	63	0.1746031746031746	22129	22243
G25352T(S:V1264L) C25416T(ORF3a:F8F)	11	124	0.08870967741935484	25306	25518
