Covariants	Count	Max_count	Freq	Coverage_start	Coverage_end
T24469A(S:N969K)	335	401	0.8354114713216958	24468	24533
A23403G(S:D614G)	269	801	0.3358302122347066	23402	23403
A23403G(S:D614G) C23525T(S:H655Y)	167	424	0.3938679245283019	23402	23525
C23525T(S:H655Y) T23599G(S:N679K) C23604A(S:P681H)	147	264	0.5568181818181818	23524	23605
C23525T(S:H655Y)	129	724	0.1781767955801105	23507	23525
G23401T(S:Q613H) A23403G(S:D614G)	82	792	0.10353535353535354	23396	23410
A23403G(S:D614G) C23525T(S:H655Y) T23599G(S:N679K) C23604A(S:P681H)	79	115	0.6869565217391305	23402	23606
G23401T(S:Q613H) A23403G(S:D614G) C23525T(S:H655Y)	67	417	0.1606714628297362	23396	23525
C21618T(S:T19I) (21632,9)(S:DEL25/27)	63	115	0.5478260869565217	21613	21654
T21810C(S:V83A)	58	124	0.46774193548387094	21808	21815
C25416T(ORF3a:F8F)	51	62	0.8225806451612904	25381	25420
C23525T(S:H655Y) T23599G(S:N679K)	33	331	0.09969788519637462	23519	23601
A23403G(S:D614G) C23525T(S:H655Y) T23599G(S:N679K)	29	150	0.19333333333333333	23402	23599
G23948T(S:D796Y)	28	41	0.6829268292682927	23941	23996
A24424T(S:Q954H) T24469A(S:N969K)	26	26	1.0	24419	24486
G24542T(S:D994Y)	25	575	0.043478260869565216	24539	24589
C25000T(S:D1146D)	25	41	0.6097560975609756	24992	25006
G23401T(S:Q613H) A23403G(S:D614G) C23525T(S:H655Y) T23599G(S:N679K) C23604A(S:P681H)	24	114	0.21052631578947367	23396	23605
A24424T(S:Q954H)	22	48	0.4583333333333333	24361	24428
C21618T(S:T19I) (21632,9)(S:DEL25/27) T21810C(S:V83A)	22	39	0.5641025641025641	21605	21812
T24469A(S:N969K) G24542T(S:D994Y)	22	290	0.07586206896551724	24468	24584
C21618T(S:T19I) (21632,9)(S:DEL25/27) G21718T(S:Q52H)	12	85	0.1411764705882353	21613	21721
T24991A(S:P1143P) C25000T(S:D1146D)	12	40	0.3	24970	25000
C21618T(S:T19I) (21632,9)(S:DEL25/27) G21718T(S:Q52H) T21810C(S:V83A)	10	39	0.2564102564102564	21605	21815
