Covariants	Count	Max_count	Freq	Coverage_start	Coverage_end
T23599G(S:N679K) C23604A(S:P681H)	229	896	0.25558035714285715	23579	23655
A24424T(S:Q954H) T24469A(S:N969K)	157	274	0.572992700729927	24406	24486
C23525T(S:H655Y) T23599G(S:N679K) C23604A(S:P681H)	113	338	0.3343195266272189	23508	23607
T23599G(S:N679K) C23604A(S:P681H) C23664T(S:A701V)	84	486	0.1728395061728395	23579	23666
(23486,1)(S:DEL643) C23525T(S:H655Y) T23599G(S:N679K) C23604A(S:P681H)	63	291	0.21649484536082475	23471	23607
C25000T(S:D1146D)	49	121	0.4049586776859504	24992	25069
C25416T(ORF3a:F8F)	46	96	0.4791666666666667	25381	25451
A23403G(S:D614G)	41	303	0.1353135313531353	23322	23404
T24469A(S:N969K)	40	373	0.10723860589812333	24464	24541
A24424T(S:Q954H)	38	284	0.13380281690140844	24406	24487
(23334,1)(S:DEL592)	27	224	0.12053571428571429	23322	23336
T23487G(S:V642G) C23525T(S:H655Y) T23599G(S:N679K) C23604A(S:P681H)	27	292	0.09246575342465753	23486	23607
G22813T(S:K417N) T22882G(S:N440K) G22895C(S:V445P) T22896C(S:V445P) G22898A(S:G446S)	26	129	0.20155038759689922	22791	22898
(25262,1)(S:DEL1235)	24	118	0.2033898305084746	25248	25297
C23525T(S:H655Y)	23	459	0.05010893246187364	23485	23552
C23854A(S:N764K)	21	128	0.1640625	23765	23857
T22200A(S:V213E)	17	23	0.7391304347826086	22117	22208
G22813T(S:K417N) T22882G(S:N440K) G22895C(S:V445P) T22896C(S:V445P)	17	150	0.11333333333333333	22791	22897
T23075C(S:Y505H)	17	27	0.6296296296296297	23074	23156
G22813T(S:K417N) T22882G(S:N440K)	17	174	0.09770114942528736	22791	22888
G22813T(S:K417N) T22882G(S:N440K) G22895C(S:V445P) T22896C(S:V445P) G22898A(S:G446S) T22928C(S:F456L) T22942G(S:N460K)	13	79	0.16455696202531644	22791	22968
G22317T(S:G252V)	13	21	0.6190476190476191	22242	22324
G22813T(S:K417N) T22882G(S:N440K) G22895C(S:V445P) T22896C(S:V445P) G22898A(S:G446S) T22930A(S:F456L) T22942G(S:N460K)	13	79	0.16455696202531644	22805	22946
T23599G(S:N679K) C23604A(S:P681H) (23641,1)(S:DEL694) C23664T(S:A701V)	11	486	0.02263374485596708	23579	23666
G22813T(S:K417N) T22882G(S:N440K) G22895C(S:V445P) T22896C(S:V445P) G22898A(S:G446S) T22942G(S:N460K)	11	79	0.13924050632911392	22791	22968
(23334,1)(S:DEL592) A23403G(S:D614G)	11	165	0.06666666666666667	23322	23407
