Covariants	Count	Max_count	Freq	Coverage_start	Coverage_end
T23599G(S:N679K) C23604A(S:P681H)	158	531	0.2975517890772128	23579	23662
A24424T(S:Q954H) T24469A(S:N969K)	124	201	0.6169154228855721	24410	24488
C25416T(ORF3a:F8F)	93	139	0.6690647482014388	25381	25464
C23525T(S:H655Y) T23599G(S:N679K) C23604A(S:P681H)	68	196	0.3469387755102041	23505	23604
A23403G(S:D614G)	34	193	0.17616580310880828	23273	23425
T23599G(S:N679K) C23604A(S:P681H) T23689C(S:N709N)	30	282	0.10638297872340426	23579	23694
(23486,1)(S:DEL643) C23525T(S:H655Y) T23599G(S:N679K) C23604A(S:P681H)	30	180	0.16666666666666666	23471	23607
A24424T(S:Q954H)	25	206	0.12135922330097088	24406	24425
T23075C(S:Y505H)	18	31	0.5806451612903226	23074	23156
T23487G C23525T(S:H655Y) T23599G(S:N679K) C23604A(S:P681H)	16	180	0.08888888888888889	23486	23645
C25000T(S:D1146D)	15	41	0.36585365853658536	24984	25069
G22813T(S:K417N) T22882G(S:N440K) G22895C(S:V445P) T22896C(S:V445P) G22898A(S:G446S)	15	38	0.39473684210526316	22791	22898
(23334,1)(S:DEL592) A23403G(S:D614G)	14	128	0.109375	23322	23406
(23334,1)(S:DEL592)	14	167	0.08383233532934131	23268	23336
C23854A(S:N764K)	13	87	0.14942528735632185	23765	23861
C23525T(S:H655Y)	12	285	0.042105263157894736	23471	23552
(25262,1)(S:DEL1235)	11	65	0.16923076923076924	25248	25295
G22813T(S:K417N) T22882G(S:N440K) G22895C(S:V445P) T22896C(S:V445P) G22898A(S:G446S) T22942G(S:N460K)	10	20	0.5	22791	22968
