Covariants	Count	Max_count	Freq	Coverage_start	Coverage_end
C21618T(S:T19I) (21632,9)(S:DEL25/27)	1568	1612	0.9727047146401985	21591	21652
(21764,6)(S:DEL69/70)	818	971	0.8424304840370752	21756	21779
(21764,6)(S:DEL69/70) C21807T(S:P82L)	141	497	0.2837022132796781	21756	21807
(21632,9)(S:DEL25/27)	16	1612	0.009925558312655087	21591	21654
