Covariants	Count	Max_count	Freq	Coverage_start	Coverage_end
T23599G(S:N679K) C23604A(S:P681H)	84	285	0.29473684210526313	23579	23666
A24424T(S:Q954H) T24469A(S:N969K)	59	93	0.6344086021505376	24406	24488
C23525T(S:H655Y) T23599G(S:N679K) C23604A(S:P681H)	39	137	0.2846715328467153	23501	23607
C25416T(ORF3a:F8F)	32	64	0.5	25381	25451
T23487G C23525T(S:H655Y) T23599G(S:N679K) C23604A(S:P681H)	27	123	0.21951219512195122	23486	23645
(23486,1)(S:DEL643) C23525T(S:H655Y) T23599G(S:N679K) C23604A(S:P681H)	14	123	0.11382113821138211	23471	23645
(25262,1)(S:DEL1235)	14	37	0.3783783783783784	25248	25323
T24469A(S:N969K)	11	127	0.08661417322834646	24464	24565
C23525T(S:H655Y)	10	189	0.05291005291005291	23485	23551
A24424T(S:Q954H)	10	95	0.10526315789473684	24406	24438
