Covariants	Count	Max_count	Freq	Coverage_start	Coverage_end
T23599G(S:N679K) C23604A(S:P681H)	23	55	0.41818181818181815	23580	23664
A24424T(S:Q954H) T24469A(S:N969K)	10	18	0.5555555555555556	24406	24488
