Covariants	Count	Max_count	Freq	Coverage_start	Coverage_end
T23599G(S:N679K) C23604A(S:P681H)	409	937	0.43649946638207043	23582	23664
A24424T(S:Q954H) T24469A(S:N969K)	165	255	0.6470588235294118	24406	24487
C25416T(ORF3a:F8F)	100	164	0.6097560975609756	25381	25452
C23525T(S:H655Y) T23599G(S:N679K) C23604A(S:P681H)	94	311	0.3022508038585209	23505	23607
(25262,1)(S:DEL1235)	77	187	0.4117647058823529	25248	25272
T24469A(S:N969K)	60	432	0.1388888888888889	24464	24536
(23486,1)(S:DEL643) C23525T(S:H655Y) T23599G(S:N679K) C23604A(S:P681H)	49	265	0.18490566037735848	23471	23607
C23854A(S:N764K)	45	319	0.14106583072100312	23765	23858
A24424T(S:Q954H)	41	257	0.15953307392996108	24406	24486
T23487G C23525T(S:H655Y) T23599G(S:N679K) C23604A(S:P681H)	35	268	0.13059701492537312	23486	23607
C25000T(S:D1146D)	30	106	0.2830188679245283	24998	25065
G22317T(S:G252V)	28	42	0.6666666666666666	22249	22329
A23403G(S:D614G)	25	248	0.10080645161290322	23333	23444
A23403G(S:D614G) C23525T(S:H655Y)	24	95	0.25263157894736843	23353	23535
(23334,1)(S:DEL592)	24	173	0.13872832369942195	23322	23356
C23525T(S:H655Y)	22	450	0.04888888888888889	23485	23552
(24981,1)(S:DEL1141) C25000T(S:D1146D)	17	66	0.25757575757575757	24910	25001
C23520T(S:A653V) C23525T(S:H655Y) T23599G(S:N679K) C23604A(S:P681H)	14	305	0.04590163934426229	23501	23607
(23334,1)(S:DEL592) A23403G(S:D614G)	14	142	0.09859154929577464	23322	23417
T23075C(S:Y505H)	11	22	0.5	23074	23154
