Covariants	Count	Max_count	Freq	Coverage_start	Coverage_end
C25416T(ORF3a:F8F)	183	198	0.9242424242424242	25381	25434
G22317T(S:G252V)	178	223	0.7982062780269058	22208	22347
T21810C(S:V83A)	93	124	0.75	21784	21900
C23525T(S:H655Y) G23562A	70	74	0.9459459459459459	23411	23562
T23385A	42	118	0.3559322033898305	23250	23385
A23403G(S:D614G)	42	74	0.5675675675675675	23325	23465
A23403G(S:D614G) C23525T(S:H655Y)	24	28	0.8571428571428571	23325	23561
A24424T(S:Q954H) T24469A(S:N969K)	24	37	0.6486486486486487	24388	24538
T22882G(S:N440K) G22895C(S:V445P) T22896C(S:V445P) G22898A(S:G446S) T22942G(S:N460K) G22992A(S:S477N) C22995A(S:T478K) A23013C(S:E484A) T23018C(S:F486P) T23019C(S:F486P) T23031C(S:F490S) A23055G(S:Q498R) A23063T(S:N501Y) T23075C(S:Y505H)	23	28	0.8214285714285714	22850	23096
T22200A(S:V213E) G22317T(S:G252V)	20	21	0.9523809523809523	22129	22347
C22664A(S:L368I) C22674T(S:S371F) T22679C(S:S373P) C22686T(S:S375F) A22688G(S:T376A) G22775A(S:D405N)	18	22	0.8181818181818182	22589	22781
T22200A(S:V213E)	13	34	0.38235294117647056	22130	22243
C23601T T23752A(S:S730S)	11	53	0.20754716981132076	23600	23752
G21987A(S:G142D) (21990,3)(S:DEL144) C22000A(S:H146Q)	10	19	0.5263157894736842	21949	22098
C23525T(S:H655Y)	10	110	0.09090909090909091	23411	23561
C25000T(S:D1146D)	10	16	0.625	24926	25076
