Covariants	Count	Max_count	Freq	Coverage_start	Coverage_end
C22109G(S:Q183E)	25	32	0.78125	22073	22113
T22942G(S:N460K)	13	26	0.5	22940	22943
A23403G(S:D614G)	11	18	0.6111111111111112	23402	23404
