Covariants	Count	Max_count	Freq	Coverage_start	Coverage_end
C25416T(ORF3a:F8F)	70	86	0.813953488372093	25377	25434
T21810C(S:V83A)	65	89	0.7303370786516854	21770	21900
G22317T(S:G252V)	52	63	0.8253968253968254	22298	22347
A23403G(S:D614G)	26	36	0.7222222222222222	23325	23468
C22664A(S:L368I) C22674T(S:S371F) T22679C(S:S373P) C22686T(S:S375F) A22688G(S:T376A) G22775A(S:D405N)	24	24	1.0	22589	22781
C23525T(S:H655Y) G23562A	21	38	0.5526315789473685	23411	23562
C25000T(S:D1146D)	15	18	0.8333333333333334	24926	25076
C23854A(S:N764K)	10	10	1.0	23690	23910
