Covariants	Count	Max_count	Freq	Coverage_start	Coverage_end
T23599G(S:N679K) C23604A(S:P681H)	51	69	0.7391304347826086	23579	23735
T23599G(S:N679K) C23604A(S:P681H) C23733T(S:T724I)	10	64	0.15625	23579	23735
