Covariants	Count	Max_count	Freq	Coverage_start	Coverage_end
C23525T(S:H655Y) T23599G(S:N679K) C23604A(S:P681H)	35	58	0.603448275862069	23501	23608
A24424T(S:Q954H) T24469A(S:N969K)	33	61	0.5409836065573771	24406	24488
T23599G(S:N679K) C23604A(S:P681H)	32	134	0.23880597014925373	23579	23694
T24469A(S:N969K)	17	92	0.18478260869565216	24464	24541
T23599G(S:N679K) C23604A(S:P681H) C23664T(S:A701V)	14	75	0.18666666666666668	23579	23694
T22200A(S:V213E)	11	13	0.8461538461538461	22117	22214
