Covariants	Count	Max_count	Freq	Coverage_start	Coverage_end
C25416T(ORF3a:F8F)	456	492	0.926829268292683	25381	25434
G22317T(S:G252V)	347	394	0.8807106598984772	22306	22345
T23385A	142	239	0.5941422594142259	23250	23385
C23525T(S:H655Y) G23562A	137	145	0.9448275862068966	23411	23562
T21810C(S:V83A)	108	186	0.5806451612903226	21767	21900
A23403G(S:D614G)	49	92	0.532608695652174	23325	23468
A24652T	46	194	0.23711340206185566	24651	24802
C23601T T23752A(S:S730S)	25	44	0.5681818181818182	23600	23752
A23403G(S:D614G) C23424T(S:P621L)	24	92	0.2608695652173913	23325	23467
C23525T(S:H655Y)	19	195	0.09743589743589744	23441	23526
(23465,'T')(S:INS636) C23525T(S:H655Y)	11	195	0.05641025641025641	23411	23561
G21987A(S:G142D) (21990,3)(S:DEL144) C22000A(S:H146Q)	10	12	0.8333333333333334	21949	22098
