Covariants	Count	Max_count	Freq	Coverage_start	Coverage_end
C23525T(S:H655Y) T23599G(S:N679K) C23604A(S:P681H)	19	72	0.2638888888888889	23501	23608
A24424T(S:Q954H) T24469A(S:N969K)	16	26	0.6153846153846154	24406	24487
T23599G(S:N679K) C23604A(S:P681H)	13	126	0.10317460317460317	23579	23666
C23525T(S:H655Y)	12	101	0.1188118811881188	23485	23553
(23486,1)(S:DEL643) C23525T(S:H655Y) T23599G(S:N679K) C23604A(S:P681H)	11	56	0.19642857142857142	23471	23645
T24469A(S:N969K)	11	49	0.22448979591836735	24464	24540
C25416T(ORF3a:F8F)	11	22	0.5	25381	25451
T23599G(S:N679K) C23604A(S:P681H) C23664T(S:A701V)	10	32	0.3125	23579	23666
