Covariants	Count	Max_count	Freq	Coverage_start	Coverage_end
A23403G(S:D614G)	105	322	0.32608695652173914	23402	23404
G21718T(S:Q52H)	14	72	0.19444444444444445	21716	21746
