Covariants	Count	Max_count	Freq	Coverage_start	Coverage_end
T23599G(S:N679K) C23604A(S:P681H)	54	178	0.30337078651685395	23579	23645
T23599G(S:N679K) C23604A(S:P681H) C23673T(S:S704L)	27	115	0.23478260869565218	23579	23693
T23487G C23525T(S:H655Y) T23599G(S:N679K) C23604A(S:P681H)	15	45	0.3333333333333333	23486	23638
C23525T(S:H655Y) T23599G(S:N679K) C23604A(S:P681H)	13	47	0.2765957446808511	23485	23607
A24424T(S:Q954H) T24469A(S:N969K)	10	23	0.43478260869565216	24406	24488
