Covariants	Count	Max_count	Freq	Coverage_start	Coverage_end
C25000T(S:D1146D)	7169	7590	0.944532279314888	24992	25001
C23123T(S:P521S) A23403G(S:D614G)	836	894	0.9351230425055929	23083	23467
C21618T(S:T19I) (21632,9)(S:DEL25/27) G21718T(S:Q52H) T21810C(S:V83A)	660	756	0.873015873015873	21592	21849
A23403G(S:D614G) C23525T(S:H655Y) T23599G(S:N679K) C23604A(S:P681H)	48	52	0.9230769230769231	23394	23607
C23123T(S:P521S)	38	929	0.04090419806243272	23079	23173
C21618T(S:T19I) (21632,9)(S:DEL25/27) C21660G G21718T(S:Q52H) T21810C(S:V83A)	34	756	0.04497354497354497	21581	21960
A23403G(S:D614G)	19	967	0.01964839710444674	23398	23478
C25000T(S:D1146D) C25041G(S:T1160R)	13	7496	0.0017342582710779082	24852	25118
G21718T(S:Q52H) T21810C(S:V83A)	12	768	0.015625	21682	21959
C25000T(S:D1146D) A25026G(S:Y1155C)	11	7531	0.0014606293984862568	24776	25051
A24968C(S:T1136P) C25000T(S:D1146D)	10	7584	0.0013185654008438818	24851	25118
