Covariants	Count	Max_count	Freq	Coverage_start	Coverage_end
T23599G(S:N679K) C23604A(S:P681H)	551	1323	0.41647770219198793	23580	23661
A24424T(S:Q954H) T24469A(S:N969K)	154	275	0.56	24416	24487
C23525T(S:H655Y) T23599G(S:N679K) C23604A(S:P681H)	138	405	0.34074074074074073	23508	23605
G22317T(S:G252V)	78	103	0.7572815533980582	22249	22322
(23334,1)(S:DEL592)	74	400	0.185	23322	23336
C25416T(ORF3a:F8F)	65	119	0.5462184873949579	25381	25451
(23486,1)(S:DEL643) C23525T(S:H655Y) T23599G(S:N679K) C23604A(S:P681H)	58	305	0.1901639344262295	23471	23607
C23525T(S:H655Y)	55	576	0.0954861111111111	23485	23551
T24469A(S:N969K)	53	433	0.12240184757505773	24464	24545
A24424T(S:Q954H)	47	279	0.16845878136200718	24417	24487
G22813T(S:K417N) T22882G(S:N440K) G22895C(S:V445P) T22896C(S:V445P) G22898A(S:G446S)	37	137	0.27007299270072993	22809	22898
A23403G(S:D614G)	36	577	0.06239168110918544	23352	23415
T23487G C23525T(S:H655Y) T23599G(S:N679K) C23604A(S:P681H)	35	311	0.11254019292604502	23486	23607
(23334,1)(S:DEL592) A23403G(S:D614G)	31	287	0.10801393728222997	23322	23408
A24090G(S:D843G)	31	75	0.41333333333333333	24020	24096
C23854A(S:N764K)	30	322	0.09316770186335403	23775	23866
(25262,1)(S:DEL1235)	30	192	0.15625	25248	25272
G22813T(S:K417N) T22882G(S:N440K) G22895C(S:V445P) T22896C(S:V445P)	20	163	0.12269938650306748	22809	22896
C25000T(S:D1146D)	19	102	0.18627450980392157	24984	25055
T22200A(S:V213E)	19	27	0.7037037037037037	22117	22202
G22813T(S:K417N) T22882G(S:N440K) G22895C(S:V445P) T22896C(S:V445P) G22898A(S:G446S) T22942G(S:N460K)	16	83	0.1927710843373494	22791	22942
(24320,1)(S:DEL921)	15	173	0.08670520231213873	24217	24321
G22813T(S:K417N)	14	198	0.0707070707070707	22791	22869
(24981,1)(S:DEL1141) C25000T(S:D1146D)	12	66	0.18181818181818182	24872	25002
