Covariants	Count	Max_count	Freq	Coverage_start	Coverage_end
C25000T(S:D1146D)	76	90	0.8444444444444444	24926	25076
A23403G(S:D614G)	58	96	0.6041666666666666	23351	23439
T21810C(S:V83A)	52	123	0.42276422764227645	21765	21824
C23525T(S:H655Y) G23562A	48	61	0.7868852459016393	23411	23562
(21764,6)(S:DEL69/70)	47	116	0.4051724137931034	21674	21817
C25416T(ORF3a:F8F)	45	260	0.17307692307692307	25381	25434
T22304C(S:Y248H)	45	176	0.2556818181818182	22207	22346
G22317T(S:G252V)	40	188	0.2127659574468085	22227	22327
T22882G(S:N440K) A22893C(S:K444T) T22917G(S:L452R) T22942A(S:N460K) G22992A(S:S477N) C22995A(S:T478K) A23013C(S:E484A) T23018G(S:F486V) A23055G(S:Q498R) A23063T(S:N501Y) T23075C(S:Y505H)	25	51	0.49019607843137253	22850	23097
A24424T(S:Q954H) T24469A(S:N969K)	21	33	0.6363636363636364	24388	24537
C22674T(S:S371F) T22679C(S:S373P) C22686T(S:S375F) A22688G(S:T376A) G22775A(S:D405N)	20	43	0.46511627906976744	22589	22781
T23385A	20	119	0.16806722689075632	23250	23385
C22664A(S:L368I) C22674T(S:S371F) T22679C(S:S373P) C22686T(S:S375F) A22688G(S:T376A) G22775A(S:D405N)	15	43	0.3488372093023256	22589	22781
T22200A(S:V213E) G22317T(S:G252V)	15	33	0.45454545454545453	22129	22347
C23280T(S:T573I) A23403G(S:D614G)	14	67	0.208955223880597	23250	23468
C23854A(S:N764K)	12	12	1.0	23690	23910
T22882G(S:N440K) G22895C(S:V445P) T22896C(S:V445P) G22898A(S:G446S) T22942G(S:N460K) G22992A(S:S477N) C22995A(S:T478K) A23013C(S:E484A) T23018C(S:F486P) T23019C(S:F486P) T23031C(S:F490S) A23055G(S:Q498R) A23063T(S:N501Y) T23075C(S:Y505H)	12	51	0.23529411764705882	22850	23097
T22304G(S:Y248D)	12	176	0.06818181818181818	22207	22347
G21987A(S:G142D) T22099A(S:L179L)	12	12	1.0	21949	22099
T22200G(S:V213G) T22304C(S:Y248H)	11	33	0.3333333333333333	22129	22347
C23525T(S:H655Y)	10	93	0.10752688172043011	23411	23550
A23403G(S:D614G) C23525T(S:H655Y)	10	16	0.625	23325	23561
T22882G(S:N440K) A22893C(S:K444T) T22917G(S:L452R) G22992A(S:S477N) C22995A(S:T478K) A23013C(S:E484A) T23018G(S:F486V) A23055G(S:Q498R) A23063T(S:N501Y) T23075C(S:Y505H)	10	51	0.19607843137254902	22850	23097
