Covariants	Count	Max_count	Freq	Coverage_start	Coverage_end
G22317T(S:G252V)	43	58	0.7413793103448276	22229	22347
C25416T(ORF3a:F8F)	28	46	0.6086956521739131	25377	25434
T21810C(S:V83A)	15	22	0.6818181818181818	21765	21900
C23525T(S:H655Y) G23562A	12	12	1.0	23411	23562
