Covariants	Count	Max_count	Freq	Coverage_start	Coverage_end
C25416T(ORF3a:F8F)	325	375	0.8666666666666667	25377	25434
G22317T(S:G252V)	129	210	0.6142857142857143	22306	22333
T21810C(S:V83A)	121	186	0.6505376344086021	21765	21825
C25000T(S:D1146D)	66	73	0.9041095890410958	24926	25076
C22664A(S:L368I) C22674T(S:S371F) T22679C(S:S373P) C22686T(S:S375F) A22688G(S:T376A) G22775A(S:D405N)	62	69	0.8985507246376812	22658	22781
A24424T(S:Q954H) T24469A(S:N969K)	50	64	0.78125	24388	24537
C23525T(S:H655Y) G23562A	47	72	0.6527777777777778	23411	23562
A23403G(S:D614G)	47	91	0.5164835164835165	23325	23468
T23385A	40	137	0.291970802919708	23250	23385
G21718T(S:Q52H) T21810C(S:V83A)	33	130	0.25384615384615383	21674	21900
T22882G(S:N440K) G22895C(S:V445P) T22896C(S:V445P) G22898A(S:G446S) T22930A(S:F456L) T22942G(S:N460K) G22992A(S:S477N) C22995A(S:T478K) A23013C(S:E484A) T23018C(S:F486P) T23019C(S:F486P) T23031C(S:F490S) A23055G(S:Q498R) A23063T(S:N501Y) T23075C(S:Y505H)	30	102	0.29411764705882354	22850	23097
T22882G(S:N440K) G22895C(S:V445P) T22896C(S:V445P) G22898A(S:G446S) T22942G(S:N460K) G22992A(S:S477N) C22995G(S:T478R) A23013C(S:E484A) T23018C(S:F486P) T23019C(S:F486P) T23031C(S:F490S) A23055G(S:Q498R) A23063T(S:N501Y) T23075C(S:Y505H)	28	102	0.27450980392156865	22850	23097
A22320G(S:D253G)	27	210	0.12857142857142856	22207	22347
A23403G(S:D614G) C23525T(S:H655Y)	18	27	0.6666666666666666	23325	23561
C23854A(S:N764K)	17	21	0.8095238095238095	23690	23910
T22200A(S:V213E) G22317T(S:G252V)	17	26	0.6538461538461539	22129	22347
C25416T(ORF3a:F8F) G25471C(ORF3a:D27H)	16	308	0.05194805194805195	25306	25518
T25209C(S:I1216T)	14	57	0.24561403508771928	25118	25268
T22882G(S:N440K) G22895C(S:V445P) T22896C(S:V445P) G22898A(S:G446S) T22942G(S:N460K) G22992A(S:S477N) C22995A(S:T478K) A23013C(S:E484A) T23018C(S:F486P) T23019C(S:F486P) T23031C(S:F490S) A23055G(S:Q498R) A23063T(S:N501Y) T23075C(S:Y505H)	10	102	0.09803921568627451	22850	23097
A24388T A24424T(S:Q954H) T24469A(S:N969K) A24539G	10	63	0.15873015873015872	24386	24539
