Covariants	Count	Max_count	Freq	Coverage_start	Coverage_end
G22317T(S:G252V)	115	143	0.8041958041958042	22207	22347
C25416T(ORF3a:F8F)	83	108	0.7685185185185185	25377	25434
C23525T(S:H655Y) G23562A	67	106	0.6320754716981132	23411	23562
T21810C(S:V83A)	54	69	0.782608695652174	21765	21881
T23599G(S:N679K) C23604A(S:P681H)	35	37	0.9459459459459459	23514	23664
T23385A	31	73	0.4246575342465753	23250	23385
A23403G(S:D614G)	30	37	0.8108108108108109	23325	23467
