Covariants	Count	Max_count	Freq	Coverage_start	Coverage_end
A24424T(S:Q954H) T24469A(S:N969K)	60	81	0.7407407407407407	24406	24489
C25416T(ORF3a:F8F)	14	32	0.4375	25381	25451
C23525T(S:H655Y) T23599G(S:N679K) C23604A(S:P681H)	12	28	0.42857142857142855	23485	23609
