Covariants	Count	Max_count	Freq	Coverage_start	Coverage_end
T23599G(S:N679K) C23604A(S:P681H)	1144	2587	0.44221105527638194	23580	23660
A24424T(S:Q954H) T24469A(S:N969K)	471	756	0.623015873015873	24413	24486
C23525T(S:H655Y) T23599G(S:N679K) C23604A(S:P681H)	276	793	0.3480453972257251	23508	23605
T24469A(S:N969K)	147	1077	0.13649025069637882	24464	24537
C25416T(ORF3a:F8F)	125	237	0.5274261603375527	25382	25451
C23525T(S:H655Y)	102	1170	0.08717948717948718	23485	23551
T23487G C23525T(S:H655Y) T23599G(S:N679K) C23604A(S:P681H)	101	640	0.1578125	23486	23607
(25262,1)(S:DEL1235)	98	242	0.4049586776859504	25250	25264
A24424T(S:Q954H)	98	770	0.12727272727272726	24415	24486
A23403G(S:D614G)	86	609	0.1412151067323481	23351	23405
C25000T(S:D1146D)	84	213	0.39436619718309857	24998	25008
(23486,1)(S:DEL643) C23525T(S:H655Y) T23599G(S:N679K) C23604A(S:P681H)	83	638	0.13009404388714735	23477	23607
(23334,1)(S:DEL592)	76	485	0.15670103092783505	23322	23336
G22813T(S:K417N) T22882G(S:N440K) G22895C(S:V445P) T22896C(S:V445P) G22898A(S:G446S)	65	182	0.35714285714285715	22808	22898
T23075C(S:Y505H)	59	100	0.59	23074	23156
C23854A(S:N764K)	50	704	0.07102272727272728	23765	23858
G22813T(S:K417N) T22882G(S:N440K) G22895C(S:V445P) T22896C(S:V445P) G22898A(S:G446S) T22930G(S:F456L) T22942G(S:N460K)	38	92	0.41304347826086957	22800	22949
(23334,1)(S:DEL592) A23403G(S:D614G)	36	361	0.0997229916897507	23331	23403
T22200A(S:V213E)	27	38	0.7105263157894737	22117	22200
G22317T(S:G252V)	24	39	0.6153846153846154	22242	22326
G22813T(S:K417N) T22882G(S:N440K) G22895C(S:V445P) T22896C(S:V445P)	24	215	0.11162790697674418	22791	22896
A23403G(S:D614G) C23525T(S:H655Y)	23	198	0.11616161616161616	23333	23532
G22813T(S:K417N) T22882G(S:N440K)	20	238	0.08403361344537816	22791	22884
T23599G(S:N679K) C23604A(S:P681H) (23641,1)(S:DEL694)	18	2490	0.007228915662650603	23579	23661
(24253,1)(S:DEL898)	18	226	0.07964601769911504	24217	24261
(24320,1)(S:DEL921)	17	188	0.09042553191489362	24226	24321
(24981,1)(S:DEL1141) C25000T(S:D1146D)	13	113	0.11504424778761062	24868	25004
A23403G(S:D614G) (23486,1)(S:DEL643) C23525T(S:H655Y)	13	198	0.06565656565656566	23345	23540
C23854A(S:N764K) (23887,1)(S:DEL776)	11	645	0.017054263565891473	23765	23888
