Covariants	Count	Max_count	Freq	Coverage_start	Coverage_end
T23599G(S:N679K) C23604A(S:P681H)	42	91	0.46153846153846156	23579	23666
A24424T(S:Q954H) T24469A(S:N969K)	14	20	0.7	24410	24488
T24469A(S:N969K)	12	41	0.2926829268292683	24464	24580
