Covariants	Count	Max_count	Freq	Coverage_start	Coverage_end
A23403G(S:D614G)	66	174	0.3793103448275862	23402	23404
C22109G(S:Q183E)	24	119	0.20168067226890757	22108	22111
G21718T(S:Q52H)	17	82	0.2073170731707317	21716	21746
C22033A(S:F157L)	13	88	0.14772727272727273	22031	22073
