Covariants	Count	Max_count	Freq	Coverage_start	Coverage_end
T23599G(S:N679K) C23604A(S:P681H)	501	1112	0.4505395683453237	23593	23645
A24424T(S:Q954H) T24469A(S:N969K)	216	331	0.6525679758308157	24416	24486
C23525T(S:H655Y) T23599G(S:N679K) C23604A(S:P681H)	153	360	0.425	23516	23607
C25416T(ORF3a:F8F)	102	163	0.6257668711656442	25381	25452
T24469A(S:N969K)	68	525	0.1295238095238095	24464	24541
C25000T(S:D1146D)	49	116	0.4224137931034483	24992	25022
A23403G(S:D614G)	49	396	0.12373737373737374	23342	23404
A24424T(S:Q954H)	45	341	0.13196480938416422	24410	24425
T23487G C23525T(S:H655Y) T23599G(S:N679K) C23604A(S:P681H)	40	292	0.136986301369863	23486	23607
(25262,1)(S:DEL1235)	39	236	0.1652542372881356	25251	25271
C23854A(S:N764K)	39	327	0.11926605504587157	23765	23858
T22200A(S:V213E)	35	52	0.6730769230769231	22117	22201
(23486,1)(S:DEL643) C23525T(S:H655Y) T23599G(S:N679K) C23604A(S:P681H)	33	290	0.11379310344827587	23471	23607
G22813T(S:K417N) T22882G(S:N440K) G22895C(S:V445P) T22896C(S:V445P) G22898A(S:G446S) T22942G(S:N460K)	31	57	0.543859649122807	22808	22944
G22813T(S:K417N) T22882G(S:N440K) G22895C(S:V445P) T22896C(S:V445P) G22898A(S:G446S)	22	83	0.26506024096385544	22791	22898
G22317T(S:G252V)	18	41	0.43902439024390244	22282	22354
A23403G(S:D614G) C23525T(S:H655Y)	18	131	0.13740458015267176	23351	23532
C23525T(S:H655Y)	17	551	0.030852994555353903	23471	23540
(23334,1)(S:DEL592)	17	254	0.06692913385826772	23322	23352
T23075C(S:Y505H)	15	42	0.35714285714285715	23074	23154
