Covariants	Count	Max_count	Freq	Coverage_start	Coverage_end
T24469A(S:N969K)	239	270	0.8851851851851852	24468	24715
T22882G(S:N440K)	180	188	0.9574468085106383	22837	22882
T22321C(S:D253D)	10	937	0.010672358591248666	22279	22326
