Covariants	Count	Max_count	Freq	Coverage_start	Coverage_end
A23403G(S:D614G)	70	197	0.3553299492385787	23402	23404
C22109G(S:Q183E)	28	80	0.35	22108	22113
G25269T(S:C1236F)	11	117	0.09401709401709402	25268	25296
