Covariants	Count	Max_count	Freq	Coverage_start	Coverage_end
T23599G(S:N679K) C23604A(S:P681H)	133	213	0.6244131455399061	23580	23666
C25416T(ORF3a:F8F)	12	23	0.5217391304347826	25381	25469
