Covariants	Count	Max_count	Freq	Coverage_start	Coverage_end
C23854A(S:N764K)	103	185	0.5567567567567567	23830	23854
T23599G(S:N679K) C23604A(S:P681H)	82	151	0.543046357615894	23598	23674
A23403G(S:D614G)	61	89	0.6853932584269663	23365	23405
T23599G(S:N679K) C23604A(S:P681H) C23854A(S:N764K)	43	54	0.7962962962962963	23598	23854
C25000T(S:D1146D)	15	22	0.6818181818181818	24991	25000
G23401T(S:Q613H) A23403G(S:D614G)	11	89	0.12359550561797752	23363	23415
