Covariants	Count	Max_count	Freq	Coverage_start	Coverage_end
C25416T(ORF3a:F8F)	230	384	0.5989583333333334	25377	25434
G22317T(S:G252V)	184	267	0.6891385767790262	22212	22339
C23525T(S:H655Y) G23562A	110	135	0.8148148148148148	23411	23562
T21810C(S:V83A)	91	151	0.6026490066225165	21765	21825
T23385A	60	126	0.47619047619047616	23250	23385
A23403G(S:D614G)	35	65	0.5384615384615384	23388	23467
(21764,6)(S:DEL69/70)	25	142	0.176056338028169	21674	21817
C22664A(S:L368I) C22674T(S:S371F) T22679C(S:S373P) C22686T(S:S375F) A22688G(S:T376A) G22775A(S:D405N)	25	33	0.7575757575757576	22589	22781
T22882G(S:N440K) G22895C(S:V445P) T22896C(S:V445P) G22898A(S:G446S) T22942G(S:N460K) G22992A(S:S477N) C22995A(S:T478K) A23013C(S:E484A) T23018C(S:F486P) T23019C(S:F486P) T23031C(S:F490S) A23055G(S:Q498R) A23063T(S:N501Y) T23075C(S:Y505H)	25	38	0.6578947368421053	22850	23097
A24424T(S:Q954H) T24469A(S:N969K)	23	37	0.6216216216216216	24388	24621
T22200A(S:V213E) G22317T(S:G252V)	21	30	0.7	22129	22347
C25000T(S:D1146D)	20	24	0.8333333333333334	24935	25076
A23403G(S:D614G) C23525T(S:H655Y)	20	28	0.7142857142857143	23325	23561
G21987A(S:G142D) (21990,3)(S:DEL144) C22000A(S:H146Q)	19	34	0.5588235294117647	21949	22098
C25416T(ORF3a:F8F) C25511T(ORF3a:S40L)	18	349	0.05157593123209169	25377	25527
C23525T(S:H655Y)	15	177	0.0847457627118644	23411	23561
C23601T T23752A(S:S730S)	11	25	0.44	23600	23752
(25397,'T')(ORF3a:INS3) C25416T(ORF3a:F8F)	11	384	0.028645833333333332	25306	25423
