Covariants	Count	Max_count	Freq	Coverage_start	Coverage_end
A24424T(S:Q954H) T24469A(S:N969K)	61	98	0.6224489795918368	24416	24488
T23599G(S:N679K) C23604A(S:P681H)	60	200	0.3	23579	23668
C23525T(S:H655Y) T23599G(S:N679K) C23604A(S:P681H)	23	56	0.4107142857142857	23485	23605
T23599G(S:N679K) C23604A(S:P681H) C23664T(S:A701V)	20	133	0.15037593984962405	23579	23666
A24424T(S:Q954H)	16	101	0.15841584158415842	24406	24488
