Covariants	Count	Max_count	Freq	Coverage_start	Coverage_end
C25416T(ORF3a:F8F)	120	154	0.7792207792207793	25377	25434
G22317T(S:G252V)	91	173	0.5260115606936416	22207	22347
T21810C(S:V83A)	71	106	0.6698113207547169	21766	21900
A22320G(S:D253G)	39	173	0.2254335260115607	22302	22347
C23525T(S:H655Y) G23562A	34	43	0.7906976744186046	23411	23562
C22664A(S:L368I) C22674T(S:S371F) T22679C(S:S373P) C22686T(S:S375F) A22688G(S:T376A) G22775A(S:D405N)	25	30	0.8333333333333334	22657	22781
C25000T(S:D1146D)	25	28	0.8928571428571429	24926	25036
C25416T(ORF3a:F8F) T25478C(ORF3a:V29A)	24	134	0.1791044776119403	25377	25516
A23403G(S:D614G)	18	49	0.3673469387755102	23325	23468
T22882G(S:N440K) G22895C(S:V445P) T22896C(S:V445P) G22898A(S:G446S) T22917G(S:L452R) T22930A(S:F456L) T22942G(S:N460K) G22992A(S:S477N) C22995A(S:T478K) A23013C(S:E484A) T23018C(S:F486P) T23019C(S:F486P) T23031C(S:F490S) A23055G(S:Q498R) A23063T(S:N501Y) T23075C(S:Y505H)	15	60	0.25	22850	23097
T23385A	15	64	0.234375	23250	23385
T22882G(S:N440K) G22895C(S:V445P) T22896C(S:V445P) G22898A(S:G446S) T22942G(S:N460K) G22992A(S:S477N) C22995A(S:T478K) A23013C(S:E484A) T23018C(S:F486P) T23019C(S:F486P) T23031C(S:F490S) A23055G(S:Q498R) A23063T(S:N501Y) T23075C(S:Y505H)	13	60	0.21666666666666667	22850	23097
A24424T(S:Q954H) T24469A(S:N969K)	13	31	0.41935483870967744	24388	24621
G22317T(S:G252V) C22326T(S:S255F)	12	173	0.06936416184971098	22207	22347
T22882G(S:N440K) G22895C(S:V445P) T22896C(S:V445P) G22898A(S:G446S) T22930A(S:F456L) T22942G(S:N460K) G22992A(S:S477N) C22995A(S:T478K) A23013C(S:E484A) T23018C(S:F486P) T23019C(S:F486P) T23031C(S:F490S) A23055G(S:Q498R) A23063T(S:N501Y) T23075C(S:Y505H)	11	60	0.18333333333333332	22850	23097
A23403G(S:D614G) C23525T(S:H655Y)	11	27	0.4074074074074074	23325	23561
