Covariants	Count	Max_count	Freq	Coverage_start	Coverage_end
C22109G(S:Q183E)	20	23	0.8695652173913043	22072	22113
T22942G(S:N460K)	12	28	0.42857142857142855	22940	22966
