Covariants	Count	Max_count	Freq	Coverage_start	Coverage_end
A22786C(S:R408S) G22813T(S:K417N) T22882G(S:N440K) T22917G(S:L452R) G22992A(S:S477N) C22995A(S:T478K) A23013C(S:E484A) T23018G(S:F486V)	199	303	0.6567656765676567	22778	23024
C21618T(S:T19I) (21632,9)(S:DEL25/27)	182	344	0.5290697674418605	21565	21671
C25000T(S:D1146D)	168	193	0.8704663212435233	24899	25001
A23403G(S:D614G) C23525T(S:H655Y) T23599G(S:N679K) C23604A(S:P681H)	100	142	0.704225352112676	23384	23607
C21618T(S:T19I) (21632,9)(S:DEL25/27) (21764,6)(S:DEL69/70)	80	143	0.5594405594405595	21605	21798
A22786C(S:R408S) G22813T(S:K417N) T22882G(S:N440K) A22893G(S:K444R) T22917G(S:L452R) G22992A(S:S477N) C22995A(S:T478K) A23013C(S:E484A) T23018G(S:F486V)	51	303	0.16831683168316833	22778	23024
(25092,1)(S:DEL1178)	45	331	0.13595166163141995	25085	25251
C21618T(S:T19I) (21632,9)(S:DEL25/27) (21653,1)(S:DEL32) (21764,6)(S:DEL69/70)	37	143	0.25874125874125875	21605	21900
C25416T(ORF3a:F8F)	27	183	0.14754098360655737	25357	25465
G21987A(S:G142D) T22200G(S:V213G)	26	45	0.5777777777777777	21893	22209
T22200G(S:V213G)	23	79	0.2911392405063291	22185	22243
A24424T(S:Q954H) T24469A(S:N969K)	17	21	0.8095238095238095	24316	24541
A23403G(S:D614G) C23525T(S:H655Y) A23535G(S:N658S) T23599G(S:N679K) C23604A(S:P681H)	15	142	0.1056338028169014	23384	23607
G21987A(S:G142D) G22028T(S:E156*) T22200G(S:V213G)	10	45	0.2222222222222222	21893	22243
