Covariants	Count	Max_count	Freq	Coverage_start	Coverage_end
C25416T(ORF3a:F8F)	4429	4539	0.9757655871337299	25385	25416
C25000T(S:D1146D)	3212	3964	0.8102926337033299	24999	25000
C25231T(S:G1223G)	34	7955	0.004274041483343809	25222	25238
