Covariants	Count	Max_count	Freq	Coverage_start	Coverage_end
G22317T(S:G252V)	115	126	0.9126984126984127	22207	22347
C25416T(ORF3a:F8F)	90	95	0.9473684210526315	25378	25434
T23385A	52	85	0.611764705882353	23250	23385
C23525T(S:H655Y) G23562A	37	42	0.8809523809523809	23411	23562
A23403G(S:D614G)	26	32	0.8125	23325	23468
