Covariants	Count	Max_count	Freq	Coverage_start	Coverage_end
A23403G(S:D614G)	862	1677	0.5140131186642815	23402	23403
A23403G(S:D614G) C23525T(S:H655Y)	460	791	0.5815423514538559	23402	23525
T24469A(S:N969K)	374	452	0.827433628318584	24468	24533
C23525T(S:H655Y) T23599G(S:N679K) C23604A(S:P681H)	352	587	0.5996592844974447	23524	23605
C23525T(S:H655Y)	341	1564	0.2180306905370844	23507	23525
G23948T(S:D796Y)	233	241	0.966804979253112	23946	23965
G25340C(S:D1260H)	218	536	0.40671641791044777	25302	25340
A23403G(S:D614G) C23525T(S:H655Y) T23599G(S:N679K) C23604A(S:P681H)	187	228	0.8201754385964912	23402	23605
G25340C(S:D1260H) C25416T(ORF3a:F8F)	86	164	0.524390243902439	25323	25417
C23525T(S:H655Y) T23599G(S:N679K)	86	721	0.11927877947295423	23521	23601
C25416T(ORF3a:F8F)	69	164	0.42073170731707316	25309	25418
A24424T(S:Q954H) T24469A(S:N969K)	55	62	0.8870967741935484	24420	24486
C21618T(S:T19I) (21632,9)(S:DEL25/27)	46	48	0.9583333333333334	21591	21654
A23403G(S:D614G) C23525T(S:H655Y) T23599G(S:N679K)	41	280	0.14642857142857144	23401	23599
A24424T(S:Q954H)	38	103	0.36893203883495146	24347	24424
C21618T(S:T19I)	16	65	0.24615384615384617	21517	21621
T23599G(S:N679K) C23604A(S:P681H)	15	594	0.025252525252525252	23527	23607
T22200A(S:V213E)	12	25	0.48	22160	22218
A23403G(S:D614G) T23599G(S:N679K) C23604A(S:P681H)	11	228	0.04824561403508772	23400	23607
G21987A(S:G142D) (21990,3)(S:DEL144) C22000A(S:H146Q)	11	22	0.5	21980	22029
