Covariants	Count	Max_count	Freq	Coverage_start	Coverage_end
T23599G(S:N679K) C23604A(S:P681H)	157	337	0.4658753709198813	23593	23666
A24424T(S:Q954H) T24469A(S:N969K)	26	41	0.6341463414634146	24406	24488
C23525T(S:H655Y) T23599G(S:N679K) C23604A(S:P681H)	24	75	0.32	23505	23607
(23486,1)(S:DEL643) C23525T(S:H655Y) T23599G(S:N679K) C23604A(S:P681H)	15	60	0.25	23471	23623
T24469A(S:N969K)	14	86	0.16279069767441862	24464	24536
