Covariants	Count	Max_count	Freq	Coverage_start	Coverage_end
G22317T(S:G252V)	151	323	0.4674922600619195	22307	22347
(21764,6)(S:DEL69/70)	92	198	0.46464646464646464	21674	21817
C25416T(ORF3a:F8F)	86	177	0.4858757062146893	25377	25434
C23525T(S:H655Y) G23562A	80	112	0.7142857142857143	23411	23562
T21810C(S:V83A)	66	205	0.32195121951219513	21765	21900
T22882G(S:N440K) G22895C(S:V445P) T22896C(S:V445P) G22898A(S:G446S) T22942G(S:N460K) G22992A(S:S477N) C22995A(S:T478K) A23013C(S:E484A) T23018C(S:F486P) T23019C(S:F486P) T23031C(S:F490S) A23055G(S:Q498R) A23063T(S:N501Y) T23075C(S:Y505H)	51	132	0.38636363636363635	22850	23097
T22882G(S:N440K) A22893C(S:K444T) T22917G(S:L452R) T22942A(S:N460K) G22992A(S:S477N) C22995A(S:T478K) A23013C(S:E484A) T23018G(S:F486V) A23055G(S:Q498R) A23063T(S:N501Y) T23075C(S:Y505H)	49	132	0.3712121212121212	22850	23097
C22664A(S:L368I) C22674T(S:S371F) T22679C(S:S373P) C22686T(S:S375F) A22688G(S:T376A) G22775A(S:D405N)	35	78	0.44871794871794873	22589	22781
T23385A	32	92	0.34782608695652173	23250	23385
C22674T(S:S371F) T22679C(S:S373P) C22686T(S:S375F) A22688G(S:T376A) G22775A(S:D405N)	30	78	0.38461538461538464	22657	22781
A24424T(S:Q954H) T24469A(S:N969K) A24602G(S:R1014G)	27	36	0.75	24388	24621
(22227,1)(S:DEL223)	27	319	0.08463949843260188	22208	22346
C25000T(S:D1146D)	27	51	0.5294117647058824	24926	25076
T22200A(S:V213E) G22317T(S:G252V)	24	29	0.8275862068965517	22129	22347
A23403G(S:D614G)	22	53	0.41509433962264153	23325	23439
A23403G(S:D614G) C23525T(S:H655Y)	20	29	0.6896551724137931	23325	23561
C23854A(S:N764K)	18	18	1.0	23690	23910
C25000T(S:D1146D) G25062A(S:G1167D)	17	51	0.3333333333333333	24926	25170
T21810C(S:V83A) T21842C(S:S94P)	14	190	0.07368421052631578	21764	21900
T22882G(S:N440K) A22893C(S:K444T) T22917G(S:L452R) G22992A(S:S477N) C22995A(S:T478K) A23013C(S:E484A) T23018G(S:F486V) A23055G(S:Q498R) A23063T(S:N501Y) T23075C(S:Y505H)	13	132	0.09848484848484848	22850	23097
G21987A(S:G142D) T22099A(S:L179L)	13	13	1.0	21949	22099
C22664A(S:L368I) C22674T(S:S371F) T22679C(S:S373P) C22686T(S:S375F) A22688G(S:T376A) A22705G(S:G381G) G22775A(S:D405N)	11	78	0.14102564102564102	22657	22781
G21987A(S:G142D) (21990,3)(S:DEL144)	10	40	0.25	21949	22098
