Covariants	Count	Max_count	Freq	Coverage_start	Coverage_end
T23599G(S:N679K) C23604A(S:P681H)	349	609	0.5730706075533661	23579	23660
T24469A(S:N969K)	89	310	0.2870967741935484	24465	24545
A24424T(S:Q954H) T24469A(S:N969K)	77	129	0.5968992248062015	24406	24487
C23525T(S:H655Y) T23599G(S:N679K) C23604A(S:P681H)	51	137	0.3722627737226277	23505	23607
C25000T(S:D1146D)	35	51	0.6862745098039216	24998	25067
A24424T(S:Q954H)	28	130	0.2153846153846154	24406	24488
T23487G C23525T(S:H655Y) T23599G(S:N679K) C23604A(S:P681H)	26	121	0.21487603305785125	23486	23645
C25416T(ORF3a:F8F)	22	39	0.5641025641025641	25384	25453
C23854A(S:N764K)	20	115	0.17391304347826086	23765	23860
(25262,1)(S:DEL1235)	16	71	0.22535211267605634	25252	25319
(23486,1)(S:DEL643) C23525T(S:H655Y) T23599G(S:N679K) C23604A(S:P681H)	14	121	0.11570247933884298	23471	23607
T23075C(S:Y505H)	11	11	1.0	23074	23156
