Covariants	Count	Max_count	Freq	Coverage_start	Coverage_end
T23599G(S:N679K) C23604A(S:P681H)	108	182	0.5934065934065934	23587	23664
A24424T(S:Q954H) T24469A(S:N969K)	23	39	0.5897435897435898	24406	24488
C23525T(S:H655Y) T23599G(S:N679K) C23604A(S:P681H)	18	29	0.6206896551724138	23522	23605
T24469A(S:N969K)	14	71	0.19718309859154928	24464	24560
(23334,1)(S:DEL592)	10	53	0.18867924528301888	23268	23352
