Covariants	Count	Max_count	Freq	Coverage_start	Coverage_end
T23599G(S:N679K) C23604A(S:P681H)	13	49	0.2653061224489796	23579	23666
A24424T(S:Q954H) T24469A(S:N969K)	13	27	0.48148148148148145	24406	24486
