Covariants	Count	Max_count	Freq	Coverage_start	Coverage_end
T23599G(S:N679K) C23604A(S:P681H)	205	500	0.41	23580	23659
A24424T(S:Q954H) T24469A(S:N969K)	191	271	0.7047970479704797	24415	24488
C25416T(ORF3a:F8F)	72	124	0.5806451612903226	25381	25452
(23486,1)(S:DEL643) C23525T(S:H655Y) T23599G(S:N679K) C23604A(S:P681H)	43	163	0.26380368098159507	23477	23607
C23525T(S:H655Y) T23599G(S:N679K) C23604A(S:P681H)	41	185	0.22162162162162163	23487	23607
(23334,1)(S:DEL592)	39	172	0.22674418604651161	23282	23336
(23334,1)(S:DEL592) A23403G(S:D614G)	34	134	0.2537313432835821	23322	23408
(25262,1)(S:DEL1235)	32	70	0.45714285714285713	25248	25273
G22317T(S:G252V)	30	45	0.6666666666666666	22256	22324
T23487G(S:V642G) C23525T(S:H655Y) T23599G(S:N679K) C23604A(S:P681H)	30	166	0.18072289156626506	23486	23607
A23403G(S:D614G)	29	184	0.15760869565217392	23342	23444
A24424T(S:Q954H)	26	283	0.09187279151943463	24410	24425
G22813T(S:K417N) T22882G(S:N440K) G22895C(S:V445P) T22896C(S:V445P) G22898A(S:G446S)	25	82	0.3048780487804878	22791	22898
(24981,1)(S:DEL1141) C25000T(S:D1146D)	20	32	0.625	24849	25002
T24469A(S:N969K)	18	346	0.05202312138728324	24464	24562
G22813T(S:K417N) T22882G(S:N440K) G22895C(S:V445P) T22896C(S:V445P) G22898A(S:G446S) T22942G(S:N460K)	14	49	0.2857142857142857	22791	22944
C23854A(S:N764K)	11	139	0.07913669064748201	23765	23866
G22813T(S:K417N) T22882G(S:N440K) G22895C(S:V445P) T22896C(S:V445P)	11	93	0.11827956989247312	22791	22897
