Covariants	Count	Max_count	Freq	Coverage_start	Coverage_end
C22109G(S:Q183E)	20	31	0.6451612903225806	22073	22113
A22101T(S:E180V)	10	49	0.20408163265306123	22064	22103
