Covariants	Count	Max_count	Freq	Coverage_start	Coverage_end
T24469A(S:N969K)	2253	2744	0.8210641399416909	24468	24470
A23403G(S:D614G)	2181	6370	0.3423861852433281	23402	23403
C23525T(S:H655Y)	1960	5423	0.36142356629172046	23516	23525
A23403G(S:D614G) C23525T(S:H655Y)	1587	4046	0.3922392486406327	23402	23525
C23525T(S:H655Y) T23599G(S:N679K) C23604A(S:P681H)	580	1389	0.4175665946724262	23524	23605
C25000T(S:D1146D) C25041T(S:T1160I)	537	743	0.7227456258411844	24997	25041
A24424T(S:Q954H)	460	1379	0.3335750543872371	24403	24424
A23403G(S:D614G) C23525T(S:H655Y) T23599G(S:N679K) C23604A(S:P681H)	397	870	0.45632183908045976	23402	23605
A24424T(S:Q954H) T24469A(S:N969K)	373	887	0.4205186020293123	24420	24470
C21618T(S:T19I) (21632,9)(S:DEL25/27)	258	268	0.9626865671641791	21591	21653
C25000T(S:D1146D)	230	892	0.257847533632287	24998	25000
A23403G(S:D614G) T23599G(S:N679K) C23604A(S:P681H)	221	870	0.2540229885057471	23402	23607
T23599G(S:N679K) C23604A(S:P681H)	168	1418	0.11847672778561354	23527	23606
G21987A(S:G142D) (21990,3)(S:DEL144) C22000A(S:H146Q)	163	428	0.3808411214953271	21975	22007
A23403G(S:D614G) C23525T(S:H655Y) T23599G(S:N679K)	117	1025	0.11414634146341464	23401	23599
C23525T(S:H655Y) T23599G(S:N679K)	115	1628	0.07063882063882064	23521	23599
C25041T(S:T1160I)	95	768	0.12369791666666667	25038	25044
C22109G(S:Q183E)	86	393	0.21882951653944022	22092	22109
G21987A(S:G142D) (21990,3)(S:DEL144) C22000A(S:H146Q) T22200A(S:V213E)	75	129	0.5813953488372093	21978	22208
C21618T(S:T19I)	72	345	0.20869565217391303	21544	21620
G23948T(S:D796Y)	69	75	0.92	23945	23968
G21987A(S:G142D) (21990,3)(S:DEL144) C22000A(S:H146Q) C22109G(S:Q183E)	61	233	0.26180257510729615	21978	22109
C22109G(S:Q183E) T22200A(S:V213E)	57	202	0.28217821782178215	22106	22201
T22200A(S:V213E)	44	238	0.18487394957983194	22163	22203
C25416T(ORF3a:F8F)	31	32	0.96875	25385	25440
G21987A(S:G142D) C22109G(S:Q183E)	29	233	0.12446351931330472	21901	22109
G21987A(S:G142D) T22200A(S:V213E)	24	129	0.18604651162790697	21901	22212
G21987A(S:G142D) C22000A(S:H146Q)	15	428	0.035046728971962614	21902	22089
G21987A(S:G142D)	12	439	0.02733485193621868	21905	21987
G21987A(S:G142D) (21990,3)(S:DEL144) C22000A(S:H146Q) C22109G(S:Q183E) T22200A(S:V213E)	10	129	0.07751937984496124	21963	22200
C22000A(S:H146Q)	10	448	0.022321428571428572	21998	22075
