Covariants	Count	Max_count	Freq	Coverage_start	Coverage_end
T23599G(S:N679K) C23604A(S:P681H)	84	172	0.4883720930232558	23579	23660
C23525T(S:H655Y) T23599G(S:N679K) C23604A(S:P681H)	36	74	0.4864864864864865	23505	23607
A24424T(S:Q954H) T24469A(S:N969K)	36	58	0.6206896551724138	24406	24488
T24469A(S:N969K)	23	108	0.21296296296296297	24464	24537
C25416T(ORF3a:F8F)	16	22	0.7272727272727273	25381	25452
(25262,1)(S:DEL1235) C25292T(S:L1244F)	13	42	0.30952380952380953	25130	25292
T23487G C23525T(S:H655Y) T23599G(S:N679K) C23604A(S:P681H)	10	64	0.15625	23486	23645
C23854A(S:N764K)	10	62	0.16129032258064516	23681	23859
