Covariants	Count	Max_count	Freq	Coverage_start	Coverage_end
G22317T(S:G252V)	21	36	0.5833333333333334	22207	22347
(21764,6)(S:DEL69/70)	18	32	0.5625	21674	21817
C25416T(ORF3a:F8F)	17	46	0.3695652173913043	25377	25434
C22674T(S:S371F) T22679C(S:S373P) C22686T(S:S375F) A22688G(S:T376A) G22775A(S:D405N)	16	17	0.9411764705882353	22589	22781
T23385A	11	16	0.6875	23250	23385
C23525T(S:H655Y) G23562A	11	13	0.8461538461538461	23411	23562
