Covariants	Count	Max_count	Freq	Coverage_start	Coverage_end
T23599G(S:N679K) C23604A(S:P681H)	270	749	0.3604806408544726	23581	23605
A24424T(S:Q954H) T24469A(S:N969K)	149	268	0.5559701492537313	24421	24478
C23525T(S:H655Y) T23599G(S:N679K) C23604A(S:P681H)	124	278	0.4460431654676259	23508	23607
C25416T(ORF3a:F8F)	115	173	0.6647398843930635	25381	25437
(23334,1)(S:DEL592)	79	286	0.2762237762237762	23285	23336
A24424T(S:Q954H)	55	269	0.20446096654275092	24416	24478
G22317T(S:G252V)	50	68	0.7352941176470589	22249	22323
(25262,1)(S:DEL1235)	48	106	0.4528301886792453	25248	25295
A23403G(S:D614G)	37	353	0.1048158640226629	23333	23412
T24469A(S:N969K)	33	342	0.09649122807017543	24464	24544
C23525T(S:H655Y)	28	352	0.07954545454545454	23485	23551
T23487G C23525T(S:H655Y) T23599G(S:N679K) C23604A(S:P681H)	20	216	0.09259259259259259	23486	23645
(23486,1)(S:DEL643) C23525T(S:H655Y) T23599G(S:N679K) C23604A(S:P681H)	19	213	0.0892018779342723	23471	23607
(23334,1)(S:DEL592) A23403G(S:D614G)	17	190	0.08947368421052632	23322	23403
G22813T(S:K417N) T22882G(S:N440K) G22895C(S:V445P) T22896C(S:V445P) G22898A(S:G446S)	15	70	0.21428571428571427	22808	22898
(24981,1)(S:DEL1141) C25000T(S:D1146D)	15	30	0.5	24849	25001
G22813T(S:K417N) T22882G(S:N440K) G22895C(S:V445P) T22896C(S:V445P) G22898A(S:G446S) T22942G(S:N460K)	13	42	0.30952380952380953	22791	22942
G22813T(S:K417N) T22882G(S:N440K)	12	106	0.11320754716981132	22808	22884
C23854A(S:N764K)	11	200	0.055	23765	23858
(24320,1)(S:DEL921)	10	119	0.08403361344537816	24217	24321
C25000T(S:D1146D)	10	41	0.24390243902439024	24992	25004
G22813T(S:K417N) T22882G(S:N440K) G22895C(S:V445P) T22896C(S:V445P)	10	88	0.11363636363636363	22791	22897
