Covariants	Count	Max_count	Freq	Coverage_start	Coverage_end
A24424T(S:Q954H) T24469A(S:N969K)	53	71	0.7464788732394366	24415	24486
T23599G(S:N679K) C23604A(S:P681H)	22	85	0.25882352941176473	23579	23666
C23525T(S:H655Y) T23599G(S:N679K) C23604A(S:P681H)	20	46	0.43478260869565216	23501	23608
C25416T(ORF3a:F8F)	10	20	0.5	25381	25452
