Covariants	Count	Max_count	Freq	Coverage_start	Coverage_end
T23599G(S:N679K) C23604A(S:P681H)	25	131	0.19083969465648856	23579	23666
C23525T(S:H655Y) T23599G(S:N679K) C23604A(S:P681H)	21	56	0.375	23505	23638
T23599G(S:N679K) C23604A(S:P681H) (23606,1)(S:DEL683)	14	131	0.10687022900763359	23579	23669
A24424T(S:Q954H) T24469A(S:N969K)	14	29	0.4827586206896552	24406	24488
(25262,1)(S:DEL1235)	13	29	0.4482758620689655	25248	25263
G22317T(S:G252V)	11	16	0.6875	22242	22330
T23487G C23525T(S:H655Y) T23599G(S:N679K) C23604A(S:P681H)	11	48	0.22916666666666666	23486	23607
A23403G(S:D614G)	10	53	0.18867924528301888	23335	23421
