Covariants	Count	Max_count	Freq	Coverage_start	Coverage_end
T23599G(S:N679K) C23604A(S:P681H)	27	96	0.28125	23579	23666
A24424T(S:Q954H) T24469A(S:N969K)	23	32	0.71875	24416	24488
C23525T(S:H655Y) T23599G(S:N679K) C23604A(S:P681H)	15	53	0.2830188679245283	23501	23607
C25416T(ORF3a:F8F)	15	34	0.4411764705882353	25381	25455
