Covariants	Count	Max_count	Freq	Coverage_start	Coverage_end
A24424T(S:Q954H) T24469A(S:N969K)	17	33	0.5151515151515151	24416	24488
C23525T(S:H655Y) T23599G(S:N679K) C23604A(S:P681H)	13	43	0.3023255813953488	23487	23607
T23599G(S:N679K) C23604A(S:P681H)	10	82	0.12195121951219512	23579	23666
