Covariants	Count	Max_count	Freq	Coverage_start	Coverage_end
T23599G(S:N679K) C23604A(S:P681H)	70	208	0.33653846153846156	23579	23664
T23599G(S:N679K) C23604A(S:P681H) C23664T(S:A701V) C23683T(S:Y707Y)	65	171	0.38011695906432746	23580	23696
T24469A(S:N969K)	32	125	0.256	24464	24546
A24424T(S:Q954H) T24469A(S:N969K)	27	43	0.627906976744186	24406	24502
C23525T(S:H655Y) T23599G(S:N679K) C23604A(S:P681H)	20	28	0.7142857142857143	23485	23607
C25000T(S:D1146D)	20	34	0.5882352941176471	24984	25069
(25262,1)(S:DEL1235)	20	45	0.4444444444444444	25248	25292
A23403G(S:D614G) C23525T(S:H655Y)	14	43	0.32558139534883723	23398	23529
T22200A(S:V213E)	13	20	0.65	22117	22217
