Covariants	Count	Max_count	Freq	Coverage_start	Coverage_end
T23599G(S:N679K) C23604A(S:P681H)	31	107	0.2897196261682243	23579	23693
A24424T(S:Q954H) T24469A(S:N969K)	22	37	0.5945945945945946	24406	24488
C23525T(S:H655Y) T23599G(S:N679K) C23604A(S:P681H)	12	53	0.22641509433962265	23485	23608
C25416T(ORF3a:F8F)	11	17	0.6470588235294118	25381	25453
