Covariants	Count	Max_count	Freq	Coverage_start	Coverage_end
A24424T(S:Q954H) T24469A(S:N969K)	54	82	0.6585365853658537	24416	24487
T23599G(S:N679K) C23604A(S:P681H)	32	170	0.18823529411764706	23579	23668
C23525T(S:H655Y) T23599G(S:N679K) C23604A(S:P681H)	19	82	0.23170731707317074	23501	23607
(25262,1)(S:DEL1235)	16	56	0.2857142857142857	25248	25326
(23334,1)(S:DEL592)	15	69	0.21739130434782608	23322	23363
T23599G(S:N679K) C23604A(S:P681H) C23635T(S:S691S)	14	161	0.08695652173913043	23580	23666
C23525T(S:H655Y) T23599G(S:N679K) C23604A(S:P681H) C23635T(S:S691S)	13	73	0.1780821917808219	23489	23643
C25000T(S:D1146D)	13	37	0.35135135135135137	24992	25022
G22813T(S:K417N) T22882G(S:N440K) G22895C(S:V445P) T22896C(S:V445P) G22898A(S:G446S)	10	20	0.5	22791	22898
A23403G(S:D614G)	10	75	0.13333333333333333	23342	23423
