Covariants	Count	Max_count	Freq	Coverage_start	Coverage_end
G22317T(S:G252V)	205	273	0.7509157509157509	22235	22339
C25416T(ORF3a:F8F)	186	211	0.8815165876777251	25377	25434
T21810C(S:V83A)	112	169	0.6627218934911243	21765	21900
C23525T(S:H655Y) G23562A	90	141	0.6382978723404256	23411	23562
C22664A(S:L368I) C22674T(S:S371F) T22679C(S:S373P) C22686T(S:S375F) A22688G(S:T376A) G22775A(S:D405N)	64	74	0.8648648648648649	22657	22781
A24424T(S:Q954H) T24469A(S:N969K)	54	86	0.627906976744186	24388	24537
A23403G(S:D614G) C23525T(S:H655Y)	40	85	0.47058823529411764	23325	23561
G21718T(S:Q52H) T21810C(S:V83A)	38	80	0.475	21674	21900
T22882G(S:N440K) G22895C(S:V445P) T22896C(S:V445P) G22898A(S:G446S) T22930A(S:F456L) T22942G(S:N460K) G22992A(S:S477N) C22995G(S:T478R) A23013C(S:E484A) T23018C(S:F486P) T23019C(S:F486P) T23031C(S:F490S) A23055G(S:Q498R) A23063T(S:N501Y) T23075C(S:Y505H)	32	54	0.5925925925925926	22850	23097
T23385A	30	130	0.23076923076923078	23250	23385
A23403G(S:D614G) C23525T(S:H655Y) T23599G(S:N679K) C23604A(S:P681H)	27	42	0.6428571428571429	23325	23664
A22320G(S:D253G)	25	273	0.09157509157509157	22207	22347
C25000T(S:D1146D)	23	25	0.92	24926	25075
C23854A(S:N764K)	22	23	0.9565217391304348	23690	23910
G21987A(S:G142D) (21990,3)(S:DEL144) C22000A(S:H146Q)	21	35	0.6	21949	22098
G22577C(S:G339H) G22578A(S:G339H) G22599C(S:R346T) C22642G(S:N360K)	17	17	1.0	22491	22642
(25333,1)(S:DEL1258)	17	177	0.096045197740113	25215	25355
A24388T A24424T(S:Q954H) T24469A(S:N969K) A24539G	17	78	0.21794871794871795	24387	24539
(24693,1)(S:DEL1045)	17	149	0.11409395973154363	24572	24720
T22200A(S:V213E)	15	42	0.35714285714285715	22129	22243
(25353,1)(S:DEL1265) C25416T(ORF3a:F8F)	13	84	0.15476190476190477	25306	25518
A23403G(S:D614G)	13	98	0.1326530612244898	23325	23468
T22200A(S:V213E) G22317T(S:G252V)	11	22	0.5	22196	22347
C23601T T23752A(S:S730S)	11	38	0.2894736842105263	23600	23752
