Covariants	Count	Max_count	Freq	Coverage_start	Coverage_end
A24424T(S:Q954H) T24469A(S:N969K)	47	88	0.5340909090909091	24413	24486
T23599G(S:N679K) C23604A(S:P681H) C23664T(S:A701V)	22	55	0.4	23579	23674
T23599G(S:N679K) C23604A(S:P681H)	19	134	0.1417910447761194	23579	23668
C23525T(S:H655Y) T23599G(S:N679K) C23604A(S:P681H)	14	64	0.21875	23508	23605
C25416T(ORF3a:F8F)	14	25	0.56	25385	25463
T23487G C23525T(S:H655Y) T23599G(S:N679K) C23604A(S:P681H)	13	46	0.2826086956521739	23486	23607
A24424T(S:Q954H)	11	88	0.125	24406	24488
