Covariants	Count	Max_count	Freq	Coverage_start	Coverage_end
T23599G(S:N679K) C23604A(S:P681H)	61	140	0.4357142857142857	23580	23666
A24424T(S:Q954H) T24469A(S:N969K)	22	35	0.6285714285714286	24406	24488
T24469A(S:N969K)	22	77	0.2857142857142857	24464	24559
(25262,1)(S:DEL1235)	13	35	0.37142857142857144	25248	25295
C25416T(ORF3a:F8F)	11	27	0.4074074074074074	25381	25472
C23525T(S:H655Y) T23599G(S:N679K) C23604A(S:P681H)	10	34	0.29411764705882354	23508	23608
T23599G(S:N679K) C23604A(S:P681H) A23670T(S:N703I)	10	100	0.1	23579	23723
