Covariants	Count	Max_count	Freq	Coverage_start	Coverage_end
C21618T(S:T19I) (21632,9)(S:DEL25/27) G21701T(S:V47F) T21810C(S:V83A)	307	371	0.8274932614555256	21565	21900
A22786C(S:R408S) G22813T(S:K417N) T22882G(S:N440K) G22895C(S:V445P) T22896C(S:V445P) G22898A(S:G446S) T22928C(S:F456L) T22942G(S:N460K) G22992A(S:S477N) C22995A(S:T478K) A23013C(S:E484A) T23018C(S:F486P) T23019C(S:F486P) T23031C(S:F490S) A23055G(S:Q498R) A23063T(S:N501Y) T23075C(S:Y505H)	15	19	0.7894736842105263	22778	23116
C21618T(S:T19I) (21632,9)(S:DEL25/27)	13	391	0.03324808184143223	21565	21667
C21618T(S:T19I) (21632,9)(S:DEL25/27) G21701T(S:V47F)	11	378	0.0291005291005291	21565	21792
C21618T(S:T19I) (21632,9)(S:DEL25/27) G21701T(S:V47F) T21810C(S:V83A) G21827A(S:G89S)	10	371	0.026954177897574125	21565	21900
