Covariants	Count	Max_count	Freq	Coverage_start	Coverage_end
T23599G(S:N679K) C23604A(S:P681H)	57	168	0.3392857142857143	23580	23662
C23525T(S:H655Y) T23599G(S:N679K) C23604A(S:P681H)	13	54	0.24074074074074073	23501	23638
A24424T(S:Q954H) T24469A(S:N969K)	12	19	0.631578947368421	24406	24488
C25416T(ORF3a:F8F)	10	15	0.6666666666666666	25381	25472
