Covariants	Count	Max_count	Freq	Coverage_start	Coverage_end
A24424T(S:Q954H) T24469A(S:N969K)	31	48	0.6458333333333334	24406	24488
T23599G(S:N679K) C23604A(S:P681H)	30	72	0.4166666666666667	23579	23673
T24469A(S:N969K)	27	117	0.23076923076923078	24464	24561
C23525T(S:H655Y) T23599G(S:N679K) C23604A(S:P681H)	14	30	0.4666666666666667	23485	23608
(25262,1)(S:DEL1235)	13	47	0.2765957446808511	25248	25295
C25416T(ORF3a:F8F)	10	17	0.5882352941176471	25371	25442
