Covariants	Count	Max_count	Freq	Coverage_start	Coverage_end
T23599G(S:N679K) C23604A(S:P681H)	330	607	0.5436573311367381	23580	23666
T24469A(S:N969K)	83	323	0.25696594427244585	24464	24545
A24424T(S:Q954H) T24469A(S:N969K)	82	136	0.6029411764705882	24413	24487
C23525T(S:H655Y) T23599G(S:N679K) C23604A(S:P681H)	69	145	0.47586206896551725	23508	23607
C25416T(ORF3a:F8F)	28	53	0.5283018867924528	25381	25427
C23854A(S:N764K)	27	160	0.16875	23765	23858
(25262,1)(S:DEL1235)	25	117	0.21367521367521367	25248	25287
A23403G(S:D614G)	24	143	0.16783216783216784	23351	23418
T22200A(S:V213E)	20	27	0.7407407407407407	22117	22201
C25000T(S:D1146D)	20	40	0.5	24984	25065
C23525T(S:H655Y)	19	220	0.08636363636363636	23485	23552
T23075C(S:Y505H)	17	22	0.7727272727272727	23074	23156
T23487G C23525T(S:H655Y) T23599G(S:N679K) C23604A(S:P681H)	17	133	0.12781954887218044	23486	23637
A24424T(S:Q954H)	15	140	0.10714285714285714	24413	24488
T23335C	10	99	0.10101010101010101	23334	23420
