Covariants	Count	Max_count	Freq	Coverage_start	Coverage_end
A22101T(S:E180V)	168	287	0.5853658536585366	22071	22101
C22109G(S:Q183E)	56	99	0.5656565656565656	22108	22111
T22942G(S:N460K)	25	38	0.6578947368421053	22940	22946
