Covariants	Count	Max_count	Freq	Coverage_start	Coverage_end
T23599G(S:N679K) C23604A(S:P681H)	112	362	0.30939226519337015	23581	23666
C23525T(S:H655Y) T23599G(S:N679K) C23604A(S:P681H)	64	173	0.3699421965317919	23508	23607
A24424T(S:Q954H) T24469A(S:N969K)	55	99	0.5555555555555556	24410	24488
(23486,1)(S:DEL643) C23525T(S:H655Y) T23599G(S:N679K) C23604A(S:P681H)	22	153	0.1437908496732026	23471	23607
T23487G C23525T(S:H655Y) T23599G(S:N679K) C23604A(S:P681H)	20	155	0.12903225806451613	23486	23605
A24424T(S:Q954H)	20	99	0.20202020202020202	24406	24488
A23403G(S:D614G)	17	149	0.11409395973154363	23351	23455
(23334,1)(S:DEL592)	14	107	0.1308411214953271	23322	23352
(25262,1)(S:DEL1235)	14	27	0.5185185185185185	25248	25295
C23525T(S:H655Y)	11	197	0.05583756345177665	23485	23553
C25416T(ORF3a:F8F)	11	23	0.4782608695652174	25381	25434
G22317T(S:G252V)	10	15	0.6666666666666666	22249	22326
G22813T(S:K417N) T22882G(S:N440K) G22895C(S:V445P) T22896C(S:V445P) G22898A(S:G446S) T22942G(S:N460K)	10	17	0.5882352941176471	22791	22968
