Covariants	Count	Max_count	Freq	Coverage_start	Coverage_end
T22942G(S:N460K)	26	42	0.6190476190476191	22936	22946
C22109G(S:Q183E)	14	15	0.9333333333333333	22075	22113
