Covariants	Count	Max_count	Freq	Coverage_start	Coverage_end
A24424T(S:Q954H) T24469A(S:N969K)	49	86	0.5697674418604651	24406	24478
T23599G(S:N679K) C23604A(S:P681H)	42	211	0.1990521327014218	23593	23666
C23525T(S:H655Y) T23599G(S:N679K) C23604A(S:P681H)	41	115	0.3565217391304348	23505	23607
(23486,1)(S:DEL643) C23525T(S:H655Y) T23599G(S:N679K) C23604A(S:P681H)	29	98	0.29591836734693877	23471	23645
C25416T(ORF3a:F8F)	29	65	0.4461538461538462	25381	25442
(23334,1)(S:DEL592)	18	74	0.24324324324324326	23268	23336
A24424T(S:Q954H)	14	88	0.1590909090909091	24406	24488
T23599G(S:N679K) C23604A(S:P681H) A23670T(S:N703I)	11	77	0.14285714285714285	23579	23674
C23525T(S:H655Y)	10	151	0.06622516556291391	23486	23551
