Covariants	Count	Max_count	Freq	Coverage_start	Coverage_end
G22317T(S:G252V)	327	429	0.7622377622377622	22307	22347
C25416T(ORF3a:F8F)	196	262	0.7480916030534351	25382	25434
T21810C(S:V83A)	123	223	0.5515695067264574	21765	21900
C23525T(S:H655Y) G23562A	102	132	0.7727272727272727	23411	23562
G21987A(S:G142D) (21990,3)(S:DEL144) C22000A(S:H146Q)	55	64	0.859375	21949	22098
T23385A	52	146	0.3561643835616438	23250	23385
G21718T(S:Q52H) T21810C(S:V83A)	49	139	0.35251798561151076	21674	21869
A23403G(S:D614G)	49	88	0.5568181818181818	23325	23468
T22200A(S:V213E) G22317T(S:G252V)	36	45	0.8	22129	22347
C22664A(S:L368I) C22674T(S:S371F) T22679C(S:S373P) C22686T(S:S375F) A22688G(S:T376A) G22775A(S:D405N)	35	39	0.8974358974358975	22589	22781
C25416T(ORF3a:F8F) G25429C(ORF3a:V13L)	27	262	0.10305343511450382	25377	25434
C23854A(S:N764K)	23	23	1.0	23690	23910
A24424T(S:Q954H) T24469A(S:N969K)	23	43	0.5348837209302325	24388	24538
T22882G(S:N440K) G22895C(S:V445P) T22896C(S:V445P) G22898A(S:G446S) T22942G(S:N460K) G22992A(S:S477N) C22995G(S:T478R) A23013C(S:E484A) T23018C(S:F486P) T23019C(S:F486P) T23031C(S:F490S) A23055G(S:Q498R) A23063T(S:N501Y) T23075C(S:Y505H)	22	55	0.4	22850	23097
C23525T(S:H655Y)	22	181	0.12154696132596685	23411	23561
T22882G(S:N440K) G22895C(S:V445P) T22896C(S:V445P) G22898A(S:G446S) T22930A(S:F456L) T22942G(S:N460K) G22992A(S:S477N) C22995A(S:T478K) A23013C(S:E484A) T23018C(S:F486P) T23019C(S:F486P) T23031C(S:F490S) A23055G(S:Q498R) A23063T(S:N501Y) T23075C(S:Y505H)	16	55	0.2909090909090909	22850	23097
T22200A(S:V213E)	16	62	0.25806451612903225	22129	22243
C22664A(S:L368I) C22674T(S:S371F) T22679C(S:S373P) C22686T(S:S375F) A22688G(S:T376A)	14	54	0.25925925925925924	22589	22736
C23601T T23752A(S:S730S)	14	46	0.30434782608695654	23600	23752
C25118T(S:L1186F) G25269A	12	32	0.375	25117	25269
C25000T(S:D1146D)	11	22	0.5	24926	25076
G23401T(S:Q613H) A23403G(S:D614G)	11	88	0.125	23325	23439
(22277,1)(S:DEL240) G22317T(S:G252V)	10	415	0.024096385542168676	22206	22347
A24388T A24424T(S:Q954H) T24469A(S:N969K) A24539G	10	38	0.2631578947368421	24387	24539
