Covariants	Count	Max_count	Freq	Coverage_start	Coverage_end
T23599G(S:N679K) C23604A(S:P681H)	15	21	0.7142857142857143	23579	23668
A24424T(S:Q954H) T24469A(S:N969K)	14	27	0.5185185185185185	24406	24488
