Covariants	Count	Max_count	Freq	Coverage_start	Coverage_end
T23599G(S:N679K) C23604A(S:P681H)	137	259	0.528957528957529	23579	23663
A24424T(S:Q954H) T24469A(S:N969K)	30	60	0.5	24410	24487
C23525T(S:H655Y) T23599G(S:N679K) C23604A(S:P681H)	22	56	0.39285714285714285	23487	23607
T24469A(S:N969K)	21	117	0.1794871794871795	24464	24535
C25416T(ORF3a:F8F)	20	28	0.7142857142857143	25381	25452
(23334,1)(S:DEL592)	14	72	0.19444444444444445	23322	23336
C25000T(S:D1146D)	14	27	0.5185185185185185	24992	25064
(25262,1)(S:DEL1235)	14	29	0.4827586206896552	25248	25316
(23334,1)(S:DEL592) A23403G(S:D614G)	10	46	0.21739130434782608	23322	23406
