Covariants	Count	Max_count	Freq	Coverage_start	Coverage_end
T24469A	32	37	0.8648648648648649	24468	24716
T22882G(S:N440K)	29	33	0.8787878787878788	22838	22882
