Covariants	Count	Max_count	Freq	Coverage_start	Coverage_end
T23599G(S:N679K) C23604A(S:P681H)	211	362	0.5828729281767956	23580	23664
C23525T(S:H655Y) T23599G(S:N679K) C23604A(S:P681H)	25	57	0.43859649122807015	23505	23608
A24424T(S:Q954H) T24469A(S:N969K)	23	32	0.71875	24406	24488
C25416T(ORF3a:F8F)	15	22	0.6818181818181818	25381	25452
T24469A(S:N969K)	14	57	0.24561403508771928	24464	24531
(25262,1)(S:DEL1235)	14	24	0.5833333333333334	25248	25326
