Covariants	Count	Max_count	Freq	Coverage_start	Coverage_end
T23599G(S:N679K) C23604A(S:P681H)	63	160	0.39375	23593	23666
C23525T(S:H655Y) T23599G(S:N679K) C23604A(S:P681H)	23	48	0.4791666666666667	23501	23607
A24424T(S:Q954H) T24469A(S:N969K)	21	44	0.4772727272727273	24413	24488
C25416T(ORF3a:F8F)	14	22	0.6363636363636364	25381	25465
A23403G(S:D614G)	11	73	0.1506849315068493	23322	23429
G22813T(S:K417N) T22882G(S:N440K) G22895C(S:V445P) T22896C(S:V445P) G22898A(S:G446S)	10	14	0.7142857142857143	22791	22898
