Covariants	Count	Max_count	Freq	Coverage_start	Coverage_end
C21618T(S:T19I) (21632,9)(S:DEL25/27)	965	997	0.9679037111334002	21591	21652
(21764,6)(S:DEL69/70)	243	244	0.9959016393442623	21756	21779
(21632,9)(S:DEL25/27)	10	997	0.010030090270812437	21591	21654
