Covariants	Count	Max_count	Freq	Coverage_start	Coverage_end
T23599G(S:N679K) C23604A(S:P681H)	129	304	0.4243421052631579	23579	23666
C23525T(S:H655Y) T23599G(S:N679K) C23604A(S:P681H)	25	88	0.2840909090909091	23485	23608
A24424T(S:Q954H) T24469A(S:N969K)	21	50	0.42	24416	24488
C25416T(ORF3a:F8F)	13	16	0.8125	25381	25452
T24469A(S:N969K)	11	89	0.12359550561797752	24464	24569
(23486,1)(S:DEL643) C23525T(S:H655Y) T23599G(S:N679K) C23604A(S:P681H)	10	73	0.136986301369863	23471	23605
(25262,1)(S:DEL1235)	10	32	0.3125	25248	25296
