Covariants	Count	Max_count	Freq	Coverage_start	Coverage_end
T23599G(S:N679K) C23604A(S:P681H)	112	233	0.48068669527896996	23579	23664
A24424T(S:Q954H) T24469A(S:N969K)	44	70	0.6285714285714286	24410	24488
A24424T(S:Q954H)	14	70	0.2	24406	24487
C23525T(S:H655Y) T23599G(S:N679K) C23604A(S:P681H)	11	39	0.28205128205128205	23501	23607
(23486,1)(S:DEL643) C23525T(S:H655Y) T23599G(S:N679K) C23604A(S:P681H)	10	33	0.30303030303030304	23471	23607
C25416T(ORF3a:F8F)	10	18	0.5555555555555556	25381	25453
