Covariants	Count	Max_count	Freq	Coverage_start	Coverage_end
A24424T(S:Q954H) T24469A(S:N969K)	16	28	0.5714285714285714	24406	24491
T23599G(S:N679K) C23604A(S:P681H)	15	78	0.19230769230769232	23579	23666
C23525T(S:H655Y) T23599G(S:N679K) C23604A(S:P681H)	10	23	0.43478260869565216	23489	23607
T23599G(S:N679K) C23604A(S:P681H) C23664T(S:A701V)	10	52	0.19230769230769232	23579	23676
