Covariants	Count	Max_count	Freq	Coverage_start	Coverage_end
G22317T(S:G252V)	143	220	0.65	22207	22322
C25416T(ORF3a:F8F)	108	168	0.6428571428571429	25381	25434
T21810C(S:V83A)	61	118	0.5169491525423728	21791	21900
A23403G(S:D614G)	46	66	0.696969696969697	23325	23468
C23525T(S:H655Y) G23562A	44	55	0.8	23411	23562
(21764,6)(S:DEL69/70)	38	110	0.34545454545454546	21719	21817
T23385A	29	98	0.29591836734693877	23250	23385
C22295A(S:H245N)	26	206	0.1262135922330097	22207	22347
A23403G(S:D614G) C23525T(S:H655Y)	12	18	0.6666666666666666	23325	23561
C23601T T23752A(S:S730S)	11	33	0.3333333333333333	23600	23752
C25118T(S:L1186F) G25269A	10	14	0.7142857142857143	25117	25269
