Covariants	Count	Max_count	Freq	Coverage_start	Coverage_end
T23599G(S:N679K) C23604A(S:P681H)	80	114	0.7017543859649122	23587	23660
T24469A(S:N969K)	17	28	0.6071428571428571	24464	24565
