Covariants	Count	Max_count	Freq	Coverage_start	Coverage_end
T23599G(S:N679K) C23604A(S:P681H)	391	810	0.48271604938271606	23596	23659
A24424T(S:Q954H) T24469A(S:N969K)	107	187	0.5721925133689839	24406	24487
C23525T(S:H655Y) T23599G(S:N679K) C23604A(S:P681H)	61	231	0.26406926406926406	23508	23605
C25416T(ORF3a:F8F)	55	99	0.5555555555555556	25381	25452
(23486,1)(S:DEL643) C23525T(S:H655Y) T23599G(S:N679K) C23604A(S:P681H)	43	198	0.21717171717171718	23471	23607
T23487G C23525T(S:H655Y) T23599G(S:N679K) C23604A(S:P681H)	39	199	0.19597989949748743	23486	23607
(25262,1)(S:DEL1235)	32	71	0.4507042253521127	25248	25288
A23403G(S:D614G)	31	164	0.18902439024390244	23345	23406
C25000T(S:D1146D)	30	68	0.4411764705882353	24992	25020
A24424T(S:Q954H)	26	197	0.1319796954314721	24413	24488
C23525T(S:H655Y)	20	310	0.06451612903225806	23471	23551
(23334,1)(S:DEL592)	15	140	0.10714285714285714	23268	23336
G22813T(S:K417N) T22882G(S:N440K) G22895C(S:V445P) T22896C(S:V445P) G22898A(S:G446S)	12	34	0.35294117647058826	22801	22898
(23334,1)(S:DEL592) A23403G(S:D614G)	12	104	0.11538461538461539	23322	23404
