Covariants	Count	Max_count	Freq	Coverage_start	Coverage_end
T23599G(S:N679K) C23604A(S:P681H)	47	124	0.3790322580645161	23579	23666
A24424T(S:Q954H) T24469A(S:N969K)	22	45	0.4888888888888889	24406	24488
C23525T(S:H655Y) T23599G(S:N679K) C23604A(S:P681H)	14	40	0.35	23485	23607
C25416T(ORF3a:F8F)	14	24	0.5833333333333334	25381	25452
T24469A(S:N969K)	12	71	0.16901408450704225	24464	24565
