Covariants	Count	Max_count	Freq	Coverage_start	Coverage_end
T23599G(S:N679K) C23604A(S:P681H)	541	1533	0.35290280495759946	23580	23660
A24424T(S:Q954H) T24469A(S:N969K)	210	361	0.5817174515235457	24416	24487
C23525T(S:H655Y) T23599G(S:N679K) C23604A(S:P681H)	136	601	0.22628951747088186	23508	23607
(23486,1)(S:DEL643) C23525T(S:H655Y) T23599G(S:N679K) C23604A(S:P681H)	134	512	0.26171875	23471	23607
A24424T(S:Q954H)	44	367	0.11989100817438691	24413	24487
A23403G(S:D614G)	42	300	0.14	23351	23426
T23487G C23525T(S:H655Y) T23599G(S:N679K) C23604A(S:P681H)	34	513	0.06627680311890838	23486	23607
C23525T(S:H655Y)	33	741	0.044534412955465584	23502	23551
C25416T(ORF3a:F8F)	31	63	0.49206349206349204	25381	25418
G22813T(S:K417N) T22882G(S:N440K) G22895C(S:V445P) T22896C(S:V445P) G22898A(S:G446S)	28	70	0.4	22791	22898
C23854A(S:N764K)	28	375	0.07466666666666667	23765	23864
T24469A(S:N969K)	28	470	0.059574468085106386	24464	24533
(23334,1)(S:DEL592)	27	231	0.11688311688311688	23322	23336
(25262,1)(S:DEL1235)	25	78	0.32051282051282054	25248	25278
(24981,1)(S:DEL1141) C25000T(S:D1146D)	20	56	0.35714285714285715	24872	25001
C25000T(S:D1146D)	20	79	0.25316455696202533	24984	25065
(23334,1)(S:DEL592) A23403G(S:D614G)	17	192	0.08854166666666667	23322	23406
(23486,1)(S:DEL643) C23525T(S:H655Y) T23599G(S:N679K) C23604A(S:P681H) C23635T(S:S691S)	16	490	0.0326530612244898	23471	23642
C21618T(S:T19I) (21632,9)(S:DEL25/27)	16	32	0.5	21596	21671
T22200A(S:V213E)	15	26	0.5769230769230769	22117	22208
A23403G(S:D614G) C23525T(S:H655Y)	13	66	0.19696969696969696	23351	23532
G22813T(S:K417N) T22882G(S:N440K) G22895C(S:V445P) T22896C(S:V445P)	13	86	0.1511627906976744	22791	22896
T23075C(S:Y505H)	12	27	0.4444444444444444	23074	23156
G22813T(S:K417N) T22882G(S:N440K)	11	100	0.11	22791	22886
C23525T(S:H655Y) T23599G(S:N679K) C23604A(S:P681H) (23641,1)(S:DEL694)	10	538	0.01858736059479554	23485	23645
