Covariants	Count	Max_count	Freq	Coverage_start	Coverage_end
G22317T(S:G252V)	62	94	0.6595744680851063	22207	22347
C25416T(ORF3a:F8F)	46	107	0.42990654205607476	25377	25434
T23385A	34	47	0.723404255319149	23250	23385
(21764,6)(S:DEL69/70)	31	75	0.41333333333333333	21674	21817
T21810C(S:V83A)	25	78	0.32051282051282054	21765	21900
C25000T(S:D1146D)	16	17	0.9411764705882353	24935	25076
G22317T(S:G252V) C22326T(S:S255F)	13	94	0.13829787234042554	22207	22347
C23525T(S:H655Y) G23562A	12	18	0.6666666666666666	23411	23562
C25416T(ORF3a:F8F) (25472,1)(ORF3a:DEL28)	11	104	0.10576923076923077	25377	25518
C25452T(ORF3a:I20I)	10	104	0.09615384615384616	25306	25518
