Covariants	Count	Max_count	Freq	Coverage_start	Coverage_end
A23403G(S:D614G)	41	111	0.36936936936936937	23402	23404
C23123T(S:P521S)	16	101	0.15841584158415842	23120	23162
