Covariants	Count	Max_count	Freq	Coverage_start	Coverage_end
G22317T(S:G252V)	184	257	0.7159533073929961	22298	22347
C25416T(ORF3a:F8F)	151	178	0.848314606741573	25377	25434
C22664A(S:L368I) C22674T(S:S371F) T22679C(S:S373P) C22686T(S:S375F) A22688G(S:T376A) G22775A(S:D405N)	67	70	0.9571428571428572	22589	22781
T21810C(S:V83A)	65	82	0.7926829268292683	21766	21824
C23525T(S:H655Y) G23562A	51	68	0.75	23411	23562
A24424T(S:Q954H) T24469A(S:N969K)	51	70	0.7285714285714285	24388	24539
C25000T(S:D1146D)	32	39	0.8205128205128205	24927	25076
A22320G(S:D253G)	31	257	0.12062256809338522	22207	22347
T22200A(S:V213E) G22317T(S:G252V)	18	25	0.72	22129	22347
T22882G(S:N440K) G22895C(S:V445P) T22896C(S:V445P) G22898A(S:G446S) T22928C(S:F456L) T22942G(S:N460K) (22964,1)(S:DEL469) G22992A(S:S477N) C22995G(S:T478R)	17	71	0.23943661971830985	22850	23001
T22882G(S:N440K) G22895C(S:V445P) T22896C(S:V445P) G22898A(S:G446S) T22942G(S:N460K) G22992A(S:S477N) C22995G(S:T478R) A23013C(S:E484A) T23018C(S:F486P) T23019C(S:F486P) T23031C(S:F490S) A23055G(S:Q498R) A23063T(S:N501Y) T23075C(S:Y505H)	16	45	0.35555555555555557	22850	23097
G21987A(S:G142D) (21990,3)(S:DEL144) C22000A(S:H146Q)	14	20	0.7	21949	22098
C23202T(S:T547I)	14	55	0.2545454545454545	23129	23277
T22200A(S:V213E)	12	43	0.27906976744186046	22129	22243
T22882G(S:N440K) G22895C(S:V445P) T22896C(S:V445P) G22898A(S:G446S) G22927T(S:L455F) T22928C(S:F456L) T22942G(S:N460K) G22992A(S:S477N) C22995A(S:T478K) A23013C(S:E484A) T23018C(S:F486P) T23019C(S:F486P) T23031C(S:F490S) A23055G(S:Q498R) A23063T(S:N501Y) T23075C(S:Y505H)	10	45	0.2222222222222222	22850	23097
