Covariants	Count	Max_count	Freq	Coverage_start	Coverage_end
G21718T(S:Q52H)	7337	27481	0.2669844619919217	21717	21721
T21810C(S:V83A)	6932	26738	0.2592564888922133	21809	21810
C21618T(S:T19I) (21632,9)(S:DEL25/27)	6592	19210	0.34315460697553357	21616	21654
C21618T(S:T19I) (21632,9)(S:DEL25/27) T21810C(S:V83A)	5245	11047	0.47478953562053045	21616	21811
G21718T(S:Q52H) T21810C(S:V83A)	3577	19736	0.1812423996757195	21717	21810
C21618T(S:T19I) (21632,9)(S:DEL25/27) G21718T(S:Q52H)	3380	14695	0.23001020755358967	21616	21718
C21618T(S:T19I) (21632,9)(S:DEL25/27) G21718T(S:Q52H) T21810C(S:V83A)	1039	11047	0.0940526839866027	21616	21810
(21632,9)(S:DEL25/27) G21718T(S:Q52H)	356	15004	0.023727006131698213	21621	21719
(21632,9)(S:DEL25/27) G21718T(S:Q52H) T21810C(S:V83A)	227	11273	0.020136609598154883	21621	21811
A23403G(S:D614G)	203	2129	0.09534992954438704	23364	23403
(21632,9)(S:DEL25/27)	144	19522	0.007376293412560188	21621	21654
G21641T(S:A27S) G21718T(S:Q52H)	134	17863	0.007501539495045625	21640	21720
(21632,9)(S:DEL25/27) T21810C(S:V83A)	109	11273	0.00966912090836512	21621	21817
G21641T(S:A27S) G21718T(S:Q52H) T21810C(S:V83A)	97	13367	0.007256676890850603	21640	21812
C23854A(S:N764K)	90	2917	0.030853616729516628	23830	23854
G24926A(S:V1122M)	65	176	0.3693181818181818	24904	24926
C25000T(S:D1146D)	58	156	0.3717948717948718	24995	25008
G24926A(S:V1122M) C25000T(S:D1146D)	47	127	0.3700787401574803	24925	25000
T23599G(S:N679K) C23604A(S:P681H)	46	1650	0.027878787878787878	23598	23679
T23599G(S:N679K) C23604A(S:P681H) C23854A(S:N764K)	39	758	0.051451187335092345	23596	23854
C21618T(S:T19I) (21631,9)(S:DEL24/26)	21	19210	0.0010931806350858927	21611	21701
C21618T(S:T19I) (21631,9)(S:DEL24/26) T21810C(S:V83A)	13	11047	0.001176790078754413	21611	21822
(23164,'A')(S:INS535)	13	1392	0.009339080459770116	23150	23237
C21618T(S:T19I) (21632,9)(S:DEL25/27) T21669G(S:V36G) T21810C(S:V83A)	11	11047	0.000995745451253734	21611	21822
(23887,'A')(S:INS776)	11	1394	0.007890961262553802	23804	23901
T21810C(S:V83A) T21826G(S:D88E)	10	24080	0.0004152823920265781	21766	21834
