Covariants	Count	Max_count	Freq	Coverage_start	Coverage_end
T23599G(S:N679K) C23604A(S:P681H)	52	165	0.3151515151515151	23579	23665
C23525T(S:H655Y) T23599G(S:N679K) C23604A(S:P681H)	24	51	0.47058823529411764	23485	23607
C25416T(ORF3a:F8F)	15	17	0.8823529411764706	25381	25452
A24424T(S:Q954H) T24469A(S:N969K)	12	23	0.5217391304347826	24406	24487
T23599G(S:N679K) C23604A(S:P681H) C23664T(S:A701V)	11	100	0.11	23579	23666
