Covariants	Count	Max_count	Freq	Coverage_start	Coverage_end
T23599G(S:N679K) C23604A(S:P681H)	30	92	0.32608695652173914	23579	23665
A24424T(S:Q954H) T24469A(S:N969K)	27	43	0.627906976744186	24413	24488
(25262,1)(S:DEL1235)	11	19	0.5789473684210527	25248	25321
