Covariants	Count	Max_count	Freq	Coverage_start	Coverage_end
G22317T(S:G252V)	370	463	0.7991360691144709	22243	22321
C25416T(ORF3a:F8F)	261	291	0.8969072164948454	25379	25434
A23403G(S:D614G)	107	137	0.781021897810219	23379	23468
T21810C(S:V83A)	106	171	0.6198830409356725	21765	21817
C23525T(S:H655Y) G23562A	105	121	0.8677685950413223	23411	23562
T23385A	71	222	0.31981981981981983	23250	23385
C23525T(S:H655Y)	23	164	0.1402439024390244	23456	23557
G21987A(S:G142D) (21990,3)(S:DEL144) C22000A(S:H146Q)	18	31	0.5806451612903226	21949	22098
C23601T T23752A(S:S730S)	17	30	0.5666666666666667	23600	23752
T22200A(S:V213E) G22317T(S:G252V)	16	19	0.8421052631578947	22129	22347
C22664A(S:L368I) C22674T(S:S371F) T22679C(S:S373P) C22686T(S:S375F) A22688G(S:T376A) G22775A(S:D405N)	16	20	0.8	22657	22781
C23854A(S:N764K)	16	16	1.0	23808	23910
A24388T A24424T(S:Q954H) T24469A(S:N969K) A24539G	14	24	0.5833333333333334	24387	24539
C25000T(S:D1146D)	14	17	0.8235294117647058	24926	25076
C25416T(ORF3a:F8F) G25444A(ORF3a:G18S)	13	272	0.04779411764705882	25377	25518
T22200A(S:V213E)	12	31	0.3870967741935484	22129	22243
A23403G(S:D614G) C23525T(S:H655Y)	12	15	0.8	23325	23561
G22289A(S:A243T) G22317T(S:G252V)	10	455	0.02197802197802198	22207	22347
C25118T(S:L1186F) G25269A	10	21	0.47619047619047616	25117	25269
