Covariants	Count	Max_count	Freq	Coverage_start	Coverage_end
T23599G(S:N679K) C23604A(S:P681H)	19	52	0.36538461538461536	23593	23666
A24424T(S:Q954H) T24469A(S:N969K)	16	21	0.7619047619047619	24415	24487
