Covariants	Count	Max_count	Freq	Coverage_start	Coverage_end
C25000T(S:D1146D)	592	608	0.9736842105263158	24997	25000
A24424T(S:Q954H) T24469A(S:N969K)	255	271	0.940959409594096	24420	24470
A24424T(S:Q954H)	127	399	0.3182957393483709	24404	24424
G22992A(S:S477N) C22995G(S:T478R) A23013C(S:E484A) T23018C(S:F486P) T23019C(S:F486P) T23031C(S:F490S) A23055G(S:Q498R) A23063T(S:N501Y) T23075C(S:Y505H)	63	66	0.9545454545454546	22988	23075
C25416T(ORF3a:F8F)	56	57	0.9824561403508771	25381	25447
T24469A(S:N969K)	50	317	0.15772870662460567	24461	24487
G21987A(S:G142D) (21990,3)(S:DEL144) C22000A(S:H146Q)	38	62	0.6129032258064516	21963	22025
A23013C(S:E484A) T23018C(S:F486P) T23019C(S:F486P) T23031C(S:F490S) A23055G(S:Q498R) A23063T(S:N501Y) T23075C(S:Y505H)	36	107	0.3364485981308411	23006	23116
T23031C(S:F490S) A23055G(S:Q498R) A23063T(S:N501Y) T23075C(S:Y505H)	32	141	0.22695035460992907	23030	23116
A23055G(S:Q498R) A23063T(S:N501Y) T23075C(S:Y505H)	27	169	0.15976331360946747	23048	23116
G22577C(S:G339H) G22578A(S:G339H) G22599C(S:R346T)	24	58	0.41379310344827586	22543	22602
C22109G(S:Q183E) T22200A(S:V213E)	21	33	0.6363636363636364	22080	22201
A23063T(S:N501Y) T23075C(S:Y505H)	20	189	0.10582010582010581	23062	23149
T22200A(S:V213E)	13	48	0.2708333333333333	22148	22210
T23075C(S:Y505H)	11	200	0.055	23072	23157
G22577C(S:G339H) G22578A(S:G339H) G22599C(S:R346T) C22664A(S:L368I) C22674T(S:S371F) T22679C(S:S373P) C22686T(S:S375F) A22688G(S:T376A)	11	23	0.4782608695652174	22556	22704
C22664A(S:L368I) C22674T(S:S371F) T22679C(S:S373P) C22686T(S:S375F) A22688G(S:T376A)	10	36	0.2777777777777778	22641	22706
C22109G(S:Q183E)	10	54	0.18518518518518517	22080	22113
T23599G(S:N679K) C23604A(S:P681H)	10	11	0.9090909090909091	23586	23691
C23854A(S:N764K)	10	13	0.7692307692307693	23786	23854
