Covariants	Count	Max_count	Freq	Coverage_start	Coverage_end
T23599G(S:N679K) C23604A(S:P681H)	170	260	0.6538461538461539	23580	23666
T24469A(S:N969K)	39	91	0.42857142857142855	24464	24562
C25416T(ORF3a:F8F)	23	37	0.6216216216216216	25381	25468
(25262,1)(S:DEL1235)	15	17	0.8823529411764706	25252	25295
C23525T(S:H655Y) T23599G(S:N679K) C23604A(S:P681H)	14	25	0.56	23501	23645
A24424T(S:Q954H) T24469A(S:N969K)	11	19	0.5789473684210527	24406	24488
