Covariants	Count	Max_count	Freq	Coverage_start	Coverage_end
T23599G(S:N679K) C23604A(S:P681H)	225	773	0.2910737386804657	23580	23660
A24424T(S:Q954H) T24469A(S:N969K)	196	330	0.593939393939394	24413	24478
C23525T(S:H655Y) T23599G(S:N679K) C23604A(S:P681H)	94	326	0.2883435582822086	23505	23605
A24424T(S:Q954H)	66	334	0.19760479041916168	24416	24487
T23487G C23525T(S:H655Y) T23599G(S:N679K) C23604A(S:P681H)	48	262	0.183206106870229	23486	23607
A23403G(S:D614G)	46	337	0.13649851632047477	23333	23405
(23334,1)(S:DEL592)	44	278	0.15827338129496402	23322	23336
C25416T(ORF3a:F8F)	42	93	0.45161290322580644	25381	25438
(23486,1)(S:DEL643) C23525T(S:H655Y) T23599G(S:N679K) C23604A(S:P681H)	41	256	0.16015625	23471	23607
T23599G(S:N679K) C23604A(S:P681H) C23664T(S:A701V)	38	389	0.09768637532133675	23580	23666
(25262,1)(S:DEL1235)	32	78	0.41025641025641024	25252	25277
G22317T(S:G252V)	32	56	0.5714285714285714	22247	22324
G22813T(S:K417N) T22882G(S:N440K) G22895C(S:V445P) T22896C(S:V445P) G22898A(S:G446S)	27	134	0.20149253731343283	22791	22898
G22813T(S:K417N) T22882G(S:N440K)	22	181	0.12154696132596685	22791	22885
C23854A(S:N764K)	19	187	0.10160427807486631	23765	23865
G22813T(S:K417N) T22882G(S:N440K) G22895C(S:V445P) T22896C(S:V445P)	19	155	0.12258064516129032	22791	22896
(24253,1)(S:DEL898)	16	126	0.12698412698412698	24226	24262
C23525T(S:H655Y)	15	386	0.038860103626943004	23485	23552
T24469A(S:N969K)	15	381	0.03937007874015748	24465	24541
(23334,1)(S:DEL592) A23403G(S:D614G)	13	186	0.06989247311827956	23322	23404
G22813T(S:K417N) T22882G(S:N440K) G22895C(S:V445P) T22896C(S:V445P) G22898A(S:G446S) T22930A(S:F456L) T22942G(S:N460K)	12	80	0.15	22791	22968
(24320,1)(S:DEL921)	11	113	0.09734513274336283	24234	24321
C25000T(S:D1146D)	11	39	0.28205128205128205	24984	25025
