Covariants	Count	Max_count	Freq	Coverage_start	Coverage_end
T23599G(S:N679K) C23604A(S:P681H)	596	1561	0.381806534272902	23581	23664
A24424T(S:Q954H) T24469A(S:N969K)	310	594	0.5218855218855218	24413	24488
C23525T(S:H655Y) T23599G(S:N679K) C23604A(S:P681H)	254	659	0.38543247344461307	23519	23607
C25416T(ORF3a:F8F)	122	229	0.5327510917030568	25381	25446
(23334,1)(S:DEL592)	121	500	0.242	23322	23351
A24424T(S:Q954H)	109	603	0.18076285240464346	24406	24486
G22317T(S:G252V)	95	138	0.6884057971014492	22297	22319
(23486,1)(S:DEL643) C23525T(S:H655Y) T23599G(S:N679K) C23604A(S:P681H)	94	586	0.16040955631399317	23478	23607
A23403G(S:D614G)	81	601	0.13477537437603992	23351	23405
T23487G C23525T(S:H655Y) T23599G(S:N679K) C23604A(S:P681H)	75	588	0.12755102040816327	23486	23607
G22813T(S:K417N) T22882G(S:N440K) G22895C(S:V445P) T22896C(S:V445P) G22898A(S:G446S)	51	172	0.29651162790697677	22801	22898
(25262,1)(S:DEL1235)	51	132	0.38636363636363635	25248	25263
(23334,1)(S:DEL592) A23403G(S:D614G)	46	393	0.11704834605597965	23322	23403
(24981,1)(S:DEL1141) C25000T(S:D1146D)	44	89	0.4943820224719101	24872	25000
(24253,1)(S:DEL898)	43	226	0.1902654867256637	24227	24262
C25000T(S:D1146D)	39	148	0.2635135135135135	24992	25043
G22813T(S:K417N) T22882G(S:N440K)	38	249	0.15261044176706828	22791	22883
G22813T(S:K417N) T22882G(S:N440K) G22895C(S:V445P) T22896C(S:V445P) G22898A(S:G446S) T22942G(S:N460K)	34	102	0.3333333333333333	22801	22942
C23854A(S:N764K)	30	396	0.07575757575757576	23765	23858
C23525T(S:H655Y)	27	829	0.032569360675512665	23471	23540
A23403G(S:D614G) C23525T(S:H655Y)	18	112	0.16071428571428573	23351	23529
T22200A(S:V213E)	18	29	0.6206896551724138	22117	22208
G22813T(S:K417N) T22882G(S:N440K) G22895C	16	206	0.07766990291262135	22791	22895
T23075C(S:Y505H)	14	49	0.2857142857142857	23074	23154
A23013C(S:E484A) T23018C(S:F486P) T23019C(S:F486P) T23031C(S:F490S) A23055G(S:Q498R) A23063T(S:N501Y) T23075C(S:Y505H)	14	18	0.7777777777777778	23005	23078
(24672,1)(S:DEL1038)	13	76	0.17105263157894737	24607	24681
G22813T(S:K417N) T22882G(S:N440K) G22895C(S:V445P) T22896C(S:V445P)	13	201	0.06467661691542288	22808	22896
T24469A(S:N969K)	12	651	0.018433179723502304	24464	24545
T23335C A23403G(S:D614G)	10	399	0.02506265664160401	23334	23426
