Covariants	Count	Max_count	Freq	Coverage_start	Coverage_end
T24469A(S:N969K)	3164	3362	0.9411064842355741	24468	24532
G23948T(S:D796Y) T23986C(S:D808D)	86	152	0.5657894736842105	23947	23986
G23948T(S:D796Y)	73	163	0.44785276073619634	23925	23965
T23986C(S:D808D)	40	193	0.20725388601036268	23983	24074
