Covariants	Count	Max_count	Freq	Coverage_start	Coverage_end
T23599G(S:N679K) C23604A(S:P681H)	39	98	0.3979591836734694	23581	23667
T23599G(S:N679K) C23604A(S:P681H) C23625T(S:A688V)	16	97	0.16494845360824742	23579	23665
A24424T(S:Q954H) T24469A(S:N969K)	16	27	0.5925925925925926	24406	24488
