Covariants	Count	Max_count	Freq	Coverage_start	Coverage_end
T23599G(S:N679K) C23604A(S:P681H)	12	35	0.34285714285714286	23579	23665
A24424T(S:Q954H) T24469A(S:N969K)	12	17	0.7058823529411765	24406	24491
