Covariants	Count	Max_count	Freq	Coverage_start	Coverage_end
C21618T(S:T19I) (21632,9)(S:DEL25/27)	292	295	0.9898305084745763	21591	21652
(21764,6)(S:DEL69/70)	232	236	0.9830508474576272	21756	21779
