Covariants	Count	Max_count	Freq	Coverage_start	Coverage_end
C23525T(S:H655Y) T23599G(S:N679K) C23604A(S:P681H)	77	139	0.5539568345323741	23508	23607
A24424T(S:Q954H) T24469A(S:N969K)	76	119	0.6386554621848739	24410	24488
T23599G(S:N679K) C23604A(S:P681H)	48	217	0.22119815668202766	23579	23711
C23854A(S:N764K)	41	109	0.3761467889908257	23765	23867
C25416T(ORF3a:F8F)	39	69	0.5652173913043478	25381	25459
T24469A(S:N969K)	21	170	0.12352941176470589	24464	24538
C25000T(S:D1146D)	16	40	0.4	24984	25056
T23487G C23525T(S:H655Y) T23599G(S:N679K) C23604A(S:P681H)	13	129	0.10077519379844961	23486	23645
(25262,1)(S:DEL1235)	13	56	0.23214285714285715	25119	25326
A23403G(S:D614G)	10	51	0.19607843137254902	23268	23424
A24424T(S:Q954H)	10	119	0.08403361344537816	24406	24488
