Covariants	Count	Max_count	Freq	Coverage_start	Coverage_end
A24424T(S:Q954H) T24469A(S:N969K)	34	48	0.7083333333333334	24417	24488
C23525T(S:H655Y) T23599G(S:N679K) C23604A(S:P681H)	33	67	0.4925373134328358	23505	23607
T23599G(S:N679K) C23604A(S:P681H)	25	117	0.21367521367521367	23579	23645
A23403G(S:D614G)	11	66	0.16666666666666666	23273	23405
