Covariants	Count	Max_count	Freq	Coverage_start	Coverage_end
A24424T(S:Q954H) T24469A(S:N969K)	92	132	0.696969696969697	24410	24487
C23525T(S:H655Y) T23599G(S:N679K) C23604A(S:P681H)	75	171	0.43859649122807015	23505	23606
T23599G(S:N679K) C23604A(S:P681H)	72	332	0.21686746987951808	23580	23666
(23334,1)(S:DEL592)	25	133	0.18796992481203006	23268	23336
(23486,1)(S:DEL643) C23525T(S:H655Y) T23599G(S:N679K) C23604A(S:P681H)	20	131	0.15267175572519084	23471	23607
A24424T(S:Q954H)	19	132	0.14393939393939395	24406	24488
C25416T(ORF3a:F8F)	19	38	0.5	25371	25451
C23525T(S:H655Y)	17	219	0.0776255707762557	23485	23551
A24232G(S:A890A)	16	61	0.26229508196721313	24226	24252
G22813T(S:K417N) T22882G(S:N440K) G22895C(S:V445P) T22896C(S:V445P) G22898A(S:G446S)	15	54	0.2777777777777778	22791	22898
C25000T(S:D1146D)	15	39	0.38461538461538464	24992	25075
G22317T(S:G252V)	14	19	0.7368421052631579	22242	22322
T24469A(S:N969K)	14	169	0.08284023668639054	24464	24545
G22813T(S:K417N) T22882G(S:N440K)	12	76	0.15789473684210525	22791	22882
T23599G(S:N679K) C23604A(S:P681H) C23673T(S:S704L)	12	126	0.09523809523809523	23580	23705
A23403G(S:D614G)	11	155	0.07096774193548387	23340	23406
