Covariants	Count	Max_count	Freq	Coverage_start	Coverage_end
G22317T(S:G252V)	244	328	0.7439024390243902	22258	22342
C25416T(ORF3a:F8F)	165	182	0.9065934065934066	25381	25434
T21810C(S:V83A)	149	177	0.8418079096045198	21778	21825
T22882G(S:N440K) G22895C(S:V445P) T22896C(S:V445P) G22898A(S:G446S) T22942G(S:N460K) G22992A(S:S477N) C22995A(S:T478K) A23013C(S:E484A) T23018C(S:F486P) T23019C(S:F486P) T23031C(S:F490S) A23055G(S:Q498R) A23063T(S:N501Y) T23075C(S:Y505H)	56	70	0.8	22850	23097
A23403G(S:D614G)	40	55	0.7272727272727273	23325	23439
A22243G(S:V227V) G22317T(S:G252V)	33	309	0.10679611650485436	22210	22347
G21987A(S:G142D) (21990,3)(S:DEL144) C22000A(S:H146Q)	31	40	0.775	21949	22098
C23525T(S:H655Y) G23562A	31	43	0.7209302325581395	23410	23562
C25000T(S:D1146D)	28	31	0.9032258064516129	24926	25076
C22664A(S:L368I) C22674T(S:S371F) T22679C(S:S373P) C22686T(S:S375F) A22688G(S:T376A) G22775A(S:D405N)	24	27	0.8888888888888888	22589	22781
T23385A	19	74	0.25675675675675674	23250	23385
A24424T(S:Q954H) T24469A(S:N969K) A24495G(S:N978S)	13	43	0.3023255813953488	24388	24621
C23854A(S:N764K)	10	11	0.9090909090909091	23690	23910
A24424T(S:Q954H) T24469A(S:N969K)	10	43	0.23255813953488372	24388	24537
