Covariants	Count	Max_count	Freq	Coverage_start	Coverage_end
T23599G(S:N679K) C23604A(S:P681H)	86	224	0.38392857142857145	23580	23663
A24424T(S:Q954H) T24469A(S:N969K)	50	73	0.684931506849315	24410	24488
C23525T(S:H655Y) T23599G(S:N679K) C23604A(S:P681H)	32	85	0.3764705882352941	23508	23607
C25416T(ORF3a:F8F)	21	34	0.6176470588235294	25381	25453
(23486,1)(S:DEL643) C23525T(S:H655Y) T23599G(S:N679K) C23604A(S:P681H)	18	68	0.2647058823529412	23471	23645
A23403G(S:D614G)	16	95	0.16842105263157894	23345	23425
(25262,1)(S:DEL1235)	11	29	0.3793103448275862	25249	25295
