Covariants	Count	Max_count	Freq	Coverage_start	Coverage_end
A24424T(S:Q954H) T24469A(S:N969K)	69	108	0.6388888888888888	24406	24488
C23525T(S:H655Y) T23599G(S:N679K) C23604A(S:P681H)	52	77	0.6753246753246753	23501	23607
T23599G(S:N679K) C23604A(S:P681H)	28	137	0.20437956204379562	23579	23666
C25416T(ORF3a:F8F)	28	51	0.5490196078431373	25381	25452
G22317T(S:G252V)	19	27	0.7037037037037037	22249	22330
G22813T(S:K417N) T22882G(S:N440K)	15	38	0.39473684210526316	22791	22886
A23403G(S:D614G)	14	57	0.24561403508771928	23345	23431
T24469A(S:N969K)	11	134	0.08208955223880597	24464	24562
T23487G C23525T(S:H655Y) T23599G(S:N679K) C23604A(S:P681H)	10	69	0.14492753623188406	23486	23645
