Covariants	Count	Max_count	Freq	Coverage_start	Coverage_end
A23403G(S:D614G)	83	252	0.32936507936507936	23402	23404
C22109G(S:Q183E)	13	62	0.20967741935483872	22108	22111
