Covariants	Count	Max_count	Freq	Coverage_start	Coverage_end
T23599G(S:N679K) C23604A(S:P681H)	141	337	0.41839762611275966	23579	23663
A24424T(S:Q954H) T24469A(S:N969K)	32	66	0.48484848484848486	24406	24487
T23599G(S:N679K) C23604A(S:P681H) C23664T(S:A701V)	24	243	0.09876543209876543	23579	23685
C23525T(S:H655Y) T23599G(S:N679K) C23604A(S:P681H)	23	70	0.32857142857142857	23487	23607
A24424T(S:Q954H)	15	67	0.22388059701492538	24410	24488
C23525T(S:H655Y)	13	113	0.11504424778761062	23504	23551
