Covariants	Count	Max_count	Freq	Coverage_start	Coverage_end
T23599G(S:N679K) C23604A(S:P681H)	39	131	0.29770992366412213	23579	23660
C23525T(S:H655Y) T23599G(S:N679K) C23604A(S:P681H)	19	47	0.40425531914893614	23501	23624
A24424T(S:Q954H) T24469A(S:N969K)	12	28	0.42857142857142855	24406	24502
