Covariants	Count	Max_count	Freq	Coverage_start	Coverage_end
A23403G(S:D614G)	27	112	0.24107142857142858	23402	23404
G21718T(S:Q52H)	22	47	0.46808510638297873	21716	21718
