Covariants	Count	Max_count	Freq	Coverage_start	Coverage_end
C22109G(S:Q183E)	19	24	0.7916666666666666	22072	22113
T22942G(S:N460K)	16	25	0.64	22940	22946
C22033A(S:F157L)	12	121	0.09917355371900827	22031	22067
