Covariants	Count	Max_count	Freq	Coverage_start	Coverage_end
A24424T(S:Q954H) T24469A(S:N969K)	259	468	0.5534188034188035	24415	24478
C23525T(S:H655Y) T23599G(S:N679K) C23604A(S:P681H)	219	464	0.47198275862068967	23508	23607
C25416T(ORF3a:F8F)	98	161	0.6086956521739131	25381	25446
T23599G(S:N679K) C23604A(S:P681H)	94	761	0.12352168199737187	23580	23664
A23403G(S:D614G)	72	305	0.2360655737704918	23285	23404
T23599G(S:N679K) C23604A(S:P681H) C23664T(S:A701V)	70	251	0.2788844621513944	23593	23666
G22317T(S:G252V)	69	111	0.6216216216216216	22256	22320
C23525T(S:H655Y)	68	570	0.11929824561403508	23485	23552
(25262,1)(S:DEL1235)	58	162	0.35802469135802467	25248	25263
A24424T(S:Q954H)	55	469	0.11727078891257996	24406	24488
G22813T(S:K417N) T22882G(S:N440K) G22895C(S:V445P) T22896C(S:V445P) G22898A(S:G446S)	39	166	0.23493975903614459	22791	22898
C23854A(S:N764K)	37	185	0.2	23765	23858
(23486,1)(S:DEL643) C23525T(S:H655Y) T23599G(S:N679K) C23604A(S:P681H)	32	419	0.07637231503579953	23471	23607
T24469A(S:N969K)	31	556	0.05575539568345324	24464	24488
G22813T(S:K417N) T22882G(S:N440K) G22895C(S:V445P) T22896C(S:V445P) G22898A(S:G446S) T22928C(S:F456L) T22942G(S:N460K)	26	112	0.23214285714285715	22791	22968
T23487G C23525T(S:H655Y) T23599G(S:N679K) C23604A(S:P681H)	26	423	0.061465721040189124	23486	23607
(23334,1)(S:DEL592)	26	314	0.08280254777070063	23322	23336
G22813T(S:K417N) T22882G(S:N440K)	25	211	0.11848341232227488	22791	22882
G22813T(S:K417N) T22882G(S:N440K) G22895C(S:V445P) T22896C(S:V445P) G22898A(S:G446S) T22930A(S:F456L) T22942G(S:N460K)	24	112	0.21428571428571427	22808	22968
(24981,1)(S:DEL1141) C25000T(S:D1146D)	22	64	0.34375	24849	25000
(24320,1)(S:DEL921)	15	148	0.10135135135135136	24236	24321
G22813T(S:K417N) T22882G(S:N440K) G22895C(S:V445P) T22896C(S:V445P) G22898A(S:G446S) T22942G(S:N460K)	13	112	0.11607142857142858	22800	22968
G22813T(S:K417N)	13	226	0.05752212389380531	22791	22867
A24424T(S:Q954H) (24468,1)(S:DEL970) T24470A(S:F970I)	13	468	0.027777777777777776	24406	24488
C25000T(S:D1146D)	13	82	0.15853658536585366	24984	25069
T23599G(S:N679K) C23604A(S:P681H) (23641,1)(S:DEL694) C23664T(S:A701V)	11	251	0.043824701195219126	23579	23664
