Covariants	Count	Max_count	Freq	Coverage_start	Coverage_end
A23403G(S:D614G)	16	29	0.5517241379310345	23362	23410
C23854A(S:N764K)	12	21	0.5714285714285714	23779	23856
C21618T(S:T19I) (21632,9)(S:DEL25/27)	10	26	0.38461538461538464	21613	21653
T21810C(S:V83A)	10	24	0.4166666666666667	21803	21818
