Covariants	Count	Max_count	Freq	Coverage_start	Coverage_end
T23599G(S:N679K) C23604A(S:P681H)	39	177	0.22033898305084745	23580	23663
C23525T(S:H655Y) T23599G(S:N679K) C23604A(S:P681H)	35	74	0.47297297297297297	23485	23607
A24424T(S:Q954H) T24469A(S:N969K)	20	45	0.4444444444444444	24406	24488
T23599G(S:N679K) C23604A(S:P681H) C23664T(S:A701V)	10	76	0.13157894736842105	23579	23711
