Covariants	Count	Max_count	Freq	Coverage_start	Coverage_end
A23403G(S:D614G)	41	73	0.5616438356164384	23402	23404
C22088T(S:L176F)	28	50	0.56	22061	22089
A22320G(S:D253G)	28	73	0.3835616438356164	22319	22323
T22942G(S:N460K)	12	18	0.6666666666666666	22940	22943
