Covariants	Count	Max_count	Freq	Coverage_start	Coverage_end
T23599G(S:N679K) C23604A(S:P681H)	34	173	0.19653179190751446	23580	23664
T23487G C23525T(S:H655Y) T23599G(S:N679K) C23604A(S:P681H)	24	76	0.3157894736842105	23486	23607
(23486,1)(S:DEL643) C23525T(S:H655Y) T23599G(S:N679K) C23604A(S:P681H)	14	75	0.18666666666666668	23472	23607
C23525T(S:H655Y) T23599G(S:N679K) C23604A(S:P681H)	11	84	0.13095238095238096	23485	23630
