Covariants	Count	Max_count	Freq	Coverage_start	Coverage_end
G22317T(S:G252V)	117	163	0.7177914110429447	22209	22347
C25416T(ORF3a:F8F)	71	79	0.8987341772151899	25380	25434
T23385A	58	129	0.4496124031007752	23250	23385
A23403G(S:D614G)	54	67	0.8059701492537313	23325	23468
T21810C(S:V83A)	50	76	0.6578947368421053	21788	21900
C23525T(S:H655Y) G23562A	38	47	0.8085106382978723	23411	23562
T22882G(S:N440K) G22895C(S:V445P) T22896C(S:V445P) G22898A(S:G446S) T22942G(S:N460K) G22992A(S:S477N) C22995A(S:T478K) A23013C(S:E484A) T23018C(S:F486P) T23019C(S:F486P) T23031C(S:F490S) A23055G(S:Q498R) A23063T(S:N501Y) T23075C(S:Y505H)	11	11	1.0	22850	23097
C23601T T23752A(S:S730S)	11	17	0.6470588235294118	23600	23752
C23525T(S:H655Y)	10	65	0.15384615384615385	23411	23561
