Covariants	Count	Max_count	Freq	Coverage_start	Coverage_end
C21618T(S:T19I) (21632,9)(S:DEL25/27)	4710	4854	0.9703337453646477	21591	21652
(21764,6)(S:DEL69/70)	511	518	0.9864864864864865	21756	21779
(21632,9)(S:DEL25/27)	62	4854	0.01277297074577668	21591	21652
