Covariants	Count	Max_count	Freq	Coverage_start	Coverage_end
C25416T(ORF3a:F8F)	459	603	0.7611940298507462	25381	25434
G22317T(S:G252V)	334	509	0.656188605108055	22300	22338
T21810C(S:V83A)	186	248	0.75	21766	21900
T22882G(S:N440K) G22895C(S:V445P) T22896C(S:V445P) G22898A(S:G446S) T22942G(S:N460K) G22992A(S:S477N) C22995A(S:T478K) A23013C(S:E484A) T23018C(S:F486P) T23019C(S:F486P) T23031C(S:F490S) A23055G(S:Q498R) A23063T(S:N501Y) T23075C(S:Y505H)	115	135	0.8518518518518519	22850	23097
C23525T(S:H655Y) G23562A	108	162	0.6666666666666666	23411	23562
C25000T(S:D1146D)	75	88	0.8522727272727273	24926	25076
T22200A(S:V213E) G22317T(S:G252V)	72	89	0.8089887640449438	22129	22347
A23403G(S:D614G)	70	139	0.5035971223021583	23349	23406
C22664A(S:L368I) C22674T(S:S371F) T22679C(S:S373P) C22686T(S:S375F) A22688G(S:T376A) G22775A(S:D405N)	65	105	0.6190476190476191	22589	22781
G21987A(S:G142D) (21990,3)(S:DEL144) C22000A(S:H146Q)	51	55	0.9272727272727272	21949	22098
T23385A	50	192	0.2604166666666667	23250	23385
C23854A(S:N764K)	48	51	0.9411764705882353	23762	23910
C23525T(S:H655Y)	37	233	0.15879828326180256	23449	23551
A24424T(S:Q954H) T24469A(S:N969K)	29	49	0.5918367346938775	24388	24538
A23403G(S:D614G) C23525T(S:H655Y)	28	63	0.4444444444444444	23325	23561
T22200A(S:V213E)	25	116	0.21551724137931033	22129	22243
C22674T(S:S371F) T22679C(S:S373P) C22686T(S:S375F) A22688G(S:T376A) G22775A(S:D405N)	23	105	0.21904761904761905	22589	22781
(21764,6)(S:DEL69/70)	23	234	0.09829059829059829	21674	21817
A23403G(S:D614G) C23525T(S:H655Y) T23599G(S:N679K) C23604A(S:P681H)	16	26	0.6153846153846154	23325	23664
C23601T T23752A(S:S730S)	16	85	0.18823529411764706	23600	23752
A24388T A24424T(S:Q954H) T24469A(S:N969K) A24539G	14	45	0.3111111111111111	24387	24539
G25290T(S:C1243F)	13	92	0.14130434782608695	25213	25355
T22200G(S:V213G)	12	116	0.10344827586206896	22129	22347
C21618T(S:T19I) (21632,9)(S:DEL25/27)	10	12	0.8333333333333334	21614	21725
