Covariants	Count	Max_count	Freq	Coverage_start	Coverage_end
T23599G(S:N679K) C23604A(S:P681H)	36	136	0.2647058823529412	23579	23666
C23525T(S:H655Y) T23599G(S:N679K) C23604A(S:P681H)	13	65	0.2	23485	23607
A24424T(S:Q954H) T24469A(S:N969K)	10	18	0.5555555555555556	24406	24488
