Covariants	Count	Max_count	Freq	Coverage_start	Coverage_end
T23599G(S:N679K) C23604A(S:P681H) C23664T(S:A701V)	216	437	0.494279176201373	23579	23665
T23599G(S:N679K) C23604A(S:P681H)	65	620	0.10483870967741936	23579	23659
T24469A(S:N969K)	45	165	0.2727272727272727	24464	24535
A24424T(S:Q954H) T24469A(S:N969K)	38	87	0.4367816091954023	24406	24488
(23486,1)(S:DEL643) C23525T(S:H655Y) T23599G(S:N679K) C23604A(S:P681H)	25	105	0.23809523809523808	23471	23607
C23525T(S:H655Y) T23599G(S:N679K) C23604A(S:P681H)	23	151	0.152317880794702	23485	23607
A24424T(S:Q954H)	23	88	0.26136363636363635	24406	24486
T23487G C23525T(S:H655Y) T23599G(S:N679K) C23604A(S:P681H)	15	105	0.14285714285714285	23486	23645
(25262,1)(S:DEL1235)	15	55	0.2727272727272727	25248	25281
(23334,1)(S:DEL592)	14	82	0.17073170731707318	23322	23336
C25416T(ORF3a:F8F)	13	31	0.41935483870967744	25381	25452
T23599G(S:N679K) C23604A(S:P681H) (23641,1)(S:DEL694) C23664T(S:A701V)	12	437	0.02745995423340961	23579	23666
