Covariants	Count	Max_count	Freq	Coverage_start	Coverage_end
T23599G(S:N679K) C23604A(S:P681H)	47	109	0.43119266055045874	23579	23665
A24424T(S:Q954H) T24469A(S:N969K)	33	55	0.6	24406	24502
C25416T(ORF3a:F8F)	18	28	0.6428571428571429	25371	25442
C23525T(S:H655Y) T23599G(S:N679K) C23604A(S:P681H)	17	42	0.40476190476190477	23501	23607
(25262,1)(S:DEL1235)	11	18	0.6111111111111112	25248	25263
