Covariants	Count	Max_count	Freq	Coverage_start	Coverage_end
C23230T(S:N556N)	5769	11282	0.5113455061159369	23228	23230
A23403G(S:D614G)	4444	7961	0.5582213289787715	23389	23403
C23230T(S:N556N) A23403G(S:D614G)	2577	3415	0.7546120058565153	23224	23403
C23123T(S:P521S)	1619	3724	0.43474758324382384	23122	23193
C23123T(S:P521S) C23230T(S:N556N)	1074	2638	0.4071266110689917	23122	23230
C23123T(S:P521S) A23403G(S:D614G)	567	677	0.8375184638109305	23122	23403
C23525T(S:H655Y)	19	50	0.38	23507	23525
A23403G(S:D614G) C23525T(S:H655Y)	18	35	0.5142857142857142	23401	23525
