Covariants	Count	Max_count	Freq	Coverage_start	Coverage_end
C25416T(ORF3a:F8F) C25515T(ORF3a:L41L) C25584T(ORF3a:T64T)	17416	18395	0.9467790160369666	25385	25584
C25416T(ORF3a:F8F) C25515T(ORF3a:L41L)	477	18712	0.02549166310389055	25385	25516
C25416T(ORF3a:F8F)	199	18917	0.010519638420468361	25381	25452
C25515T(ORF3a:L41L) C25584T(ORF3a:T64T)	61	18395	0.0033161185104648	25381	25589
C25416T(ORF3a:F8F) C25584T(ORF3a:T64T)	51	18395	0.002772492525142702	25381	25587
(25376,1)(S:DEL1273) C25416T(ORF3a:F8F) C25515T(ORF3a:L41L) C25584T(ORF3a:T64T)	20	14918	0.001340662287169862	25372	25591
A25374C C25416T(ORF3a:F8F) C25515T(ORF3a:L41L) C25584T(ORF3a:T64T)	17	14784	0.001149891774891775	25373	25623
C25416T(ORF3a:F8F) C25515T(ORF3a:L41L) T25556G(ORF3a:V55G) C25584T(ORF3a:T64T)	14	18395	0.0007610763794509378	25372	25673
C25416T(ORF3a:F8F) C25515T(ORF3a:L41L) T25577A(ORF3a:I62N) C25584T(ORF3a:T64T)	13	18395	0.0007067137809187279	25381	25592
C25416T(ORF3a:F8F) G25483C(ORF3a:A31P) C25515T(ORF3a:L41L) C25584T(ORF3a:T64T)	12	18395	0.0006523511823865181	25372	25670
C25416T(ORF3a:F8F) C25515T(ORF3a:L41L) C25584T(ORF3a:T64T) A25637G(ORF3a:N82S)	12	16691	0.0007189503325145288	25381	25663
C25416T(ORF3a:F8F) C25515T(ORF3a:L41L) C25584T(ORF3a:T64T) C25671G(ORF3a:H93Q)	12	12930	0.0009280742459396752	25372	25671
C25416T(ORF3a:F8F) C25515T(ORF3a:L41L) C25584T(ORF3a:T64T) A25659T(ORF3a:T89T)	11	15966	0.000688964048603282	25381	25660
(25382,1)(S:DEL1275) C25416T(ORF3a:F8F) C25515T(ORF3a:L41L) C25584T(ORF3a:T64T)	11	18366	0.000598932810628335	25377	25592
C25416T(ORF3a:F8F) C25515T(ORF3a:L41L) C25584T(ORF3a:T64T) A25637T(ORF3a:N82I)	10	16691	0.0005991252770954406	25372	25656
