Covariants	Count	Max_count	Freq	Coverage_start	Coverage_end
C25416T(ORF3a:F8F)	160	208	0.7692307692307693	25380	25434
G22317T(S:G252V)	91	161	0.5652173913043478	22210	22347
G21718T(S:Q52H) T21810C(S:V83A)	59	106	0.5566037735849056	21674	21900
T21810C(S:V83A)	53	144	0.3680555555555556	21781	21900
C23525T(S:H655Y) G23562A	50	61	0.819672131147541	23411	23562
C22664A(S:L368I) C22674T(S:S371F) T22679C(S:S373P) C22686T(S:S375F) A22688G(S:T376A) G22775A(S:D405N)	43	54	0.7962962962962963	22589	22781
A23403G(S:D614G) C23525T(S:H655Y)	30	43	0.6976744186046512	23325	23561
A23403G(S:D614G)	30	75	0.4	23374	23439
C25416T(ORF3a:F8F) T25496A(ORF3a:I35K)	24	181	0.13259668508287292	25377	25518
T23385A	23	99	0.23232323232323232	23250	23385
T22200A(S:V213E) G22317T(S:G252V)	23	27	0.8518518518518519	22129	22339
C25000T(S:D1146D)	21	40	0.525	24926	25076
T22882G(S:N440K) G22895C(S:V445P) T22896C(S:V445P) G22898A(S:G446S) T22930A(S:F456L) T22942G(S:N460K) G22992A(S:S477N) C22995A(S:T478K) A23013C(S:E484A) T23018C(S:F486P) T23019C(S:F486P) T23031C(S:F490S) A23055G(S:Q498R) A23063T(S:N501Y) T23075C(S:Y505H)	20	66	0.30303030303030304	22850	23097
(24852,2)(S:DEL1098) C25000T(S:D1146D)	16	24	0.6666666666666666	24829	25076
G21987A(S:G142D) (21990,3)(S:DEL144) C22000A(S:H146Q) C22033A(S:F157L)	16	27	0.5925925925925926	21949	22098
A22320G(S:D253G)	15	161	0.09316770186335403	22298	22347
C23854A(S:N764K)	15	17	0.8823529411764706	23690	23910
A24424T(S:Q954H) T24469A(S:N969K)	13	41	0.3170731707317073	24388	24621
T22882G(S:N440K) A22893C(S:K444T) G22895C(S:V445P) T22896C(S:V445P) G22898A(S:G446S) T22917G(S:L452R) T22930A(S:F456L) T22942G(S:N460K) G22992A(S:S477N) C22995A(S:T478K) A23013C(S:E484A) T23018C(S:F486P) T23019C(S:F486P) T23031C(S:F490S) A23055G(S:Q498R) A23063T(S:N501Y) T23075C(S:Y505H)	12	66	0.18181818181818182	22850	23097
A24388T A24424T(S:Q954H) T24469A(S:N969K) A24539G	12	36	0.3333333333333333	24386	24539
T22882G(S:N440K) G22895C(S:V445P) T22896C(S:V445P) G22898A(S:G446S) T22930A(S:F456L) T22942G(S:N460K) G22992A(S:S477N) C22995G(S:T478R) A23013C(S:E484A) T23018C(S:F486P) T23019C(S:F486P) T23031C(S:F490S) A23055G(S:Q498R) A23063T(S:N501Y) T23075C(S:Y505H)	11	66	0.16666666666666666	22850	23097
C23601T T23752A(S:S730S)	10	57	0.17543859649122806	23600	23752
