Covariants	Count	Max_count	Freq	Coverage_start	Coverage_end
T23599G(S:N679K) C23604A(S:P681H)	239	343	0.6967930029154519	23587	23665
T24469A(S:N969K)	92	201	0.4577114427860697	24464	24535
C25416T(ORF3a:F8F)	50	71	0.704225352112676	25382	25461
A23403G(S:D614G) C23525T(S:H655Y)	17	77	0.22077922077922077	23351	23529
C25000T(S:D1146D)	16	25	0.64	24984	25076
(25262,1)(S:DEL1235)	11	18	0.6111111111111112	25248	25331
T23075C(S:Y505H)	10	13	0.7692307692307693	23074	23156
