Covariants	Count	Max_count	Freq	Coverage_start	Coverage_end
T23599G(S:N679K) C23604A(S:P681H)	80	178	0.449438202247191	23590	23666
C23525T(S:H655Y) T23599G(S:N679K) C23604A(S:P681H)	14	61	0.22950819672131148	23485	23607
(23486,1)(S:DEL643) C23525T(S:H655Y) T23599G(S:N679K) C23604A(S:P681H)	12	46	0.2608695652173913	23471	23607
C25416T(ORF3a:F8F)	11	22	0.5	25381	25453
