Covariants	Count	Max_count	Freq	Coverage_start	Coverage_end
T23599G(S:N679K) C23604A(S:P681H)	17	83	0.20481927710843373	23579	23666
A24424T(S:Q954H) T24469A(S:N969K)	14	30	0.4666666666666667	24406	24488
