Covariants	Count	Max_count	Freq	Coverage_start	Coverage_end
T23599G(S:N679K) C23604A(S:P681H)	171	486	0.35185185185185186	23580	23664
A24424T(S:Q954H) T24469A(S:N969K)	94	148	0.6351351351351351	24416	24488
T23599G(S:N679K) C23604A(S:P681H) C23664T(S:A701V)	48	342	0.14035087719298245	23579	23666
C23525T(S:H655Y) T23599G(S:N679K) C23604A(S:P681H)	46	133	0.3458646616541353	23501	23607
(25262,1)(S:DEL1235)	43	85	0.5058823529411764	25248	25263
C25416T(ORF3a:F8F)	33	73	0.4520547945205479	25381	25442
A24424T(S:Q954H)	23	157	0.1464968152866242	24406	24488
C25000T(S:D1146D)	21	51	0.4117647058823529	24992	25004
T23487G C23525T(S:H655Y) T23599G(S:N679K) C23604A(S:P681H)	19	118	0.16101694915254236	23486	23607
(23486,1)(S:DEL643) C23525T(S:H655Y) T23599G(S:N679K) C23604A(S:P681H)	13	118	0.11016949152542373	23471	23607
T24469A(S:N969K)	13	200	0.065	24464	24544
C23525T(S:H655Y)	12	200	0.06	23505	23553
A23403G(S:D614G)	10	109	0.09174311926605505	23322	23410
T23599G(S:N679K) C23604A(S:P681H) (23666,'A')(S:INS703)	10	341	0.02932551319648094	23580	23666
