Covariants	Count	Max_count	Freq	Coverage_start	Coverage_end
C21618T(S:T19I) (21632,9)(S:DEL25/27)	643	665	0.9669172932330827	21591	21652
(21632,9)(S:DEL25/27)	10	665	0.015037593984962405	21590	21654
