Covariants	Count	Max_count	Freq	Coverage_start	Coverage_end
T23599G(S:N679K) C23604A(S:P681H)	903	2124	0.4251412429378531	23593	23645
A24424T(S:Q954H) T24469A(S:N969K)	240	419	0.5727923627684964	24416	24488
C23525T(S:H655Y) T23599G(S:N679K) C23604A(S:P681H)	180	638	0.28213166144200624	23516	23605
C25416T(ORF3a:F8F)	118	260	0.45384615384615384	25381	25451
T23487G C23525T(S:H655Y) T23599G(S:N679K) C23604A(S:P681H)	112	547	0.20475319926873858	23486	23607
(23486,1)(S:DEL643) C23525T(S:H655Y) T23599G(S:N679K) C23604A(S:P681H)	97	540	0.17962962962962964	23478	23607
A24424T(S:Q954H)	93	429	0.21678321678321677	24413	24488
T24469A(S:N969K)	86	654	0.13149847094801223	24464	24538
(25262,1)(S:DEL1235)	74	211	0.35071090047393366	25248	25263
A23403G(S:D614G)	66	421	0.15676959619952494	23376	23420
C25000T(S:D1146D)	57	159	0.3584905660377358	24984	25026
C23525T(S:H655Y)	49	821	0.05968331303288672	23499	23531
G22317T(S:G252V)	46	80	0.575	22256	22322
C23854A(S:N764K)	42	617	0.06807131280388978	23765	23879
(23334,1)(S:DEL592)	34	292	0.11643835616438356	23322	23336
(23334,1)(S:DEL592) A23403G(S:D614G)	33	238	0.13865546218487396	23322	23404
G22813T(S:K417N) T22882G(S:N440K) G22895C(S:V445P) T22896C(S:V445P) G22898A(S:G446S)	32	122	0.26229508196721313	22791	22898
(24981,1)(S:DEL1141) C25000T(S:D1146D)	25	89	0.2808988764044944	24849	25000
G22813T(S:K417N) T22882G(S:N440K) G22895C(S:V445P) T22896C(S:V445P) G22898A(S:G446S) T22942G(S:N460K)	21	67	0.31343283582089554	22803	22942
G22813T(S:K417N) T22882G(S:N440K) G22895C(S:V445P) T22896C(S:V445P)	18	142	0.1267605633802817	22791	22897
T22200A(S:V213E)	15	29	0.5172413793103449	22117	22200
T23599G(S:N679K) C23604A(S:P681H) C23635T(S:S691S)	14	2074	0.006750241080038573	23579	23645
T23599G(S:N679K) C23604A(S:P681H) C23625T(S:A688V)	13	2084	0.006238003838771593	23579	23700
G22813T(S:K417N) T22882G(S:N440K)	11	159	0.06918238993710692	22791	22888
T23599G(S:N679K) C23604A(S:P681H) G23612C(S:A684P)	11	2086	0.0052732502396931925	23579	23666
(24253,1)(S:DEL898)	11	170	0.06470588235294118	24226	24260
C21618T(S:T19I) (21632,9)(S:DEL25/27)	11	16	0.6875	21596	21667
