Covariants	Count	Max_count	Freq	Coverage_start	Coverage_end
T23599G(S:N679K) C23604A(S:P681H)	31	73	0.4246575342465753	23579	23664
A24424T(S:Q954H) T24469A(S:N969K)	11	17	0.6470588235294118	24406	24488
