Covariants	Count	Max_count	Freq	Coverage_start	Coverage_end
A23403G(S:D614G)	19	63	0.30158730158730157	23379	23404
G24620T(S:A1020S)	12	190	0.06315789473684211	24615	24620
