Covariants	Count	Max_count	Freq	Coverage_start	Coverage_end
T23599G(S:N679K) C23604A(S:P681H)	132	259	0.5096525096525096	23579	23663
A24424T(S:Q954H) T24469A(S:N969K)	33	53	0.6226415094339622	24406	24487
C23525T(S:H655Y) T23599G(S:N679K) C23604A(S:P681H)	31	72	0.4305555555555556	23508	23607
T24469A(S:N969K)	15	86	0.1744186046511628	24464	24545
C25416T(ORF3a:F8F)	15	30	0.5	25381	25452
A23403G(S:D614G)	11	59	0.1864406779661017	23351	23429
C23854A(S:N764K)	11	74	0.14864864864864866	23682	23890
A24424T(S:Q954H)	10	53	0.18867924528301888	24413	24488
