Covariants	Count	Max_count	Freq	Coverage_start	Coverage_end
C25416T(ORF3a:F8F)	129	179	0.7206703910614525	25377	25434
G22317T(S:G252V)	114	156	0.7307692307692307	22207	22347
C22664A(S:L368I) C22674T(S:S371F) T22679C(S:S373P) C22686T(S:S375F) A22688G(S:T376A) G22775A(S:D405N)	62	67	0.9253731343283582	22657	22781
T21810C(S:V83A)	45	86	0.5232558139534884	21765	21825
A23403G(S:D614G)	44	64	0.6875	23330	23468
T22882G(S:N440K) G22895C(S:V445P) T22896C(S:V445P) G22898A(S:G446S) T22942G(S:N460K) G22992A(S:S477N) C22995G(S:T478R) A23013C(S:E484A) T23018C(S:F486P) T23019C(S:F486P) T23031C(S:F490S) A23055G(S:Q498R) A23063T(S:N501Y) T23075C(S:Y505H)	29	83	0.3493975903614458	22850	23097
G21987A(S:G142D) (21990,3)(S:DEL144) C22000A(S:H146Q)	23	34	0.6764705882352942	21949	22098
C25000T(S:D1146D)	23	32	0.71875	24926	25076
T22882G(S:N440K) G22895C(S:V445P) T22896C(S:V445P) G22898A(S:G446S) T22930A(S:F456L) T22942G(S:N460K) G22992A(S:S477N) C22995A(S:T478K) A23013C(S:E484A) T23018C(S:F486P) T23019C(S:F486P) T23031C(S:F490S) A23055G(S:Q498R) A23063T(S:N501Y) T23075C(S:Y505H)	21	83	0.25301204819277107	22850	23097
T23385A	17	82	0.2073170731707317	23250	23385
C23525T(S:H655Y)	17	58	0.29310344827586204	23413	23561
T22200A(S:V213E) G22317T(S:G252V)	16	17	0.9411764705882353	22129	22347
G21718T(S:Q52H) T21810C(S:V83A)	13	67	0.19402985074626866	21674	21900
C23525T(S:H655Y) G23562A	13	29	0.4482758620689655	23411	23562
A22320G(S:D253G)	12	156	0.07692307692307693	22207	22347
A23403G(S:D614G) C23525T(S:H655Y)	11	19	0.5789473684210527	23325	23561
C23854A(S:N764K)	11	12	0.9166666666666666	23690	23910
T22882G(S:N440K) G22895C(S:V445P) T22896C(S:V445P) G22898A(S:G446S) T22942G(S:N460K) G22992A(S:S477N) C22995A(S:T478K) A23013C(S:E484A) T23018C(S:F486P) T23019C(S:F486P) T23031C(S:F490S) A23055G(S:Q498R) A23063T(S:N501Y) T23075C(S:Y505H)	10	83	0.12048192771084337	22850	23097
