Covariants	Count	Max_count	Freq	Coverage_start	Coverage_end
C25416T(ORF3a:F8F)	692	813	0.8511685116851169	25382	25434
G22317T(S:G252V)	293	402	0.7288557213930348	22299	22347
T21810C(S:V83A)	213	294	0.7244897959183674	21798	21825
A23403G(S:D614G)	129	168	0.7678571428571429	23325	23439
C23525T(S:H655Y) G23562A	98	124	0.7903225806451613	23411	23562
T23385A	91	265	0.3433962264150943	23250	23385
C25000T(S:D1146D)	59	64	0.921875	24926	25073
T22882G(S:N440K) G22895C(S:V445P) T22896C(S:V445P) G22898A(S:G446S) T22942G(S:N460K) G22992A(S:S477N) C22995A(S:T478K) A23013C(S:E484A) T23018C(S:F486P) T23019C(S:F486P) T23031C(S:F490S) A23055G(S:Q498R) A23063T(S:N501Y) T23075C(S:Y505H)	59	90	0.6555555555555556	22850	23097
C22664A(S:L368I) C22674T(S:S371F) T22679C(S:S373P) C22686T(S:S375F) A22688G(S:T376A) G22775A(S:D405N)	48	60	0.8	22658	22781
A24424T(S:Q954H) T24469A(S:N969K)	46	65	0.7076923076923077	24388	24537
G21987A(S:G142D) (21990,3)(S:DEL144) C22000A(S:H146Q)	30	37	0.8108108108108109	21949	22098
C25416T(ORF3a:F8F) (25488,1)(ORF3a:DEL33)	27	744	0.036290322580645164	25377	25518
T22200A(S:V213E) G22317T(S:G252V)	26	39	0.6666666666666666	22129	22347
T22200A(S:V213E)	23	67	0.34328358208955223	22129	22243
C23854A(S:N764K)	21	25	0.84	23761	23910
(21781,'A')(S:INS74) T21810C(S:V83A)	20	293	0.06825938566552901	21674	21900
(25397,1)(ORF3a:DEL3) C25416T(ORF3a:F8F)	17	813	0.020910209102091022	25368	25434
A23403G(S:D614G) C23525T(S:H655Y)	15	37	0.40540540540540543	23325	23561
C23525T(S:H655Y)	14	163	0.08588957055214724	23462	23561
A24388T A24424T(S:Q954H) T24469A(S:N969K) A24539G	14	57	0.24561403508771928	24387	24539
A23403G(S:D614G) C23525T(S:H655Y) T23599G(S:N679K) C23604A(S:P681H)	13	15	0.8666666666666667	23325	23664
G22331A(S:G257S)	13	402	0.03233830845771144	22307	22347
C23601T T23752A(S:S730S)	12	59	0.2033898305084746	23600	23752
