Covariants	Count	Max_count	Freq	Coverage_start	Coverage_end
T21810C(S:V83A)	109	195	0.558974358974359	21809	21812
C21618T(S:T19I) (21632,9)(S:DEL25/27)	40	106	0.37735849056603776	21613	21692
C21618T(S:T19I) (21632,9)(S:DEL25/27) T21810C(S:V83A)	31	50	0.62	21613	21817
G21718T(S:Q52H)	28	183	0.15300546448087432	21700	21733
C21618T(S:T19I) (21632,9)(S:DEL25/27) G21718T(S:Q52H)	24	96	0.25	21616	21722
G21718T(S:Q52H) T21810C(S:V83A)	12	104	0.11538461538461539	21705	21812
