Covariants	Count	Max_count	Freq	Coverage_start	Coverage_end
C25416T(ORF3a:F8F)	108	131	0.8244274809160306	25377	25423
G22317T(S:G252V)	30	98	0.30612244897959184	22207	22347
C22109G(S:Q183E) T22200A(S:V213E)	24	29	0.8275862068965517	22047	22243
(21764,6)(S:DEL69/70)	19	28	0.6785714285714286	21674	21790
A23403G(S:D614G)	19	27	0.7037037037037037	23325	23468
T22200A(S:V213E) G22317T(S:G252V)	13	23	0.5652173913043478	22129	22347
