Covariants	Count	Max_count	Freq	Coverage_start	Coverage_end
A23403G(S:D614G)	50	166	0.30120481927710846	23402	23404
C22109G(S:Q183E)	18	57	0.3157894736842105	22108	22114
