Covariants	Count	Max_count	Freq	Coverage_start	Coverage_end
T23599G(S:N679K) C23604A(S:P681H)	42	96	0.4375	23580	23666
A24424T(S:Q954H) T24469A(S:N969K)	13	29	0.4482758620689655	24413	24487
C23525T(S:H655Y) T23599G(S:N679K) C23604A(S:P681H)	12	29	0.41379310344827586	23501	23640
T24469A(S:N969K)	11	45	0.24444444444444444	24464	24541
