Covariants	Count	Max_count	Freq	Coverage_start	Coverage_end
C22109G(S:Q183E)	18	19	0.9473684210526315	22075	22113
T22942G(S:N460K)	18	30	0.6	22940	22946
A22056G(S:N165S)	11	135	0.08148148148148149	22029	22056
A23403G(S:D614G)	11	29	0.3793103448275862	23402	23404
