Covariants	Count	Max_count	Freq	Coverage_start	Coverage_end
T23599G(S:N679K) C23604A(S:P681H)	20	78	0.2564102564102564	23579	23666
A24424T(S:Q954H) T24469A(S:N969K)	14	24	0.5833333333333334	24406	24488
C23525T(S:H655Y) T23599G(S:N679K) C23604A(S:P681H)	12	36	0.3333333333333333	23485	23607
