Covariants	Count	Max_count	Freq	Coverage_start	Coverage_end
T24469A	62	69	0.8985507246376812	24468	24715
C21762T(S:A67V)	36	222	0.16216216216216217	21713	21763
T22882G(S:N440K)	35	38	0.9210526315789473	22837	22882
