Covariants	Count	Max_count	Freq	Coverage_start	Coverage_end
A24424T(S:Q954H) T24469A(S:N969K)	25	33	0.7575757575757576	24406	24488
T23599G(S:N679K) C23604A(S:P681H)	14	82	0.17073170731707318	23580	23666
T23599G(S:N679K) C23604A(S:P681H) C23707T(S:P715P)	11	40	0.275	23579	23708
C25416T(ORF3a:F8F)	11	23	0.4782608695652174	25371	25452
A23403G(S:D614G)	10	42	0.23809523809523808	23342	23415
T23487G C23525T(S:H655Y) T23599G(S:N679K) C23604A(S:P681H)	10	25	0.4	23486	23607
