Covariants	Count	Max_count	Freq	Coverage_start	Coverage_end
T23599G(S:N679K) C23604A(S:P681H)	211	475	0.4442105263157895	23593	23661
A24424T(S:Q954H) T24469A(S:N969K)	96	146	0.6575342465753424	24410	24488
C23525T(S:H655Y) T23599G(S:N679K) C23604A(S:P681H)	45	126	0.35714285714285715	23501	23607
C23854A(S:N764K)	21	132	0.1590909090909091	23681	23886
(23486,1)(S:DEL643) C23525T(S:H655Y) T23599G(S:N679K) C23604A(S:P681H)	16	100	0.16	23471	23607
A23403G(S:D614G)	14	134	0.1044776119402985	23296	23444
(23334,1)(S:DEL592)	13	92	0.14130434782608695	23285	23336
T24469A(S:N969K)	13	206	0.06310679611650485	24464	24545
(25262,1)(S:DEL1235)	13	46	0.2826086956521739	25248	25266
A24424T(S:Q954H)	12	148	0.08108108108108109	24406	24488
C23525T(S:H655Y)	11	206	0.05339805825242718	23471	23551
C25416T(ORF3a:F8F)	10	42	0.23809523809523808	25381	25481
