Covariants	Count	Max_count	Freq	Coverage_start	Coverage_end
A23063T(S:N501Y)	634	1151	0.5508253692441355	23061	23076
G23012A(S:E484K) A23063T(S:N501Y)	421	521	0.8080614203454894	23008	23063
C21614T(S:L18F) C21654T(S:S31F)	150	166	0.9036144578313253	21611	21654
C21614T(S:L18F)	97	266	0.36466165413533835	21575	21614
A22206G(S:D215G)	92	94	0.9787234042553191	22148	22207
G23012A(S:E484K)	68	531	0.128060263653484	23000	23042
A25277G(S:S1239G)	25	3522	0.007098239636570131	25260	25281
A22637C	15	17583	0.0008530967411704487	22526	22637
C21654T(S:S31F)	12	166	0.07228915662650602	21586	21674
T22499G(S:Y313D)	11	15933	0.0006903910123642755	22423	22524
G22638A(S:S359N)	11	17619	0.0006243260116919235	22633	22642
T22499A(S:Y313N)	10	15933	0.0006276281930584322	22433	22513
