Covariants	Count	Max_count	Freq	Coverage_start	Coverage_end
C23854A(S:N764K)	465	647	0.7187017001545595	23847	23854
T21810C(S:V83A)	268	480	0.5583333333333333	21809	21813
C21618T(S:T19I) (21632,9)(S:DEL25/27)	229	370	0.6189189189189189	21614	21654
T23599G(S:N679K) C23604A(S:P681H)	189	365	0.5178082191780822	23598	23624
A23403G(S:D614G)	164	218	0.7522935779816514	23367	23403
C25000T(S:D1146D) A25045G(S:S1161S)	163	216	0.7546296296296297	24997	25046
C23123T(S:P521S)	151	242	0.6239669421487604	23121	23185
T23599G(S:N679K) C23604A(S:P681H) T23659C(S:L699L)	71	359	0.1977715877437326	23598	23659
G21718T(S:Q52H)	57	485	0.11752577319587629	21713	21724
T23659C(S:L699L)	57	777	0.07335907335907337	23654	23714
A25045G(S:S1161S)	55	228	0.2412280701754386	25042	25069
C25000T(S:D1146D)	55	274	0.20072992700729927	24940	25000
C21618T(S:T19I) (21632,9)(S:DEL25/27) G21718T(S:Q52H)	54	238	0.226890756302521	21614	21719
T23599G(S:N679K) C23604A(S:P681H) C23854A(S:N764K)	53	83	0.6385542168674698	23598	23854
C21618T(S:T19I) (21632,9)(S:DEL25/27) T21810C(S:V83A)	52	96	0.5416666666666666	21614	21811
G21718T(S:Q52H) T21810C(S:V83A)	50	253	0.1976284584980237	21715	21811
T23659C(S:L699L) C23854A(S:N764K)	47	251	0.18725099601593626	23652	23854
G22317T(S:G252V)	23	53	0.4339622641509434	22310	22318
T22882G(S:N440K) G22895C(S:V445P) T22896C(S:V445P) G22898A(S:G446S) T22930A(S:F456L) T22942G(S:N460K)	23	173	0.1329479768786127	22881	22943
T23599G(S:N679K) C23604A(S:P681H) T23659C(S:L699L) C23854A(S:N764K)	22	83	0.26506024096385544	23598	23854
C23123T(S:P521S) A23403G(S:D614G)	22	27	0.8148148148148148	23113	23403
C21618T(S:T19I)	19	391	0.04859335038363171	21538	21621
C25416T(ORF3a:F8F)	19	19	1.0	25385	25464
G22775A(S:D405N) A22786C(S:R408S) G22813T(S:K417N)	17	112	0.15178571428571427	22773	22838
G22775A(S:D405N) A22786C(S:R408S) G22813T(S:K417N) T22882G(S:N440K) G22895C(S:V445P) T22896C(S:V445P) G22898A(S:G446S) T22930A(S:F456L) T22942G(S:N460K)	16	66	0.24242424242424243	22774	22942
T22200A(S:V213E)	16	32	0.5	22198	22264
T22942G(S:N460K) G22992A(S:S477N) C22995A(S:T478K) A23013C(S:E484A) T23018C(S:F486P) T23019C(S:F486P) T23031C(S:F490S)	11	100	0.11	22941	23031
T22200A(S:V213E) G22317T(S:G252V)	10	22	0.45454545454545453	22189	22319
