mutName	sample	ALT_FREQ	ALT_DP
C3037T	SRR25939637	1.0	1784
G3122T	SRR25939637	0.447927	929
C9534T	SRR25939637	1.0	1337
T9563C	SRR25939637	1.0	89
C9693T	SRR25939637	0.999126	1143
C9866T	SRR25939637	1.0	2369
C9943T	SRR25939637	0.567784	1491
C10029T	SRR25939637	0.999548	2213
T10047G	SRR25939637	0.593862	1490
G10447A	SRR25939637	1.0	294
C10449A	SRR25939637	1.0	335
C13818T	SRR25939637	1.0	1940
T14014A	SRR25939637	0.362069	42
C25000T	SRR25939637	1.0	665
C25416T	SRR25939637	1.0	192
C25584T	SRR25939637	1.0	146
C25703A	SRR25939637	1.0	347
A25905G	SRR25939637	0.154459	97
C26060T	SRR25939637	1.0	9570
A26161G	SRR25939637	0.631165	3532
C26270T	SRR25939637	0.999547	8830
A26275G	SRR25939637	0.99941	8475
C26577G	SRR25939637	1.0	394
A27259C	SRR25939637	1.0	596
G27382C	SRR25939637	1.0	417
A27383T	SRR25939637	1.0	375
T27384C	SRR25939637	1.0	398
C27807T	SRR25939637	1.0	3026
G27915T	SRR25939637	1.0	2100
A28271T	SRR25939637	1.0	888
T28297C	SRR25939637	1.0	1041
C28311T	SRR25939637	1.0	995
G28361-GAGAACGCA	SRR25939637	0.669643	450
A28363T	SRR25939637	1.0	49
G28881A	SRR25939637	1.0	2135
G28882A	SRR25939637	1.0	2020
G28883C	SRR25939637	1.0	2142
C29386T	SRR25939637	0.999453	1826
A29391C	SRR25939637	1.0	1839
A29510C	SRR25939637	1.0	1317
G29706T	SRR25939637	1.0	140
