REGION	POS	REF	ALT	REF_DP	REF_RV	REF_QUAL	ALT_DP	ALT_RV	ALT_QUAL	ALT_FREQ	TOTAL_DP	PVAL	PASS	GFF_FEATURE	REF_CODON	REF_AA	ALT_CODON	ALT_AA	POS_AA
NC_045512.2	2077	T	C	31	24	36	1	1	34	0.03125	32	0.507937	FALSE	NA	NA	NA	NA	NA	NA
NC_045512.2	5720	G	A	0	0	0	4	0	42	1	4	0.0285714	FALSE	NA	NA	NA	NA	NA	NA
NC_045512.2	5771	T	G	11	8	33	1	0	27	0.0833333	12	0.521739	FALSE	NA	NA	NA	NA	NA	NA
NC_045512.2	9693	C	T	8	6	34	2	2	26	0.2	10	0.263158	FALSE	NA	NA	NA	NA	NA	NA
NC_045512.2	12758	G	T	3	3	34	1	1	26	0.25	4	0.571429	FALSE	NA	NA	NA	NA	NA	NA
NC_045512.2	16881	A	T	0	0	0	1	0	34	1	1	1	FALSE	NA	NA	NA	NA	NA	NA
NC_045512.2	18492	A	G	0	0	0	3	3	34	1	3	0.1	FALSE	NA	NA	NA	NA	NA	NA
NC_045512.2	26108	A	T	8	0	34	1	0	26	0.111111	9	0.529412	FALSE	NA	NA	NA	NA	NA	NA
NC_045512.2	26200	A	T	43	32	35	1	1	26	0.0227273	44	0.505747	FALSE	NA	NA	NA	NA	NA	NA
NC_045512.2	26709	G	A	0	0	0	1	0	34	1	1	1	FALSE	NA	NA	NA	NA	NA	NA
NC_045512.2	26782	T	A	43	26	35	1	0	34	0.0227273	44	0.505747	FALSE	NA	NA	NA	NA	NA	NA
NC_045512.2	26833	C	T	25	23	38	3	3	31	0.107143	28	0.124871	FALSE	NA	NA	NA	NA	NA	NA
NC_045512.2	27384	T	C	0	0	0	1	1	34	1	1	1	FALSE	NA	NA	NA	NA	NA	NA
NC_045512.2	27915	G	T	0	0	0	10	10	31	1	10	1.08251e-05	TRUE	NA	NA	NA	NA	NA	NA
NC_045512.2	28271	A	T	0	0	0	13	13	33	1	13	1.92297e-07	TRUE	NA	NA	NA	NA	NA	NA
NC_045512.2	28363	A	T	0	0	0	13	0	32	1	13	1.92297e-07	TRUE	NA	NA	NA	NA	NA	NA
NC_045512.2	28370	A	G	0	0	0	1	0	34	1	1	1	FALSE	NA	NA	NA	NA	NA	NA
NC_045512.2	28420	T	C	48	29	37	1	1	27	0.0204082	49	0.505155	FALSE	NA	NA	NA	NA	NA	NA
NC_045512.2	29273	A	C	6	0	34	1	1	27	0.142857	7	0.538462	FALSE	NA	NA	NA	NA	NA	NA
