REGION	POS	REF	ALT	REF_DP	REF_RV	REF_QUAL	ALT_DP	ALT_RV	ALT_QUAL	ALT_FREQ	TOTAL_DP	PVAL	PASS	GFF_FEATURE	REF_CODON	REF_AA	ALT_CODON	ALT_AA	POS_AA
NC_045512.2	807	C	T	4	1	54	1	0	38	0.2	5	0.555556	FALSE	NA	NA	NA	NA	NA	NA
NC_045512.2	4184	G	A	0	0	0	2	0	38	1	2	0.333333	FALSE	NA	NA	NA	NA	NA	NA
NC_045512.2	5720	G	A	61	6	43	7	2	37	0.102941	68	0.00700301	TRUE	NA	NA	NA	NA	NA	NA
NC_045512.2	7927	A	G	2	2	33	1	1	39	0.333333	3	0.6	FALSE	NA	NA	NA	NA	NA	NA
NC_045512.2	9693	C	T	7	3	67	6	4	47	0.461538	13	0.00968944	TRUE	NA	NA	NA	NA	NA	NA
NC_045512.2	10029	C	T	0	0	0	2	2	38	1	2	0.333333	FALSE	NA	NA	NA	NA	NA	NA
NC_045512.2	13004	G	T	49	8	42	8	1	37	0.140351	57	0.00322914	TRUE	NA	NA	NA	NA	NA	NA
NC_045512.2	13072	C	T	63	49	41	1	1	33	0.015625	64	0.503937	FALSE	NA	NA	NA	NA	NA	NA
NC_045512.2	13620	C	T	0	0	0	3	0	36	1	3	0.1	FALSE	NA	NA	NA	NA	NA	NA
NC_045512.2	15714	C	T	0	0	0	16	6	38	1	16	3.32734e-09	TRUE	NA	NA	NA	NA	NA	NA
NC_045512.2	15738	C	T	0	0	0	56	7	38	1	56	5.12046e-33	TRUE	NA	NA	NA	NA	NA	NA
NC_045512.2	16342	T	C	0	0	0	6	5	38	1	6	0.0021645	TRUE	NA	NA	NA	NA	NA	NA
NC_045512.2	16878	A	T	5	4	38	2	0	38	0.285714	7	0.269231	FALSE	NA	NA	NA	NA	NA	NA
NC_045512.2	17859	T	C	0	0	0	5	5	34	1	5	0.00793651	TRUE	NA	NA	NA	NA	NA	NA
NC_045512.2	19326	A	G	0	0	0	2	0	38	1	2	0.333333	FALSE	NA	NA	NA	NA	NA	NA
NC_045512.2	21253	G	T	4	4	37	2	2	36	0.333333	6	0.272727	FALSE	NA	NA	NA	NA	NA	NA
NC_045512.2	23401	G	T	0	0	0	4	0	37	1	4	0.0285714	FALSE	NA	NA	NA	NA	NA	NA
NC_045512.2	23403	A	G	0	0	0	3	0	38	1	3	0.1	FALSE	NA	NA	NA	NA	NA	NA
NC_045512.2	25584	C	T	0	0	0	1	1	34	1	1	1	FALSE	NA	NA	NA	NA	NA	NA
NC_045512.2	26773	T	-GG	3	2	38	1	0	20	0.333333	3	0.666667	FALSE	NA	NA	NA	NA	NA	NA
NC_045512.2	27807	C	T	0	0	0	1	0	39	1	1	1	FALSE	NA	NA	NA	NA	NA	NA
NC_045512.2	27915	G	T	7	7	37	69	63	38	0.907895	76	2.06135e-35	TRUE	NA	NA	NA	NA	NA	NA
NC_045512.2	28152	A	G	59	0	39	1	0	39	0.0166667	60	0.504202	FALSE	NA	NA	NA	NA	NA	NA
NC_045512.2	28271	A	T	0	0	0	18	18	38	1	18	2.20382e-10	TRUE	NA	NA	NA	NA	NA	NA
NC_045512.2	28363	A	T	0	0	0	5	0	34	1	5	0.00793651	TRUE	NA	NA	NA	NA	NA	NA
NC_045512.2	29639	G	A	1	1	31	1	0	39	0.5	2	0.666667	FALSE	NA	NA	NA	NA	NA	NA
