REGION	POS	REF	ALT	REF_DP	REF_RV	REF_QUAL	ALT_DP	ALT_RV	ALT_QUAL	ALT_FREQ	TOTAL_DP	PVAL	PASS	GFF_FEATURE	REF_CODON	REF_AA	ALT_CODON	ALT_AA	POS_AA
NC_045512.2	462	A	T	4	0	34	1	0	26	0.2	5	0.555556	FALSE	NA	NA	NA	NA	NA	NA
NC_045512.2	9693	C	T	0	0	0	11	6	33	1	11	2.83514e-06	TRUE	NA	NA	NA	NA	NA	NA
NC_045512.2	13351	T	C	186	168	35	1	1	34	0.00534759	187	0.50134	FALSE	NA	NA	NA	NA	NA	NA
NC_045512.2	13378	C	T	223	218	34	1	1	34	0.00446429	224	0.501119	FALSE	NA	NA	NA	NA	NA	NA
NC_045512.2	15693	A	C	70	9	34	1	0	34	0.0140845	71	0.503546	FALSE	NA	NA	NA	NA	NA	NA
NC_045512.2	15698	T	A	90	9	35	1	0	26	0.010989	91	0.502762	FALSE	NA	NA	NA	NA	NA	NA
NC_045512.2	15714	C	T	0	0	0	10	6	32	1	10	1.08251e-05	TRUE	NA	NA	NA	NA	NA	NA
NC_045512.2	15738	C	T	0	0	0	50	5	32	1	50	1.98233e-29	TRUE	NA	NA	NA	NA	NA	NA
NC_045512.2	15772	A	G	131	92	35	17	10	33	0.114865	148	4.97434e-06	TRUE	NA	NA	NA	NA	NA	NA
NC_045512.2	16342	T	C	0	0	0	12	9	34	1	12	7.39602e-07	TRUE	NA	NA	NA	NA	NA	NA
NC_045512.2	16377	G	T	1	1	34	3	3	34	0.75	4	0.114286	FALSE	NA	NA	NA	NA	NA	NA
NC_045512.2	16878	A	T	12	9	36	2	1	34	0.142857	14	0.259259	FALSE	NA	NA	NA	NA	NA	NA
NC_045512.2	22000	C	A	0	0	0	1	0	34	1	1	1	FALSE	NA	NA	NA	NA	NA	NA
NC_045512.2	22109	C	G	0	0	0	3	1	34	1	3	0.1	FALSE	NA	NA	NA	NA	NA	NA
NC_045512.2	23403	A	G	0	0	0	15	3	34	1	15	1.28935e-08	TRUE	NA	NA	NA	NA	NA	NA
NC_045512.2	26200	A	T	34	28	40	1	1	26	0.0285714	35	0.507246	FALSE	NA	NA	NA	NA	NA	NA
NC_045512.2	28180	G	T	38	17	36	1	1	26	0.025641	39	0.506494	FALSE	NA	NA	NA	NA	NA	NA
NC_045512.2	28271	A	T	0	0	0	39	39	33	1	39	7.34834e-23	TRUE	NA	NA	NA	NA	NA	NA
NC_045512.2	28363	A	T	0	0	0	2	0	34	1	2	0.333333	FALSE	NA	NA	NA	NA	NA	NA
NC_045512.2	29301	A	T	67	12	34	1	0	26	0.0147059	68	0.503704	FALSE	NA	NA	NA	NA	NA	NA
