REGION	POS	REF	ALT	REF_DP	REF_RV	REF_QUAL	ALT_DP	ALT_RV	ALT_QUAL	ALT_FREQ	TOTAL_DP	PVAL	PASS	GFF_FEATURE	REF_CODON	REF_AA	ALT_CODON	ALT_AA	POS_AA
NC_045512.2	670	T	G	0	0	0	4	0	38	1	4	0.0285714	FALSE	NA	NA	NA	NA	NA	NA
NC_045512.2	5220	A	G	96	96	38	1	1	38	0.0103093	97	0.502591	FALSE	NA	NA	NA	NA	NA	NA
NC_045512.2	5231	T	C	34	34	38	1	1	38	0.0285714	35	0.507246	FALSE	NA	NA	NA	NA	NA	NA
NC_045512.2	12475	A	G	21	0	38	1	0	39	0.0454545	22	0.511628	FALSE	NA	NA	NA	NA	NA	NA
NC_045512.2	12486	T	C	64	7	47	1	0	39	0.0153846	65	0.503876	FALSE	NA	NA	NA	NA	NA	NA
NC_045512.2	12524	A	G	52	52	38	3	3	38	0.0545455	55	0.124968	FALSE	NA	NA	NA	NA	NA	NA
NC_045512.2	17692	T	C	2	1	39	1	0	39	0.333333	3	0.6	FALSE	NA	NA	NA	NA	NA	NA
NC_045512.2	23643	C	T	28	28	38	1	1	39	0.0344828	29	0.508772	FALSE	NA	NA	NA	NA	NA	NA
NC_045512.2	25621	G	A	5	0	37	13	0	37	0.722222	18	5.80355e-06	TRUE	NA	NA	NA	NA	NA	NA
NC_045512.2	25655	T	C	18	18	38	1	1	38	0.0526316	19	0.513514	FALSE	NA	NA	NA	NA	NA	NA
NC_045512.2	26577	C	G	0	0	0	2	0	36	1	2	0.333333	FALSE	NA	NA	NA	NA	NA	NA
NC_045512.2	28661	A	G	7	7	39	1	1	39	0.125	8	0.533333	FALSE	NA	NA	NA	NA	NA	NA
