REGION	POS	REF	ALT	REF_DP	REF_RV	REF_QUAL	ALT_DP	ALT_RV	ALT_QUAL	ALT_FREQ	TOTAL_DP	PVAL	PASS	GFF_FEATURE	REF_CODON	REF_AA	ALT_CODON	ALT_AA	POS_AA
NC_045512.2	2047	T	A	60	38	33	1	1	34	0.0163934	61	0.504132	FALSE	NA	NA	NA	NA	NA	NA
NC_045512.2	2079	T	C	38	31	36	1	1	34	0.025641	39	0.506494	FALSE	NA	NA	NA	NA	NA	NA
NC_045512.2	2116	T	C	23	23	33	1	1	34	0.0416667	24	0.510638	FALSE	NA	NA	NA	NA	NA	NA
NC_045512.2	4184	G	A	0	0	0	1	0	34	1	1	1	FALSE	NA	NA	NA	NA	NA	NA
NC_045512.2	5479	T	C	1	1	26	1	1	34	0.5	2	0.666667	FALSE	NA	NA	NA	NA	NA	NA
NC_045512.2	5720	G	A	0	0	0	6	0	32	1	6	0.0021645	TRUE	NA	NA	NA	NA	NA	NA
NC_045512.2	17794	G	A	0	0	0	1	1	34	1	1	1	FALSE	NA	NA	NA	NA	NA	NA
NC_045512.2	17859	T	C	0	0	0	1	1	34	1	1	1	FALSE	NA	NA	NA	NA	NA	NA
NC_045512.2	19326	A	G	0	0	0	1	0	34	1	1	1	FALSE	NA	NA	NA	NA	NA	NA
NC_045512.2	21718	G	T	0	0	0	1	0	26	1	1	1	FALSE	NA	NA	NA	NA	NA	NA
NC_045512.2	22109	C	G	0	0	0	4	3	34	1	4	0.0285714	FALSE	NA	NA	NA	NA	NA	NA
NC_045512.2	23403	A	G	0	0	0	8	2	34	1	8	0.0001554	TRUE	NA	NA	NA	NA	NA	NA
NC_045512.2	23466	T	G	10	4	40	1	1	26	0.0909091	11	0.52381	FALSE	NA	NA	NA	NA	NA	NA
NC_045512.2	26190	A	C	18	11	32	1	1	27	0.0526316	19	0.513514	FALSE	NA	NA	NA	NA	NA	NA
NC_045512.2	27885	T	G	31	20	35	1	1	26	0.03125	32	0.507937	FALSE	NA	NA	NA	NA	NA	NA
NC_045512.2	27915	G	T	0	0	0	20	15	32	1	20	1.45089e-11	TRUE	NA	NA	NA	NA	NA	NA
NC_045512.2	29301	A	T	13	3	38	1	0	34	0.0714286	14	0.518519	FALSE	NA	NA	NA	NA	NA	NA
