REGION	POS	REF	ALT	REF_DP	REF_RV	REF_QUAL	ALT_DP	ALT_RV	ALT_QUAL	ALT_FREQ	TOTAL_DP	PVAL	PASS	GFF_FEATURE	REF_CODON	REF_AA	ALT_CODON	ALT_AA	POS_AA
NC_045512.2	241	C	T	0	0	0	3	1	34	1	3	0.1	FALSE	NA	NA	NA	NA	NA	NA
NC_045512.2	9784	T	A	29	8	41	1	0	26	0.0333333	30	0.508475	FALSE	NA	NA	NA	NA	NA	NA
NC_045512.2	17410	C	T	0	0	0	30	20	33	1	30	1.69112e-17	TRUE	NA	NA	NA	NA	NA	NA
NC_045512.2	18656	C	T	238	99	39	1	1	26	0.0041841	239	0.876571	FALSE	NA	NA	NA	NA	NA	NA
NC_045512.2	18699	T	A	293	255	39	1	1	27	0.00340136	294	0.876277	FALSE	NA	NA	NA	NA	NA	NA
NC_045512.2	19955	C	T	0	0	0	9	4	34	1	9	4.11353e-05	TRUE	NA	NA	NA	NA	NA	NA
NC_045512.2	22930	T	A	0	0	0	1	0	34	1	1	1	FALSE	NA	NA	NA	NA	NA	NA
NC_045512.2	22942	T	G	0	0	0	8	8	34	1	8	0.0001554	TRUE	NA	NA	NA	NA	NA	NA
NC_045512.2	22992	G	A	0	0	0	2	2	30	1	2	0.333333	FALSE	NA	NA	NA	NA	NA	NA
NC_045512.2	22995	C	A	0	0	0	2	2	34	1	2	0.333333	FALSE	NA	NA	NA	NA	NA	NA
NC_045512.2	23742	T	C	5	2	40	2	0	34	0.285714	7	0.269231	FALSE	NA	NA	NA	NA	NA	NA
NC_045512.2	27807	C	T	0	0	0	35	35	33	1	35	1.78275e-20	TRUE	NA	NA	NA	NA	NA	NA
