REGION	POS	REF	ALT	REF_DP	REF_RV	REF_QUAL	ALT_DP	ALT_RV	ALT_QUAL	ALT_FREQ	TOTAL_DP	PVAL	PASS	GFF_FEATURE	REF_CODON	REF_AA	ALT_CODON	ALT_AA	POS_AA
NC_045512.2	5720	G	A	14	2	41	8	1	38	0.363636	22	0.00220518	TRUE	NA	NA	NA	NA	NA	NA
NC_045512.2	6925	A	T	1	0	39	1	0	39	0.5	2	0.666667	FALSE	NA	NA	NA	NA	NA	NA
NC_045512.2	8461	T	-G	51	3	40	1	0	20	0.0196078	51	0.509804	FALSE	NA	NA	NA	NA	NA	NA
NC_045512.2	8574	T	G	61	61	38	1	1	33	0.016129	62	0.504065	FALSE	NA	NA	NA	NA	NA	NA
NC_045512.2	9693	C	T	4	4	38	5	5	38	0.555556	9	0.020362	FALSE	NA	NA	NA	NA	NA	NA
NC_045512.2	15714	C	T	0	0	0	14	3	38	1	14	4.98547e-08	TRUE	NA	NA	NA	NA	NA	NA
NC_045512.2	15738	C	T	0	0	0	43	4	38	1	43	3.01316e-25	TRUE	NA	NA	NA	NA	NA	NA
NC_045512.2	16016	T	C	74	3	40	1	0	38	0.0133333	75	0.503356	FALSE	NA	NA	NA	NA	NA	NA
NC_045512.2	16342	T	C	0	0	0	4	4	38	1	4	0.0285714	FALSE	NA	NA	NA	NA	NA	NA
NC_045512.2	17859	T	C	0	0	0	1	1	38	1	1	1	FALSE	NA	NA	NA	NA	NA	NA
NC_045512.2	18492	A	G	3	3	38	2	2	38	0.4	5	0.277778	FALSE	NA	NA	NA	NA	NA	NA
NC_045512.2	18703	G	T	3	0	38	1	0	39	0.25	4	0.571429	FALSE	NA	NA	NA	NA	NA	NA
NC_045512.2	19326	A	G	0	0	0	1	0	38	1	1	1	FALSE	NA	NA	NA	NA	NA	NA
NC_045512.2	19398	G	A	5	2	38	1	1	35	0.166667	6	0.545455	FALSE	NA	NA	NA	NA	NA	NA
NC_045512.2	20289	A	-C	28	12	39	1	0	20	0.0357143	28	0.517857	FALSE	NA	NA	NA	NA	NA	NA
NC_045512.2	23403	A	G	0	0	0	18	10	38	1	18	2.20382e-10	TRUE	NA	NA	NA	NA	NA	NA
NC_045512.2	24594	A	T	3	1	39	1	0	39	0.25	4	0.571429	FALSE	NA	NA	NA	NA	NA	NA
NC_045512.2	27384	T	C	0	0	0	1	1	38	1	1	1	FALSE	NA	NA	NA	NA	NA	NA
NC_045512.2	27915	G	T	0	0	0	10	7	38	1	10	1.08251e-05	TRUE	NA	NA	NA	NA	NA	NA
NC_045512.2	28271	A	T	0	0	0	32	32	38	1	32	1.09133e-18	TRUE	NA	NA	NA	NA	NA	NA
NC_045512.2	28363	A	T	0	0	0	1	0	39	1	1	1	FALSE	NA	NA	NA	NA	NA	NA
NC_045512.2	28677	C	T	13	1	38	2	0	39	0.133333	15	0.258621	FALSE	NA	NA	NA	NA	NA	NA
NC_045512.2	29296	C	T	16	4	45	1	0	39	0.0588235	17	0.515152	FALSE	NA	NA	NA	NA	NA	NA
