REGION	POS	REF	ALT	REF_DP	REF_RV	REF_QUAL	ALT_DP	ALT_RV	ALT_QUAL	ALT_FREQ	TOTAL_DP	PVAL	PASS	GFF_FEATURE	REF_CODON	REF_AA	ALT_CODON	ALT_AA	POS_AA
NC_045512.2	3037	C	T	0	0	0	2	0	46	1	2	0.333333	FALSE	NA	NA	NA	NA	NA	NA
NC_045512.2	3544	T	C	0	0	0	1	1	68	1	1	1	FALSE	NA	NA	NA	NA	NA	NA
NC_045512.2	8123	C	T	1	1	34	1	0	34	0.5	2	0.666667	FALSE	NA	NA	NA	NA	NA	NA
NC_045512.2	9424	A	G	0	0	0	2	1	34	1	2	0.333333	FALSE	NA	NA	NA	NA	NA	NA
NC_045512.2	13172	G	A	0	0	0	1	1	68	1	1	1	FALSE	NA	NA	NA	NA	NA	NA
NC_045512.2	17410	C	T	0	0	0	2	1	30	1	2	0.333333	FALSE	NA	NA	NA	NA	NA	NA
NC_045512.2	22664	C	A	0	0	0	1	1	46	1	1	1	FALSE	NA	NA	NA	NA	NA	NA
NC_045512.2	22674	C	T	0	0	0	1	1	68	1	1	1	FALSE	NA	NA	NA	NA	NA	NA
NC_045512.2	22679	T	C	0	0	0	1	1	68	1	1	1	FALSE	NA	NA	NA	NA	NA	NA
NC_045512.2	22686	C	T	0	0	0	1	1	46	1	1	1	FALSE	NA	NA	NA	NA	NA	NA
NC_045512.2	22688	A	G	0	0	0	1	1	68	1	1	1	FALSE	NA	NA	NA	NA	NA	NA
NC_045512.2	22775	G	A	0	0	0	1	1	34	1	1	1	FALSE	NA	NA	NA	NA	NA	NA
NC_045512.2	25584	C	T	0	0	0	1	0	52	1	1	1	FALSE	NA	NA	NA	NA	NA	NA
NC_045512.2	28361	G	-GAGAACGCA	1	0	34	1	0	20	1	1	1	FALSE	NA	NA	NA	NA	NA	NA
NC_045512.2	28419	C	T	1	0	68	1	1	34	0.5	2	0.666667	FALSE	NA	NA	NA	NA	NA	NA
NC_045512.2	28627	A	T	2	1	30	3	3	28	0.6	5	0.119048	FALSE	NA	NA	NA	NA	NA	NA
