REGION	POS	REF	ALT	REF_DP	REF_RV	REF_QUAL	ALT_DP	ALT_RV	ALT_QUAL	ALT_FREQ	TOTAL_DP	PVAL	PASS	GFF_FEATURE	REF_CODON	REF_AA	ALT_CODON	ALT_AA	POS_AA
NC_045512.2	5450	A	T	0	0	0	1	1	34	1	1	1	FALSE	NA	NA	NA	NA	NA	NA
NC_045512.2	5720	G	A	0	0	0	4	1	32	1	4	0.0285714	FALSE	NA	NA	NA	NA	NA	NA
NC_045512.2	9983	G	C	2	2	34	1	1	34	0.333333	3	0.6	FALSE	NA	NA	NA	NA	NA	NA
NC_045512.2	11503	T	G	12	3	34	1	0	34	0.0769231	13	0.52	FALSE	NA	NA	NA	NA	NA	NA
NC_045512.2	15698	T	A	69	8	35	1	0	26	0.0142857	70	0.503597	FALSE	NA	NA	NA	NA	NA	NA
NC_045512.2	15714	C	T	0	0	0	8	4	34	1	8	0.0001554	TRUE	NA	NA	NA	NA	NA	NA
NC_045512.2	15738	C	T	0	0	0	28	4	32	1	28	2.61483e-16	TRUE	NA	NA	NA	NA	NA	NA
NC_045512.2	15785	T	C	144	127	40	1	1	34	0.00689655	145	0.50173	FALSE	NA	NA	NA	NA	NA	NA
NC_045512.2	16342	T	C	0	0	0	1	1	34	1	1	1	FALSE	NA	NA	NA	NA	NA	NA
NC_045512.2	17859	T	C	0	0	0	1	1	34	1	1	1	FALSE	NA	NA	NA	NA	NA	NA
NC_045512.2	18703	G	T	0	0	0	1	0	34	1	1	1	FALSE	NA	NA	NA	NA	NA	NA
NC_045512.2	19326	A	G	0	0	0	2	0	34	1	2	0.333333	FALSE	NA	NA	NA	NA	NA	NA
NC_045512.2	20559	A	G	5	1	34	1	1	34	0.166667	6	0.545455	FALSE	NA	NA	NA	NA	NA	NA
NC_045512.2	21718	G	T	3	2	49	2	0	34	0.4	5	0.277778	FALSE	NA	NA	NA	NA	NA	NA
NC_045512.2	23123	C	T	0	0	0	2	0	34	1	2	0.333333	FALSE	NA	NA	NA	NA	NA	NA
NC_045512.2	23379	A	C	6	1	38	1	0	26	0.142857	7	0.538462	FALSE	NA	NA	NA	NA	NA	NA
NC_045512.2	23403	A	G	0	0	0	4	1	34	1	4	0.0285714	FALSE	NA	NA	NA	NA	NA	NA
NC_045512.2	28186	T	G	34	25	33	1	0	34	0.0285714	35	0.507246	FALSE	NA	NA	NA	NA	NA	NA
NC_045512.2	28271	A	T	0	0	0	30	30	33	1	30	1.69112e-17	TRUE	NA	NA	NA	NA	NA	NA
NC_045512.2	29618	A	T	3	0	31	1	0	26	0.25	4	0.571429	FALSE	NA	NA	NA	NA	NA	NA
