REGION	POS	REF	ALT	REF_DP	REF_RV	REF_QUAL	ALT_DP	ALT_RV	ALT_QUAL	ALT_FREQ	TOTAL_DP	PVAL	PASS	GFF_FEATURE	REF_CODON	REF_AA	ALT_CODON	ALT_AA	POS_AA
NC_045512.2	5720	G	A	0	0	0	107	6	35	1	107	1.39439e-63	TRUE	NA	NA	NA	NA	NA	NA
NC_045512.2	7586	G	T	128	55	36	1	1	26	0.00775194	129	0.752918	FALSE	NA	NA	NA	NA	NA	NA
NC_045512.2	7908	A	T	42	37	38	1	1	26	0.0232558	43	0.505882	FALSE	NA	NA	NA	NA	NA	NA
NC_045512.2	8199	A	T	7	3	37	1	1	26	0.125	8	0.533333	FALSE	NA	NA	NA	NA	NA	NA
NC_045512.2	8458	T	A	202	8	35	1	0	34	0.00492611	203	0.501235	FALSE	NA	NA	NA	NA	NA	NA
NC_045512.2	8574	T	C	195	195	33	1	1	34	0.00510204	196	0.501279	FALSE	NA	NA	NA	NA	NA	NA
NC_045512.2	15110	T	A	76	6	36	1	0	34	0.012987	77	0.503268	FALSE	NA	NA	NA	NA	NA	NA
NC_045512.2	17859	T	C	0	0	0	22	20	33	1	22	9.50526e-13	TRUE	NA	NA	NA	NA	NA	NA
NC_045512.2	18492	A	G	0	0	0	4	4	34	1	4	0.0285714	FALSE	NA	NA	NA	NA	NA	NA
NC_045512.2	19708	A	T	58	32	34	1	1	26	0.0169492	59	0.504274	FALSE	NA	NA	NA	NA	NA	NA
NC_045512.2	23351	G	A	68	0	33	1	0	34	0.0144928	69	0.50365	FALSE	NA	NA	NA	NA	NA	NA
NC_045512.2	23403	A	G	0	0	0	48	22	33	1	48	3.10797e-28	TRUE	NA	NA	NA	NA	NA	NA
NC_045512.2	23417	G	C	62	25	34	2	0	34	0.03125	64	0.251969	FALSE	NA	NA	NA	NA	NA	NA
NC_045512.2	25496	T	A	0	0	0	1	0	34	1	1	1	FALSE	NA	NA	NA	NA	NA	NA
NC_045512.2	25584	C	T	0	0	0	2	2	34	1	2	0.333333	FALSE	NA	NA	NA	NA	NA	NA
NC_045512.2	26740	T	C	533	15	35	1	0	34	0.00187266	534	0.500469	FALSE	NA	NA	NA	NA	NA	NA
NC_045512.2	27382	G	C	0	0	0	2	2	34	1	2	0.333333	FALSE	NA	NA	NA	NA	NA	NA
NC_045512.2	27384	T	C	0	0	0	3	1	34	1	3	0.1	FALSE	NA	NA	NA	NA	NA	NA
NC_045512.2	28363	A	T	0	0	0	9	0	34	1	9	4.11353e-05	TRUE	NA	NA	NA	NA	NA	NA
NC_045512.2	28447	A	G	0	0	0	8	8	34	1	8	0.0001554	TRUE	NA	NA	NA	NA	NA	NA
