REGION	POS	REF	ALT	REF_DP	REF_RV	REF_QUAL	ALT_DP	ALT_RV	ALT_QUAL	ALT_FREQ	TOTAL_DP	PVAL	PASS	GFF_FEATURE	REF_CODON	REF_AA	ALT_CODON	ALT_AA	POS_AA
NC_045512.2	241	C	T	0	0	0	2	2	34	1	2	0.333333	FALSE	NA	NA	NA	NA	NA	NA
NC_045512.2	4321	C	T	0	0	0	1	1	34	1	1	1	FALSE	NA	NA	NA	NA	NA	NA
NC_045512.2	13233	G	T	14	2	43	1	0	26	0.0666667	15	0.517241	FALSE	NA	NA	NA	NA	NA	NA
NC_045512.2	13286	G	A	7	5	38	1	0	34	0.125	8	0.533333	FALSE	NA	NA	NA	NA	NA	NA
NC_045512.2	13616	A	G	56	4	34	1	0	34	0.0175439	57	0.504425	FALSE	NA	NA	NA	NA	NA	NA
NC_045512.2	16183	T	-A	25	8	37	2	0	20	0.08	25	0.275294	FALSE	NA	NA	NA	NA	NA	NA
NC_045512.2	17410	C	T	0	0	0	4	3	34	1	4	0.0285714	FALSE	NA	NA	NA	NA	NA	NA
NC_045512.2	18703	G	T	25	21	37	11	11	34	0.305556	36	0.000234639	TRUE	NA	NA	NA	NA	NA	NA
NC_045512.2	19326	A	G	0	0	0	2	1	34	1	2	0.333333	FALSE	NA	NA	NA	NA	NA	NA
NC_045512.2	19562	T	G	30	6	42	1	0	34	0.0322581	31	0.508197	FALSE	NA	NA	NA	NA	NA	NA
NC_045512.2	19955	C	T	0	0	0	1	1	34	1	1	1	FALSE	NA	NA	NA	NA	NA	NA
NC_045512.2	22942	T	G	0	0	0	3	3	31	1	3	0.1	FALSE	NA	NA	NA	NA	NA	NA
NC_045512.2	23230	C	T	6	0	32	1	0	34	0.142857	7	0.538462	FALSE	NA	NA	NA	NA	NA	NA
NC_045512.2	25584	C	T	0	0	0	1	1	34	1	1	1	FALSE	NA	NA	NA	NA	NA	NA
NC_045512.2	26236	T	C	3	3	31	1	1	34	0.25	4	0.571429	FALSE	NA	NA	NA	NA	NA	NA
NC_045512.2	26577	C	G	0	0	0	1	1	34	1	1	1	FALSE	NA	NA	NA	NA	NA	NA
NC_045512.2	27384	T	C	0	0	0	4	0	32	1	4	0.0285714	FALSE	NA	NA	NA	NA	NA	NA
NC_045512.2	27807	C	T	0	0	0	2	2	34	1	2	0.333333	FALSE	NA	NA	NA	NA	NA	NA
NC_045512.2	28297	T	C	0	0	0	2	0	34	1	2	0.333333	FALSE	NA	NA	NA	NA	NA	NA
NC_045512.2	28311	C	T	0	0	0	3	0	34	1	3	0.1	FALSE	NA	NA	NA	NA	NA	NA
NC_045512.2	28657	C	T	57	35	38	1	0	34	0.0172414	58	0.504348	FALSE	NA	NA	NA	NA	NA	NA
NC_045512.2	28727	G	T	22	19	44	1	1	26	0.0434783	23	0.511111	FALSE	NA	NA	NA	NA	NA	NA
NC_045512.2	29396	A	G	13	12	33	1	0	68	0.0714286	14	0.518519	FALSE	NA	NA	NA	NA	NA	NA
