REGION	POS	REF	ALT	REF_DP	REF_RV	REF_QUAL	ALT_DP	ALT_RV	ALT_QUAL	ALT_FREQ	TOTAL_DP	PVAL	PASS	GFF_FEATURE	REF_CODON	REF_AA	ALT_CODON	ALT_AA	POS_AA
NC_045512.2	1700	T	C	190	12	41	1	0	39	0.0052356	191	0.501312	FALSE	NA	NA	NA	NA	NA	NA
NC_045512.2	1723	T	C	103	79	40	9	3	38	0.0803571	112	0.00172175	TRUE	NA	NA	NA	NA	NA	NA
NC_045512.2	3317	C	T	1	1	39	2	2	37	0.666667	3	0.3	FALSE	NA	NA	NA	NA	NA	NA
NC_045512.2	5397	G	A	3	0	39	1	0	37	0.25	4	0.571429	FALSE	NA	NA	NA	NA	NA	NA
NC_045512.2	5720	G	A	0	0	0	11	2	46	1	11	2.83514e-06	TRUE	NA	NA	NA	NA	NA	NA
NC_045512.2	9693	C	T	3	3	38	2	1	36	0.4	5	0.277778	FALSE	NA	NA	NA	NA	NA	NA
NC_045512.2	13068	C	T	20	12	39	4	3	38	0.166667	24	0.0595745	FALSE	NA	NA	NA	NA	NA	NA
NC_045512.2	15690	T	-A	122	5	39	1	0	20	0.00819672	122	0.75511	FALSE	NA	NA	NA	NA	NA	NA
NC_045512.2	15714	C	T	0	0	0	11	4	38	1	11	2.83514e-06	TRUE	NA	NA	NA	NA	NA	NA
NC_045512.2	15738	C	T	0	0	0	39	2	38	1	39	7.34834e-23	TRUE	NA	NA	NA	NA	NA	NA
NC_045512.2	18492	A	G	0	0	0	1	1	39	1	1	1	FALSE	NA	NA	NA	NA	NA	NA
NC_045512.2	21718	G	T	0	0	0	1	1	39	1	1	1	FALSE	NA	NA	NA	NA	NA	NA
NC_045512.2	23403	A	G	0	0	0	17	7	38	1	17	8.57043e-10	TRUE	NA	NA	NA	NA	NA	NA
NC_045512.2	27384	T	C	0	0	0	1	0	33	1	1	1	FALSE	NA	NA	NA	NA	NA	NA
NC_045512.2	27915	G	T	0	0	0	11	10	38	1	11	2.83514e-06	TRUE	NA	NA	NA	NA	NA	NA
NC_045512.2	28271	A	T	0	0	0	43	43	38	1	43	3.01316e-25	TRUE	NA	NA	NA	NA	NA	NA
NC_045512.2	28363	A	T	0	0	0	4	0	37	1	4	0.0285714	FALSE	NA	NA	NA	NA	NA	NA
NC_045512.2	28370	A	G	0	0	0	1	0	39	1	1	1	FALSE	NA	NA	NA	NA	NA	NA
