REGION	POS	REF	ALT	REF_DP	REF_RV	REF_QUAL	ALT_DP	ALT_RV	ALT_QUAL	ALT_FREQ	TOTAL_DP	PVAL	PASS	GFF_FEATURE	REF_CODON	REF_AA	ALT_CODON	ALT_AA	POS_AA
NC_045512.2	241	C	T	0	0	0	3	3	34	1	3	0.1	FALSE	NA	NA	NA	NA	NA	NA
NC_045512.2	11101	A	T	0	0	0	3	3	34	1	3	0.1	FALSE	NA	NA	NA	NA	NA	NA
NC_045512.2	13248	T	A	3	1	45	1	0	34	0.25	4	0.571429	FALSE	NA	NA	NA	NA	NA	NA
NC_045512.2	13613	A	G	182	20	33	1	0	34	0.00546448	183	0.50137	FALSE	NA	NA	NA	NA	NA	NA
NC_045512.2	13617	G	T	186	20	34	35	1	34	0.158371	221	7.32649e-12	TRUE	NA	NA	NA	NA	NA	NA
NC_045512.2	13666	A	T	144	129	42	1	1	34	0.00689655	145	0.50173	FALSE	NA	NA	NA	NA	NA	NA
NC_045512.2	15217	A	T	10	4	33	1	0	34	0.0909091	11	0.52381	FALSE	NA	NA	NA	NA	NA	NA
NC_045512.2	16146	G	-T	102	15	41	1	0	20	0.00980392	102	0.756109	FALSE	NA	NA	NA	NA	NA	NA
NC_045512.2	16208	C	G	160	77	40	1	0	26	0.00621118	161	0.752336	FALSE	NA	NA	NA	NA	NA	NA
NC_045512.2	19326	A	G	0	0	0	6	6	34	1	6	0.0021645	TRUE	NA	NA	NA	NA	NA	NA
NC_045512.2	19590	T	A	98	40	36	1	1	26	0.010101	99	0.502538	FALSE	NA	NA	NA	NA	NA	NA
NC_045512.2	21147	T	-G	2	0	34	2	0	20	1	2	0.6	FALSE	NA	NA	NA	NA	NA	NA
NC_045512.2	21718	G	T	0	0	0	1	0	34	1	1	1	FALSE	NA	NA	NA	NA	NA	NA
NC_045512.2	22109	C	G	0	0	0	2	1	34	1	2	0.333333	FALSE	NA	NA	NA	NA	NA	NA
NC_045512.2	25540	G	A	8	1	42	1	0	34	0.111111	9	0.529412	FALSE	NA	NA	NA	NA	NA	NA
NC_045512.2	25572	C	T	1	0	34	3	2	34	0.75	4	0.114286	FALSE	NA	NA	NA	NA	NA	NA
NC_045512.2	25584	C	T	0	0	0	2	1	34	1	2	0.333333	FALSE	NA	NA	NA	NA	NA	NA
NC_045512.2	26270	C	T	0	0	0	4	4	32	1	4	0.0285714	FALSE	NA	NA	NA	NA	NA	NA
NC_045512.2	26275	A	G	0	0	0	1	1	34	1	1	1	FALSE	NA	NA	NA	NA	NA	NA
NC_045512.2	26577	C	G	0	0	0	4	4	34	1	4	0.0285714	FALSE	NA	NA	NA	NA	NA	NA
NC_045512.2	26858	C	T	0	0	0	1	1	34	1	1	1	FALSE	NA	NA	NA	NA	NA	NA
NC_045512.2	27778	A	T	8	4	50	1	1	27	0.111111	9	0.529412	FALSE	NA	NA	NA	NA	NA	NA
NC_045512.2	27807	C	T	0	0	0	14	13	33	1	14	4.98547e-08	TRUE	NA	NA	NA	NA	NA	NA
NC_045512.2	28627	A	T	175	8	36	1	0	26	0.00568182	176	0.752137	FALSE	NA	NA	NA	NA	NA	NA
NC_045512.2	28650	A	T	161	75	37	1	1	26	0.00617284	162	0.752322	FALSE	NA	NA	NA	NA	NA	NA
NC_045512.2	29068	T	C	22	19	42	4	4	34	0.153846	26	0.0598239	FALSE	NA	NA	NA	NA	NA	NA
