REGION	POS	REF	ALT	REF_DP	REF_RV	REF_QUAL	ALT_DP	ALT_RV	ALT_QUAL	ALT_FREQ	TOTAL_DP	PVAL	PASS	GFF_FEATURE	REF_CODON	REF_AA	ALT_CODON	ALT_AA	POS_AA
NC_045512.2	241	C	T	0	0	0	1	1	34	1	1	1	FALSE	NA	NA	NA	NA	NA	NA
NC_045512.2	1712	T	A	28	0	33	1	0	26	0.0344828	29	0.508772	FALSE	NA	NA	NA	NA	NA	NA
NC_045512.2	4285	G	T	12	5	35	1	1	27	0.0769231	13	0.52	FALSE	NA	NA	NA	NA	NA	NA
NC_045512.2	4543	C	T	0	0	0	1	0	34	1	1	1	FALSE	NA	NA	NA	NA	NA	NA
NC_045512.2	8050	T	A	0	0	0	1	1	34	1	1	1	FALSE	NA	NA	NA	NA	NA	NA
NC_045512.2	15588	C	T	0	0	0	3	3	31	1	3	0.1	FALSE	NA	NA	NA	NA	NA	NA
NC_045512.2	17124	T	C	0	0	0	1	1	34	1	1	1	FALSE	NA	NA	NA	NA	NA	NA
NC_045512.2	17410	C	T	0	0	0	1	1	34	1	1	1	FALSE	NA	NA	NA	NA	NA	NA
NC_045512.2	19326	A	G	0	0	0	1	1	34	1	1	1	FALSE	NA	NA	NA	NA	NA	NA
NC_045512.2	19955	C	T	0	0	0	9	6	36	1	9	4.11353e-05	TRUE	NA	NA	NA	NA	NA	NA
NC_045512.2	22109	C	G	0	0	0	7	7	34	1	7	0.000582751	TRUE	NA	NA	NA	NA	NA	NA
NC_045512.2	22942	T	G	0	0	0	1	1	68	1	1	1	FALSE	NA	NA	NA	NA	NA	NA
NC_045512.2	23403	A	G	0	0	0	1	0	34	1	1	1	FALSE	NA	NA	NA	NA	NA	NA
NC_045512.2	23948	G	T	0	0	0	1	1	34	1	1	1	FALSE	NA	NA	NA	NA	NA	NA
NC_045512.2	26270	C	T	0	0	0	1	1	34	1	1	1	FALSE	NA	NA	NA	NA	NA	NA
NC_045512.2	26577	C	G	0	0	0	1	1	34	1	1	1	FALSE	NA	NA	NA	NA	NA	NA
NC_045512.2	27114	C	A	7	0	34	1	0	27	0.125	8	0.533333	FALSE	NA	NA	NA	NA	NA	NA
NC_045512.2	27151	A	C	6	3	39	1	1	26	0.142857	7	0.538462	FALSE	NA	NA	NA	NA	NA	NA
NC_045512.2	27384	T	C	0	0	0	4	0	30	1	4	0.0285714	FALSE	NA	NA	NA	NA	NA	NA
NC_045512.2	27807	C	T	0	0	0	14	14	34	1	14	4.98547e-08	TRUE	NA	NA	NA	NA	NA	NA
NC_045512.2	28685	G	C	94	63	37	1	1	34	0.0105263	95	0.502646	FALSE	NA	NA	NA	NA	NA	NA
NC_045512.2	28715	A	T	81	72	38	1	1	34	0.0121951	82	0.503067	FALSE	NA	NA	NA	NA	NA	NA
NC_045512.2	29329	G	T	63	9	34	4	0	34	0.0597015	67	0.0615279	FALSE	NA	NA	NA	NA	NA	NA
NC_045512.2	29348	G	T	115	20	35	1	0	26	0.00862069	116	0.753247	FALSE	NA	NA	NA	NA	NA	NA
NC_045512.2	29389	A	T	223	112	39	1	1	26	0.00446429	224	0.876676	FALSE	NA	NA	NA	NA	NA	NA
NC_045512.2	29396	A	T	251	165	36	1	1	20	0.00396825	252	0.87649	FALSE	NA	NA	NA	NA	NA	NA
NC_045512.2	29397	A	T	267	166	40	1	1	27	0.00373134	268	0.876401	FALSE	NA	NA	NA	NA	NA	NA
NC_045512.2	29415	C	G	177	148	43	1	1	26	0.00561798	178	0.752113	FALSE	NA	NA	NA	NA	NA	NA
