REGION	POS	REF	ALT	REF_DP	REF_RV	REF_QUAL	ALT_DP	ALT_RV	ALT_QUAL	ALT_FREQ	TOTAL_DP	PVAL	PASS	GFF_FEATURE	REF_CODON	REF_AA	ALT_CODON	ALT_AA	POS_AA
NC_045512.2	5720	G	A	2	0	39	3	0	38	0.6	5	0.119048	FALSE	NA	NA	NA	NA	NA	NA
NC_045512.2	9693	C	T	3	2	47	1	0	35	0.25	4	0.571429	FALSE	NA	NA	NA	NA	NA	NA
NC_045512.2	10661	A	G	19	18	44	1	1	38	0.05	20	0.512821	FALSE	NA	NA	NA	NA	NA	NA
NC_045512.2	15714	C	T	0	0	0	10	3	38	1	10	1.08251e-05	TRUE	NA	NA	NA	NA	NA	NA
NC_045512.2	15738	C	T	0	0	0	14	0	38	1	14	4.98547e-08	TRUE	NA	NA	NA	NA	NA	NA
NC_045512.2	15765	A	T	105	49	44	1	1	39	0.00943396	106	0.50237	FALSE	NA	NA	NA	NA	NA	NA
NC_045512.2	16342	T	C	0	0	0	1	1	39	1	1	1	FALSE	NA	NA	NA	NA	NA	NA
NC_045512.2	16878	A	T	1	0	39	1	0	39	0.5	2	0.666667	FALSE	NA	NA	NA	NA	NA	NA
NC_045512.2	17454	T	-G	10	0	39	1	0	20	0.1	10	0.55	FALSE	NA	NA	NA	NA	NA	NA
NC_045512.2	17519	T	-TA	25	15	38	1	0	20	0.04	25	0.52	FALSE	NA	NA	NA	NA	NA	NA
NC_045512.2	17859	T	C	0	0	0	1	1	38	1	1	1	FALSE	NA	NA	NA	NA	NA	NA
NC_045512.2	18707	C	T	4	0	48	1	0	37	0.2	5	0.555556	FALSE	NA	NA	NA	NA	NA	NA
NC_045512.2	23403	A	G	0	0	0	5	1	38	1	5	0.00793651	TRUE	NA	NA	NA	NA	NA	NA
NC_045512.2	27915	G	T	0	0	0	5	5	39	1	5	0.00793651	TRUE	NA	NA	NA	NA	NA	NA
NC_045512.2	28271	A	T	0	0	0	7	7	39	1	7	0.000582751	TRUE	NA	NA	NA	NA	NA	NA
NC_045512.2	28363	A	T	0	0	0	1	0	37	1	1	1	FALSE	NA	NA	NA	NA	NA	NA
