REGION	POS	REF	ALT	REF_DP	REF_RV	REF_QUAL	ALT_DP	ALT_RV	ALT_QUAL	ALT_FREQ	TOTAL_DP	PVAL	PASS	GFF_FEATURE	REF_CODON	REF_AA	ALT_CODON	ALT_AA	POS_AA
NC_045512.2	8464	T	-A	44	0	38	23	0	20	0.522727	44	1.82076e-06	TRUE	NA	NA	NA	NA	NA	NA
NC_045512.2	8465	A	T	19	0	38	10	0	38	0.344828	29	1.21653e-05	TRUE	NA	NA	NA	NA	NA	NA
NC_045512.2	8484	T	C	83	3	39	1	0	37	0.0119048	84	0.502994	FALSE	NA	NA	NA	NA	NA	NA
NC_045512.2	22000	C	A	0	0	0	1	0	39	1	1	1	FALSE	NA	NA	NA	NA	NA	NA
NC_045512.2	22109	C	G	0	0	0	11	8	38	1	11	2.83514e-06	TRUE	NA	NA	NA	NA	NA	NA
NC_045512.2	24321	A	C	15	1	43	1	0	36	0.0625	16	0.516129	FALSE	NA	NA	NA	NA	NA	NA
NC_045512.2	27884	C	T	213	147	38	16	15	39	0.069869	229	1.20549e-05	TRUE	NA	NA	NA	NA	NA	NA
NC_045512.2	27915	G	T	0	0	0	212	184	38	1	212	1.19209e-126	TRUE	NA	NA	NA	NA	NA	NA
NC_045512.2	28005	C	T	0	0	0	2	0	39	1	2	0.333333	FALSE	NA	NA	NA	NA	NA	NA
NC_045512.2	28171	C	A	152	43	40	1	0	38	0.00653595	153	0.501639	FALSE	NA	NA	NA	NA	NA	NA
NC_045512.2	28268	A	+C	90	90	38	1	0	20	0.0111111	90	0.505556	FALSE	NA	NA	NA	NA	NA	NA
NC_045512.2	28271	A	T	1	1	37	87	87	38	0.988636	88	3.05961e-50	TRUE	NA	NA	NA	NA	NA	NA
NC_045512.2	28363	A	T	0	0	0	8	0	36	1	8	0.0001554	TRUE	NA	NA	NA	NA	NA	NA
NC_045512.2	29296	C	T	307	30	42	1	0	33	0.00324675	308	0.500813	FALSE	NA	NA	NA	NA	NA	NA
