REGION	POS	REF	ALT	REF_DP	REF_RV	REF_QUAL	ALT_DP	ALT_RV	ALT_QUAL	ALT_FREQ	TOTAL_DP	PVAL	PASS	GFF_FEATURE	REF_CODON	REF_AA	ALT_CODON	ALT_AA	POS_AA
NC_045512.2	1736	G	T	35	21	38	1	0	39	0.0277778	36	0.507042	FALSE	NA	NA	NA	NA	NA	NA
NC_045512.2	4184	G	A	0	0	0	1	0	39	1	1	1	FALSE	NA	NA	NA	NA	NA	NA
NC_045512.2	5720	G	A	32	4	45	5	0	38	0.135135	37	0.0290205	FALSE	NA	NA	NA	NA	NA	NA
NC_045512.2	9424	A	G	0	0	0	1	1	39	1	1	1	FALSE	NA	NA	NA	NA	NA	NA
NC_045512.2	9688	A	G	36	16	40	1	1	77	0.027027	37	0.506849	FALSE	NA	NA	NA	NA	NA	NA
NC_045512.2	11219	A	G	15	13	39	1	1	39	0.0625	16	0.516129	FALSE	NA	NA	NA	NA	NA	NA
NC_045512.2	13069	T	C	42	25	40	2	1	39	0.0454545	44	0.252874	FALSE	NA	NA	NA	NA	NA	NA
NC_045512.2	15714	C	T	0	0	0	18	4	38	1	18	2.20382e-10	TRUE	NA	NA	NA	NA	NA	NA
NC_045512.2	15738	C	T	0	0	0	51	2	38	1	51	5.00489e-30	TRUE	NA	NA	NA	NA	NA	NA
NC_045512.2	15805	C	G	125	125	38	4	4	39	0.0310078	129	0.062005	FALSE	NA	NA	NA	NA	NA	NA
NC_045512.2	16111	C	T	27	27	38	10	10	38	0.27027	37	0.000560625	TRUE	NA	NA	NA	NA	NA	NA
NC_045512.2	16335	T	C	2	2	39	1	1	38	0.333333	3	0.6	FALSE	NA	NA	NA	NA	NA	NA
NC_045512.2	16342	T	C	0	0	0	2	1	39	1	2	0.333333	FALSE	NA	NA	NA	NA	NA	NA
NC_045512.2	17859	T	C	0	0	0	1	1	38	1	1	1	FALSE	NA	NA	NA	NA	NA	NA
NC_045512.2	18492	A	G	2	2	38	2	2	39	0.5	4	0.285714	FALSE	NA	NA	NA	NA	NA	NA
NC_045512.2	19326	A	G	0	0	0	1	0	38	1	1	1	FALSE	NA	NA	NA	NA	NA	NA
NC_045512.2	21718	G	T	4	3	38	4	1	38	0.5	8	0.0512821	FALSE	NA	NA	NA	NA	NA	NA
NC_045512.2	23401	G	T	37	10	38	1	0	39	0.0263158	38	0.506667	FALSE	NA	NA	NA	NA	NA	NA
NC_045512.2	23403	A	G	0	0	0	33	11	38	1	33	2.7703e-19	TRUE	NA	NA	NA	NA	NA	NA
NC_045512.2	25584	C	T	0	0	0	3	3	39	1	3	0.1	FALSE	NA	NA	NA	NA	NA	NA
NC_045512.2	27384	T	C	0	0	0	1	1	35	1	1	1	FALSE	NA	NA	NA	NA	NA	NA
NC_045512.2	27915	G	T	0	0	0	8	8	38	1	8	0.0001554	TRUE	NA	NA	NA	NA	NA	NA
NC_045512.2	28209	G	C	84	43	38	10	6	39	0.106383	94	0.000801496	TRUE	NA	NA	NA	NA	NA	NA
NC_045512.2	28236	C	T	148	118	41	17	17	38	0.10303	165	5.2116e-06	TRUE	NA	NA	NA	NA	NA	NA
NC_045512.2	28271	A	T	0	0	0	92	92	38	1	92	1.38858e-54	TRUE	NA	NA	NA	NA	NA	NA
NC_045512.2	28363	A	T	0	0	0	5	0	34	1	5	0.00793651	TRUE	NA	NA	NA	NA	NA	NA
NC_045512.2	28881	G	A	0	0	0	1	1	38	1	1	1	FALSE	NA	NA	NA	NA	NA	NA
NC_045512.2	29003	C	+A	4	2	37	2	0	20	0.5	4	0.416667	FALSE	NA	NA	NA	NA	NA	NA
