REGION	POS	REF	ALT	REF_DP	REF_RV	REF_QUAL	ALT_DP	ALT_RV	ALT_QUAL	ALT_FREQ	TOTAL_DP	PVAL	PASS	GFF_FEATURE	REF_CODON	REF_AA	ALT_CODON	ALT_AA	POS_AA
NC_045512.2	1677	A	G	148	0	37	1	0	38	0.00671141	149	0.501684	FALSE	NA	NA	NA	NA	NA	NA
NC_045512.2	9964	T	C	20	12	42	1	1	34	0.047619	21	0.512195	FALSE	NA	NA	NA	NA	NA	NA
NC_045512.2	13054	T	G	290	229	39	1	1	39	0.00343643	291	0.500861	FALSE	NA	NA	NA	NA	NA	NA
NC_045512.2	13278	A	C	122	5	40	1	0	27	0.00813008	123	0.753061	FALSE	NA	NA	NA	NA	NA	NA
NC_045512.2	14309	G	A	23	22	43	1	1	39	0.0416667	24	0.510638	FALSE	NA	NA	NA	NA	NA	NA
NC_045512.2	15714	C	T	0	0	0	19	8	38	1	19	5.65847e-11	TRUE	NA	NA	NA	NA	NA	NA
NC_045512.2	15738	C	T	0	0	0	61	9	38	1	61	5.21795e-36	TRUE	NA	NA	NA	NA	NA	NA
NC_045512.2	15765	A	G	283	136	42	1	0	37	0.00352113	284	0.500882	FALSE	NA	NA	NA	NA	NA	NA
NC_045512.2	16030	A	T	578	60	42	1	0	39	0.00172712	579	0.500432	FALSE	NA	NA	NA	NA	NA	NA
NC_045512.2	16090	T	C	910	849	39	1	1	38	0.00109769	911	0.500275	FALSE	NA	NA	NA	NA	NA	NA
NC_045512.2	16094	T	C	925	871	39	1	1	39	0.00107991	926	0.50027	FALSE	NA	NA	NA	NA	NA	NA
NC_045512.2	16115	A	T	549	534	40	1	1	35	0.00181818	550	0.500455	FALSE	NA	NA	NA	NA	NA	NA
NC_045512.2	16342	T	C	0	0	0	17	15	38	1	17	8.57043e-10	TRUE	NA	NA	NA	NA	NA	NA
NC_045512.2	17124	T	C	0	0	0	4	0	38	1	4	0.0285714	FALSE	NA	NA	NA	NA	NA	NA
NC_045512.2	17466	A	G	211	0	37	1	0	38	0.00471698	212	0.501182	FALSE	NA	NA	NA	NA	NA	NA
NC_045512.2	17859	T	C	0	0	0	9	9	36	1	9	4.11353e-05	TRUE	NA	NA	NA	NA	NA	NA
NC_045512.2	18703	G	T	0	0	0	20	0	38	1	20	1.45089e-11	TRUE	NA	NA	NA	NA	NA	NA
NC_045512.2	19326	A	G	0	0	0	2	0	37	1	2	0.333333	FALSE	NA	NA	NA	NA	NA	NA
NC_045512.2	22942	T	G	0	0	0	1	0	39	1	1	1	FALSE	NA	NA	NA	NA	NA	NA
NC_045512.2	25908	T	A	135	132	39	1	1	38	0.00735294	136	0.501845	FALSE	NA	NA	NA	NA	NA	NA
NC_045512.2	26709	G	A	0	0	0	2	0	33	1	2	0.333333	FALSE	NA	NA	NA	NA	NA	NA
NC_045512.2	27384	T	C	0	0	0	3	1	35	1	3	0.1	FALSE	NA	NA	NA	NA	NA	NA
NC_045512.2	28177	T	C	218	75	45	1	0	37	0.00456621	219	0.501144	FALSE	NA	NA	NA	NA	NA	NA
NC_045512.2	28184	T	C	168	101	40	1	0	33	0.00591716	169	0.501484	FALSE	NA	NA	NA	NA	NA	NA
NC_045512.2	28271	A	T	0	0	0	124	124	38	1	124	8.73604e-74	TRUE	NA	NA	NA	NA	NA	NA
NC_045512.2	28748	C	A	58	54	39	1	1	39	0.0169492	59	0.504274	FALSE	NA	NA	NA	NA	NA	NA
