REGION	POS	REF	ALT	REF_DP	REF_RV	REF_QUAL	ALT_DP	ALT_RV	ALT_QUAL	ALT_FREQ	TOTAL_DP	PVAL	PASS	GFF_FEATURE	REF_CODON	REF_AA	ALT_CODON	ALT_AA	POS_AA
NC_045512.2	2065	C	T	22	13	41	1	0	39	0.0434783	23	0.511111	FALSE	NA	NA	NA	NA	NA	NA
NC_045512.2	5720	G	A	7	0	39	16	1	40	0.695652	23	3.79132e-07	TRUE	NA	NA	NA	NA	NA	NA
NC_045512.2	15714	C	T	0	0	0	7	2	37	1	7	0.000582751	TRUE	NA	NA	NA	NA	NA	NA
NC_045512.2	15738	C	T	0	0	0	23	1	37	1	23	2.42912e-13	TRUE	NA	NA	NA	NA	NA	NA
NC_045512.2	16092	C	T	51	49	40	9	9	38	0.15	60	0.00152839	TRUE	NA	NA	NA	NA	NA	NA
NC_045512.2	16342	T	C	2	1	39	3	3	38	0.6	5	0.119048	FALSE	NA	NA	NA	NA	NA	NA
NC_045512.2	17410	C	T	0	0	0	1	1	38	1	1	1	FALSE	NA	NA	NA	NA	NA	NA
NC_045512.2	17462	G	A	26	0	37	1	0	39	0.037037	27	0.509434	FALSE	NA	NA	NA	NA	NA	NA
NC_045512.2	19326	A	G	0	0	0	1	0	34	1	1	1	FALSE	NA	NA	NA	NA	NA	NA
NC_045512.2	20224	G	T	10	0	38	1	0	39	0.0909091	11	0.52381	FALSE	NA	NA	NA	NA	NA	NA
NC_045512.2	23403	A	G	0	0	0	1	0	39	1	1	1	FALSE	NA	NA	NA	NA	NA	NA
NC_045512.2	28271	A	T	0	0	0	16	16	38	1	16	3.32734e-09	TRUE	NA	NA	NA	NA	NA	NA
NC_045512.2	28363	A	T	0	0	0	1	0	29	1	1	1	FALSE	NA	NA	NA	NA	NA	NA
NC_045512.2	29296	C	T	8	1	39	1	0	39	0.111111	9	0.529412	FALSE	NA	NA	NA	NA	NA	NA
