REGION	POS	REF	ALT	REF_DP	REF_RV	REF_QUAL	ALT_DP	ALT_RV	ALT_QUAL	ALT_FREQ	TOTAL_DP	PVAL	PASS	GFF_FEATURE	REF_CODON	REF_AA	ALT_CODON	ALT_AA	POS_AA
NC_045512.2	1141	G	T	18	4	46	6	0	38	0.25	24	0.012535	FALSE	NA	NA	NA	NA	NA	NA
NC_045512.2	3037	C	T	0	0	0	2	2	39	1	2	0.333333	FALSE	NA	NA	NA	NA	NA	NA
NC_045512.2	3568	T	C	0	0	0	1	0	78	1	1	1	FALSE	NA	NA	NA	NA	NA	NA
NC_045512.2	7611	A	G	32	29	48	3	1	36	0.0857143	35	0.124919	FALSE	NA	NA	NA	NA	NA	NA
NC_045512.2	13018	T	C	142	46	41	1	0	38	0.00699301	143	0.501754	FALSE	NA	NA	NA	NA	NA	NA
NC_045512.2	15123	T	A	34	12	40	2	0	38	0.0555556	36	0.253521	FALSE	NA	NA	NA	NA	NA	NA
NC_045512.2	15669	T	A	210	0	36	2	0	39	0.00943396	212	0.250591	FALSE	NA	NA	NA	NA	NA	NA
NC_045512.2	15714	C	T	0	0	0	26	6	38	1	26	4.03292e-15	TRUE	NA	NA	NA	NA	NA	NA
NC_045512.2	15738	C	T	0	0	0	81	9	38	1	81	5.46586e-48	TRUE	NA	NA	NA	NA	NA	NA
NC_045512.2	15760	G	A	0	0	0	164	60	41	1	164	8.30844e-98	TRUE	NA	NA	NA	NA	NA	NA
NC_045512.2	16317	T	C	24	21	43	6	4	38	0.2	30	0.0131782	FALSE	NA	NA	NA	NA	NA	NA
NC_045512.2	16342	T	C	0	0	0	16	16	38	1	16	3.32734e-09	TRUE	NA	NA	NA	NA	NA	NA
NC_045512.2	17859	T	C	0	0	0	4	4	37	1	4	0.0285714	FALSE	NA	NA	NA	NA	NA	NA
NC_045512.2	18781	G	A	67	45	37	1	1	33	0.0147059	68	0.503704	FALSE	NA	NA	NA	NA	NA	NA
NC_045512.2	19326	A	G	0	0	0	3	0	36	1	3	0.1	FALSE	NA	NA	NA	NA	NA	NA
NC_045512.2	21718	G	T	19	14	40	2	0	39	0.0952381	21	0.256098	FALSE	NA	NA	NA	NA	NA	NA
NC_045512.2	23401	G	T	0	0	0	6	3	38	1	6	0.0021645	TRUE	NA	NA	NA	NA	NA	NA
NC_045512.2	23403	A	G	0	0	0	6	3	38	1	6	0.0021645	TRUE	NA	NA	NA	NA	NA	NA
NC_045512.2	24707	C	A	0	0	0	7	7	38	1	7	0.000582751	TRUE	NA	NA	NA	NA	NA	NA
NC_045512.2	26188	G	-A	37	14	39	1	0	20	0.027027	37	0.513514	FALSE	NA	NA	NA	NA	NA	NA
NC_045512.2	27384	T	C	0	0	0	2	0	39	1	2	0.333333	FALSE	NA	NA	NA	NA	NA	NA
NC_045512.2	27915	G	T	0	0	0	59	55	38	1	59	8.21129e-35	TRUE	NA	NA	NA	NA	NA	NA
NC_045512.2	28153	C	A	203	6	40	2	0	38	0.0097561	205	0.250611	FALSE	NA	NA	NA	NA	NA	NA
NC_045512.2	28271	A	T	0	0	0	88	88	38	1	88	3.47683e-52	TRUE	NA	NA	NA	NA	NA	NA
NC_045512.2	28297	T	C	0	0	0	2	2	38	1	2	0.333333	FALSE	NA	NA	NA	NA	NA	NA
NC_045512.2	28363	A	T	0	0	0	3	0	31	1	3	0.1	FALSE	NA	NA	NA	NA	NA	NA
