REGION	POS	REF	ALT	REF_DP	REF_RV	REF_QUAL	ALT_DP	ALT_RV	ALT_QUAL	ALT_FREQ	TOTAL_DP	PVAL	PASS	GFF_FEATURE	REF_CODON	REF_AA	ALT_CODON	ALT_AA	POS_AA
NC_045512.2	1220	A	C	2	2	34	1	0	27	0.333333	3	0.6	FALSE	NA	NA	NA	NA	NA	NA
NC_045512.2	14570	A	T	21	16	42	1	1	26	0.0454545	22	0.511628	FALSE	NA	NA	NA	NA	NA	NA
NC_045512.2	20339	T	C	73	64	38	2	2	30	0.0266667	75	0.251678	FALSE	NA	NA	NA	NA	NA	NA
NC_045512.2	20918	A	T	12	10	36	1	1	34	0.0769231	13	0.52	FALSE	NA	NA	NA	NA	NA	NA
NC_045512.2	21675	A	T	2	0	34	1	0	26	0.333333	3	0.6	FALSE	NA	NA	NA	NA	NA	NA
NC_045512.2	23187	A	T	11	10	33	1	1	34	0.0833333	12	0.521739	FALSE	NA	NA	NA	NA	NA	NA
NC_045512.2	23403	A	G	0	0	0	3	1	34	1	3	0.1	FALSE	NA	NA	NA	NA	NA	NA
NC_045512.2	23476	A	C	8	4	38	1	1	34	0.111111	9	0.529412	FALSE	NA	NA	NA	NA	NA	NA
NC_045512.2	25000	C	T	0	0	0	2	2	34	1	2	0.333333	FALSE	NA	NA	NA	NA	NA	NA
NC_045512.2	26123	T	A	22	2	33	1	0	26	0.0434783	23	0.511111	FALSE	NA	NA	NA	NA	NA	NA
NC_045512.2	26413	T	A	0	0	0	1	0	34	1	1	1	FALSE	NA	NA	NA	NA	NA	NA
NC_045512.2	26709	G	A	0	0	0	2	0	30	1	2	0.333333	FALSE	NA	NA	NA	NA	NA	NA
NC_045512.2	26792	G	C	19	4	37	1	1	27	0.05	20	0.512821	FALSE	NA	NA	NA	NA	NA	NA
NC_045512.2	27881	C	G	138	99	34	1	0	34	0.00719424	139	0.501805	FALSE	NA	NA	NA	NA	NA	NA
NC_045512.2	27886	A	T	150	115	37	1	1	34	0.00662252	151	0.501661	FALSE	NA	NA	NA	NA	NA	NA
NC_045512.2	27891	A	G	164	130	35	1	0	27	0.00606061	165	0.75228	FALSE	NA	NA	NA	NA	NA	NA
NC_045512.2	27892	A	C	154	130	36	1	1	26	0.00645161	155	0.752427	FALSE	NA	NA	NA	NA	NA	NA
NC_045512.2	27906	G	T	102	91	33	1	0	34	0.00970874	103	0.502439	FALSE	NA	NA	NA	NA	NA	NA
NC_045512.2	27915	G	T	0	0	0	90	70	33	1	90	2.19751e-53	TRUE	NA	NA	NA	NA	NA	NA
NC_045512.2	28271	A	T	0	0	0	9	9	34	1	9	4.11353e-05	TRUE	NA	NA	NA	NA	NA	NA
NC_045512.2	28363	A	T	0	0	0	5	0	34	1	5	0.00793651	TRUE	NA	NA	NA	NA	NA	NA
NC_045512.2	28370	A	G	0	0	0	2	0	34	1	2	0.333333	FALSE	NA	NA	NA	NA	NA	NA
NC_045512.2	28447	A	G	0	0	0	7	7	34	1	7	0.000582751	TRUE	NA	NA	NA	NA	NA	NA
