REGION	POS	REF	ALT	REF_DP	REF_RV	REF_QUAL	ALT_DP	ALT_RV	ALT_QUAL	ALT_FREQ	TOTAL_DP	PVAL	PASS	GFF_FEATURE	REF_CODON	REF_AA	ALT_CODON	ALT_AA	POS_AA
NC_045512.2	8464	T	-A	1	0	27	1	0	20	1	1	1	FALSE	NA	NA	NA	NA	NA	NA
NC_045512.2	8481	C	-T	1	0	24	1	0	20	1	1	1	FALSE	NA	NA	NA	NA	NA	NA
NC_045512.2	8520	A	G	0	0	0	1	0	28	1	1	1	FALSE	NA	NA	NA	NA	NA	NA
NC_045512.2	9314	G	-T	1	0	31	1	0	20	1	1	1	FALSE	NA	NA	NA	NA	NA	NA
NC_045512.2	9355	G	A	0	0	0	1	0	27	1	1	1	FALSE	NA	NA	NA	NA	NA	NA
NC_045512.2	11718	A	G	0	0	0	1	0	28	1	1	1	FALSE	NA	NA	NA	NA	NA	NA
NC_045512.2	11869	A	+G	1	0	29	1	0	20	1	1	1	FALSE	NA	NA	NA	NA	NA	NA
NC_045512.2	20413	T	C	0	0	0	2	0	27	1	2	0.333333	FALSE	NA	NA	NA	NA	NA	NA
NC_045512.2	20478	T	C	1	0	29	1	0	28	0.5	2	0.666667	FALSE	NA	NA	NA	NA	NA	NA
NC_045512.2	23525	C	T	0	0	0	1	1	27	1	1	1	FALSE	NA	NA	NA	NA	NA	NA
NC_045512.2	23594	A	G	0	0	0	1	1	27	1	1	1	FALSE	NA	NA	NA	NA	NA	NA
NC_045512.2	23599	T	G	0	0	0	1	1	28	1	1	1	FALSE	NA	NA	NA	NA	NA	NA
NC_045512.2	23604	C	A	0	0	0	1	1	30	1	1	1	FALSE	NA	NA	NA	NA	NA	NA
NC_045512.2	28881	G	A	0	0	0	1	0	23	1	1	1	FALSE	NA	NA	NA	NA	NA	NA
NC_045512.2	28883	G	C	0	0	0	1	0	23	1	1	1	FALSE	NA	NA	NA	NA	NA	NA
