REGION	POS	REF	ALT	REF_DP	REF_RV	REF_QUAL	ALT_DP	ALT_RV	ALT_QUAL	ALT_FREQ	TOTAL_DP	PVAL	PASS	GFF_FEATURE	REF_CODON	REF_AA	ALT_CODON	ALT_AA	POS_AA
NC_045512.2	1214	C	G	10	10	36	2	2	39	0.166667	12	0.26087	FALSE	NA	NA	NA	NA	NA	NA
NC_045512.2	3545	A	G	25	1	41	1	0	37	0.0384615	26	0.509804	FALSE	NA	NA	NA	NA	NA	NA
NC_045512.2	3638	G	T	5	5	38	2	2	39	0.285714	7	0.269231	FALSE	NA	NA	NA	NA	NA	NA
NC_045512.2	5493	C	A	20	20	43	2	2	35	0.0909091	22	0.255814	FALSE	NA	NA	NA	NA	NA	NA
NC_045512.2	9344	C	T	0	0	0	1	0	37	1	1	1	FALSE	NA	NA	NA	NA	NA	NA
NC_045512.2	9424	A	G	0	0	0	1	1	34	1	1	1	FALSE	NA	NA	NA	NA	NA	NA
NC_045512.2	10564	A	T	12	3	37	1	0	39	0.0769231	13	0.52	FALSE	NA	NA	NA	NA	NA	NA
NC_045512.2	12676	C	T	0	0	0	17	0	38	1	17	8.57043e-10	TRUE	NA	NA	NA	NA	NA	NA
NC_045512.2	13293	G	T	156	13	39	2	0	39	0.0126582	158	0.250794	FALSE	NA	NA	NA	NA	NA	NA
NC_045512.2	15193	G	C	0	0	0	4	2	36	1	4	0.0285714	FALSE	NA	NA	NA	NA	NA	NA
NC_045512.2	16948	C	A	39	34	44	1	1	31	0.025	40	0.506329	FALSE	NA	NA	NA	NA	NA	NA
NC_045512.2	17410	C	T	0	0	0	1	1	34	1	1	1	FALSE	NA	NA	NA	NA	NA	NA
NC_045512.2	17859	T	C	0	0	0	4	4	35	1	4	0.0285714	FALSE	NA	NA	NA	NA	NA	NA
NC_045512.2	18703	G	T	0	0	0	6	0	38	1	6	0.0021645	TRUE	NA	NA	NA	NA	NA	NA
NC_045512.2	19326	A	G	0	0	0	2	0	33	1	2	0.333333	FALSE	NA	NA	NA	NA	NA	NA
NC_045512.2	22101	A	T	0	0	0	1	1	39	1	1	1	FALSE	NA	NA	NA	NA	NA	NA
NC_045512.2	23403	A	G	0	0	0	4	2	37	1	4	0.0285714	FALSE	NA	NA	NA	NA	NA	NA
NC_045512.2	24626	G	T	136	85	41	2	0	39	0.0144928	138	0.250909	FALSE	NA	NA	NA	NA	NA	NA
NC_045512.2	27384	T	C	0	0	0	4	2	37	1	4	0.0285714	FALSE	NA	NA	NA	NA	NA	NA
NC_045512.2	27915	G	T	0	0	0	72	51	37	1	72	1.35116e-42	TRUE	NA	NA	NA	NA	NA	NA
NC_045512.2	28177	T	A	279	100	43	1	0	26	0.00357143	280	0.87634	FALSE	NA	NA	NA	NA	NA	NA
NC_045512.2	28199	T	G	216	124	38	1	1	27	0.00460829	217	0.87673	FALSE	NA	NA	NA	NA	NA	NA
NC_045512.2	28271	A	T	0	0	0	175	175	37	1	175	2.04614e-104	TRUE	NA	NA	NA	NA	NA	NA
NC_045512.2	28363	A	T	0	0	0	1	0	38	1	1	1	FALSE	NA	NA	NA	NA	NA	NA
NC_045512.2	28447	A	G	0	0	0	2	2	38	1	2	0.333333	FALSE	NA	NA	NA	NA	NA	NA
