REGION	POS	REF	ALT	REF_DP	REF_RV	REF_QUAL	ALT_DP	ALT_RV	ALT_QUAL	ALT_FREQ	TOTAL_DP	PVAL	PASS	GFF_FEATURE	REF_CODON	REF_AA	ALT_CODON	ALT_AA	POS_AA
NC_045512.2	1472	A	G	1	1	39	1	1	38	0.5	2	0.666667	FALSE	NA	NA	NA	NA	NA	NA
NC_045512.2	2961	A	G	10	0	38	1	0	37	0.0909091	11	0.52381	FALSE	NA	NA	NA	NA	NA	NA
NC_045512.2	3600	A	G	17	8	52	3	0	37	0.15	20	0.12474	FALSE	NA	NA	NA	NA	NA	NA
NC_045512.2	4184	G	A	0	0	0	7	1	39	1	7	0.000582751	TRUE	NA	NA	NA	NA	NA	NA
NC_045512.2	5427	C	A	56	26	38	1	1	30	0.0175439	57	0.504425	FALSE	NA	NA	NA	NA	NA	NA
NC_045512.2	5478	A	C	34	24	38	1	1	32	0.0285714	35	0.507246	FALSE	NA	NA	NA	NA	NA	NA
NC_045512.2	5720	G	A	0	0	0	5	0	38	1	5	0.00793651	TRUE	NA	NA	NA	NA	NA	NA
NC_045512.2	9693	C	T	27	15	44	14	7	38	0.341463	41	1.93278e-05	TRUE	NA	NA	NA	NA	NA	NA
NC_045512.2	11143	G	A	24	0	38	1	0	33	0.04	25	0.510204	FALSE	NA	NA	NA	NA	NA	NA
NC_045512.2	13048	T	C	69	48	41	2	0	38	0.028169	71	0.251773	FALSE	NA	NA	NA	NA	NA	NA
NC_045512.2	15714	C	T	0	0	0	5	1	36	1	5	0.00793651	TRUE	NA	NA	NA	NA	NA	NA
NC_045512.2	15738	C	T	0	0	0	14	0	38	1	14	4.98547e-08	TRUE	NA	NA	NA	NA	NA	NA
NC_045512.2	17859	T	C	0	0	0	6	6	36	1	6	0.0021645	TRUE	NA	NA	NA	NA	NA	NA
NC_045512.2	22109	C	G	0	0	0	6	2	37	1	6	0.0021645	TRUE	NA	NA	NA	NA	NA	NA
NC_045512.2	23403	A	G	0	0	0	1	1	39	1	1	1	FALSE	NA	NA	NA	NA	NA	NA
NC_045512.2	25288	T	C	12	7	38	1	1	34	0.0769231	13	0.52	FALSE	NA	NA	NA	NA	NA	NA
NC_045512.2	25584	C	T	0	0	0	2	2	32	1	2	0.333333	FALSE	NA	NA	NA	NA	NA	NA
NC_045512.2	26814	G	T	36	27	37	1	1	27	0.027027	37	0.506849	FALSE	NA	NA	NA	NA	NA	NA
NC_045512.2	26858	C	T	0	0	0	1	1	37	1	1	1	FALSE	NA	NA	NA	NA	NA	NA
NC_045512.2	27382	G	C	0	0	0	2	2	39	1	2	0.333333	FALSE	NA	NA	NA	NA	NA	NA
NC_045512.2	27384	T	C	0	0	0	2	0	36	1	2	0.333333	FALSE	NA	NA	NA	NA	NA	NA
NC_045512.2	27915	G	T	0	0	0	9	9	37	1	9	4.11353e-05	TRUE	NA	NA	NA	NA	NA	NA
NC_045512.2	28271	A	T	0	0	0	59	59	38	1	59	8.21129e-35	TRUE	NA	NA	NA	NA	NA	NA
