REGION	POS	REF	ALT	REF_DP	REF_RV	REF_QUAL	ALT_DP	ALT_RV	ALT_QUAL	ALT_FREQ	TOTAL_DP	PVAL	PASS	GFF_FEATURE	REF_CODON	REF_AA	ALT_CODON	ALT_AA	POS_AA
NC_045512.2	9344	C	T	0	0	0	3	1	39	1	3	0.1	FALSE	NA	NA	NA	NA	NA	NA
NC_045512.2	9693	C	T	0	0	0	38	22	41	1	38	2.90165e-22	TRUE	NA	NA	NA	NA	NA	NA
NC_045512.2	10260	A	G	161	47	39	1	0	36	0.00617284	162	0.501548	FALSE	NA	NA	NA	NA	NA	NA
NC_045512.2	10626	C	T	17	12	37	1	1	38	0.0555556	18	0.514286	FALSE	NA	NA	NA	NA	NA	NA
NC_045512.2	11575	C	T	0	0	0	5	5	36	1	5	0.00793651	TRUE	NA	NA	NA	NA	NA	NA
NC_045512.2	13352	T	G	161	142	42	1	1	36	0.00617284	162	0.501548	FALSE	NA	NA	NA	NA	NA	NA
NC_045512.2	13922	A	G	0	0	0	9	1	36	1	9	4.11353e-05	TRUE	NA	NA	NA	NA	NA	NA
NC_045512.2	16050	T	G	55	6	38	1	0	38	0.0178571	56	0.504505	FALSE	NA	NA	NA	NA	NA	NA
NC_045512.2	17859	T	C	0	0	0	13	13	37	1	13	1.92297e-07	TRUE	NA	NA	NA	NA	NA	NA
NC_045512.2	24629	A	C	32	19	42	1	1	36	0.030303	33	0.507692	FALSE	NA	NA	NA	NA	NA	NA
NC_045512.2	27915	G	T	0	0	0	59	52	37	1	59	8.21129e-35	TRUE	NA	NA	NA	NA	NA	NA
NC_045512.2	27943	A	C	64	54	42	1	1	30	0.0153846	65	0.503876	FALSE	NA	NA	NA	NA	NA	NA
NC_045512.2	28150	T	C	452	24	41	1	0	36	0.00220751	453	0.500552	FALSE	NA	NA	NA	NA	NA	NA
NC_045512.2	28161	T	A	345	51	41	30	1	37	0.08	375	5.30337e-10	TRUE	NA	NA	NA	NA	NA	NA
NC_045512.2	28254	A	G	348	320	42	1	0	24	0.00286533	349	0.938395	FALSE	NA	NA	NA	NA	NA	NA
NC_045512.2	28271	A	T	0	0	0	222	222	37	1	222	1.16334e-132	TRUE	NA	NA	NA	NA	NA	NA
NC_045512.2	28363	A	T	0	0	0	6	1	34	1	6	0.0021645	TRUE	NA	NA	NA	NA	NA	NA
NC_045512.2	28447	A	G	0	0	0	6	6	38	1	6	0.0021645	TRUE	NA	NA	NA	NA	NA	NA
NC_045512.2	28680	A	-G	36	13	43	2	0	20	0.0555556	36	0.267504	FALSE	NA	NA	NA	NA	NA	NA
NC_045512.2	28698	C	A	28	19	39	1	0	27	0.0344828	29	0.508772	FALSE	NA	NA	NA	NA	NA	NA
