REGION	POS	REF	ALT	REF_DP	REF_RV	REF_QUAL	ALT_DP	ALT_RV	ALT_QUAL	ALT_FREQ	TOTAL_DP	PVAL	PASS	GFF_FEATURE	REF_CODON	REF_AA	ALT_CODON	ALT_AA	POS_AA
NC_045512.2	2036	G	C	53	32	38	1	1	27	0.0185185	54	0.504673	FALSE	NA	NA	NA	NA	NA	NA
NC_045512.2	2039	A	T	80	48	39	1	1	34	0.0123457	81	0.503106	FALSE	NA	NA	NA	NA	NA	NA
NC_045512.2	2065	C	G	67	47	34	1	1	26	0.0147059	68	0.503704	FALSE	NA	NA	NA	NA	NA	NA
NC_045512.2	5720	G	A	0	0	0	11	1	32	1	11	2.83514e-06	TRUE	NA	NA	NA	NA	NA	NA
NC_045512.2	7585	A	G	24	16	37	1	1	34	0.04	25	0.510204	FALSE	NA	NA	NA	NA	NA	NA
NC_045512.2	7589	A	T	28	21	38	1	0	26	0.0344828	29	0.508772	FALSE	NA	NA	NA	NA	NA	NA
NC_045512.2	10317	A	G	12	7	36	1	0	34	0.0769231	13	0.52	FALSE	NA	NA	NA	NA	NA	NA
NC_045512.2	11560	T	A	0	0	0	1	1	26	1	1	1	FALSE	NA	NA	NA	NA	NA	NA
NC_045512.2	12989	G	T	60	3	36	1	0	26	0.0163934	61	0.504132	FALSE	NA	NA	NA	NA	NA	NA
NC_045512.2	14555	T	C	4	1	32	1	1	27	0.2	5	0.555556	FALSE	NA	NA	NA	NA	NA	NA
NC_045512.2	15137	T	C	5	2	30	1	1	34	0.166667	6	0.545455	FALSE	NA	NA	NA	NA	NA	NA
NC_045512.2	15704	T	G	15	0	33	1	0	26	0.0625	16	0.516129	FALSE	NA	NA	NA	NA	NA	NA
NC_045512.2	15714	C	T	0	0	0	4	0	34	1	4	0.0285714	FALSE	NA	NA	NA	NA	NA	NA
NC_045512.2	15738	C	T	0	0	0	5	1	32	1	5	0.00793651	TRUE	NA	NA	NA	NA	NA	NA
NC_045512.2	16342	T	C	0	0	0	2	2	34	1	2	0.333333	FALSE	NA	NA	NA	NA	NA	NA
NC_045512.2	17124	T	C	0	0	0	1	0	34	1	1	1	FALSE	NA	NA	NA	NA	NA	NA
NC_045512.2	20252	T	G	11	1	37	1	0	34	0.0833333	12	0.521739	FALSE	NA	NA	NA	NA	NA	NA
NC_045512.2	21718	G	T	0	0	0	1	0	38	1	1	1	FALSE	NA	NA	NA	NA	NA	NA
NC_045512.2	22109	C	G	0	0	0	2	2	34	1	2	0.333333	FALSE	NA	NA	NA	NA	NA	NA
NC_045512.2	23123	C	A	0	0	0	1	0	26	1	1	1	FALSE	NA	NA	NA	NA	NA	NA
NC_045512.2	23403	A	G	0	0	0	2	2	34	1	2	0.333333	FALSE	NA	NA	NA	NA	NA	NA
NC_045512.2	26115	A	C	2	0	34	1	0	34	0.333333	3	0.6	FALSE	NA	NA	NA	NA	NA	NA
NC_045512.2	27382	G	C	0	0	0	1	1	34	1	1	1	FALSE	NA	NA	NA	NA	NA	NA
NC_045512.2	27384	T	C	0	0	0	2	0	34	1	2	0.333333	FALSE	NA	NA	NA	NA	NA	NA
NC_045512.2	27389	C	T	4	3	34	1	1	34	0.2	5	0.555556	FALSE	NA	NA	NA	NA	NA	NA
NC_045512.2	27915	G	T	0	0	0	8	8	33	1	8	0.0001554	TRUE	NA	NA	NA	NA	NA	NA
NC_045512.2	27925	C	T	0	0	0	7	3	34	1	7	0.000582751	TRUE	NA	NA	NA	NA	NA	NA
NC_045512.2	28271	A	T	0	0	0	8	8	34	1	8	0.0001554	TRUE	NA	NA	NA	NA	NA	NA
NC_045512.2	28363	A	T	0	0	0	2	0	34	1	2	0.333333	FALSE	NA	NA	NA	NA	NA	NA
NC_045512.2	29301	A	T	9	2	37	1	0	26	0.1	10	0.526316	FALSE	NA	NA	NA	NA	NA	NA
