REGION	POS	REF	ALT	REF_DP	REF_RV	REF_QUAL	ALT_DP	ALT_RV	ALT_QUAL	ALT_FREQ	TOTAL_DP	PVAL	PASS	GFF_FEATURE	REF_CODON	REF_AA	ALT_CODON	ALT_AA	POS_AA
NC_045512.2	3650	C	T	8	7	48	2	2	39	0.2	10	0.263158	FALSE	NA	NA	NA	NA	NA	NA
NC_045512.2	4820	C	T	32	17	38	1	1	39	0.030303	33	0.507692	FALSE	NA	NA	NA	NA	NA	NA
NC_045512.2	9344	C	T	0	0	0	3	3	38	1	3	0.1	FALSE	NA	NA	NA	NA	NA	NA
NC_045512.2	9988	C	T	0	0	0	7	7	37	1	7	0.000582751	TRUE	NA	NA	NA	NA	NA	NA
NC_045512.2	11133	C	-T	18	0	36	2	0	20	0.111111	18	0.285285	FALSE	NA	NA	NA	NA	NA	NA
NC_045512.2	12730	T	A	10	10	37	5	5	35	0.333333	15	0.0252874	FALSE	NA	NA	NA	NA	NA	NA
NC_045512.2	12997	T	C	124	6	40	1	0	34	0.008	125	0.502008	FALSE	NA	NA	NA	NA	NA	NA
NC_045512.2	15707	T	G	141	6	38	1	0	38	0.00704225	142	0.501767	FALSE	NA	NA	NA	NA	NA	NA
NC_045512.2	15714	C	T	0	0	0	33	6	37	1	33	2.7703e-19	TRUE	NA	NA	NA	NA	NA	NA
NC_045512.2	15738	C	T	0	0	0	96	14	38	1	96	5.54047e-57	TRUE	NA	NA	NA	NA	NA	NA
NC_045512.2	15740	A	G	219	31	37	1	0	37	0.00454545	220	0.501139	FALSE	NA	NA	NA	NA	NA	NA
NC_045512.2	15812	A	T	104	104	38	9	9	37	0.079646	113	0.00172376	TRUE	NA	NA	NA	NA	NA	NA
NC_045512.2	16342	T	C	0	0	0	13	7	40	1	13	1.92297e-07	TRUE	NA	NA	NA	NA	NA	NA
NC_045512.2	16878	A	T	0	0	0	2	0	39	1	2	0.333333	FALSE	NA	NA	NA	NA	NA	NA
NC_045512.2	17859	T	C	0	0	0	12	12	36	1	12	7.39602e-07	TRUE	NA	NA	NA	NA	NA	NA
NC_045512.2	18492	A	G	4	4	56	4	4	38	0.5	8	0.0512821	FALSE	NA	NA	NA	NA	NA	NA
NC_045512.2	20930	C	-G	28	28	36	1	0	20	0.0357143	28	0.517857	FALSE	NA	NA	NA	NA	NA	NA
NC_045512.2	22109	C	G	0	0	0	3	1	36	1	3	0.1	FALSE	NA	NA	NA	NA	NA	NA
NC_045512.2	23123	C	A	20	1	38	5	0	37	0.2	25	0.0278622	FALSE	NA	NA	NA	NA	NA	NA
NC_045512.2	23403	A	G	0	0	0	5	2	35	1	5	0.00793651	TRUE	NA	NA	NA	NA	NA	NA
NC_045512.2	26154	A	G	54	29	39	1	0	29	0.0181818	55	0.504587	FALSE	NA	NA	NA	NA	NA	NA
NC_045512.2	26206	A	G	88	83	43	1	1	38	0.011236	89	0.502825	FALSE	NA	NA	NA	NA	NA	NA
NC_045512.2	27807	C	T	0	0	0	1	1	39	1	1	1	FALSE	NA	NA	NA	NA	NA	NA
NC_045512.2	27915	G	T	0	0	0	125	115	38	1	125	2.19278e-74	TRUE	NA	NA	NA	NA	NA	NA
NC_045512.2	28271	A	T	0	0	0	71	71	38	1	71	5.3671e-42	TRUE	NA	NA	NA	NA	NA	NA
NC_045512.2	28297	T	C	0	0	0	2	2	38	1	2	0.333333	FALSE	NA	NA	NA	NA	NA	NA
NC_045512.2	28311	C	T	0	0	0	1	0	38	1	1	1	FALSE	NA	NA	NA	NA	NA	NA
NC_045512.2	28363	A	T	0	0	0	8	0	36	1	8	0.0001554	TRUE	NA	NA	NA	NA	NA	NA
NC_045512.2	28447	A	G	18	16	41	10	10	38	0.357143	28	0.000448674	TRUE	NA	NA	NA	NA	NA	NA
