REGION	POS	REF	ALT	REF_DP	REF_RV	REF_QUAL	ALT_DP	ALT_RV	ALT_QUAL	ALT_FREQ	TOTAL_DP	PVAL	PASS	GFF_FEATURE	REF_CODON	REF_AA	ALT_CODON	ALT_AA	POS_AA
NC_045512.2	1696	G	A	244	10	37	1	0	34	0.00408163	245	0.501022	FALSE	NA	NA	NA	NA	NA	NA
NC_045512.2	1787	A	T	128	113	36	1	1	34	0.00775194	129	0.501946	FALSE	NA	NA	NA	NA	NA	NA
NC_045512.2	1820	G	A	0	0	0	5	5	34	1	5	0.00793651	TRUE	NA	NA	NA	NA	NA	NA
NC_045512.2	6044	A	G	62	35	34	1	0	34	0.015873	63	0.504	FALSE	NA	NA	NA	NA	NA	NA
NC_045512.2	6068	A	T	58	38	34	1	0	34	0.0169492	59	0.504274	FALSE	NA	NA	NA	NA	NA	NA
NC_045512.2	7257	A	T	40	6	34	1	0	34	0.0243902	41	0.506173	FALSE	NA	NA	NA	NA	NA	NA
NC_045512.2	10318	G	T	186	100	35	1	1	26	0.00534759	187	0.752011	FALSE	NA	NA	NA	NA	NA	NA
NC_045512.2	11167	A	T	109	40	35	1	1	34	0.00909091	110	0.502283	FALSE	NA	NA	NA	NA	NA	NA
NC_045512.2	11241	G	A	281	226	37	1	1	26	0.0035461	282	0.876331	FALSE	NA	NA	NA	NA	NA	NA
NC_045512.2	12397	A	G	0	0	0	16	1	34	1	16	3.32734e-09	TRUE	NA	NA	NA	NA	NA	NA
NC_045512.2	14570	A	T	86	74	37	1	1	26	0.0114943	87	0.50289	FALSE	NA	NA	NA	NA	NA	NA
NC_045512.2	15702	A	C	107	14	34	1	0	26	0.00925926	108	0.753488	FALSE	NA	NA	NA	NA	NA	NA
NC_045512.2	15714	C	T	0	0	0	19	5	34	1	19	5.65847e-11	TRUE	NA	NA	NA	NA	NA	NA
NC_045512.2	15738	C	A	0	0	0	53	4	34	1	53	3.18851e-31	TRUE	NA	NA	NA	NA	NA	NA
NC_045512.2	16904	A	T	18	4	33	1	0	26	0.0526316	19	0.513514	FALSE	NA	NA	NA	NA	NA	NA
NC_045512.2	23389	T	C	49	20	35	1	0	34	0.02	50	0.505051	FALSE	NA	NA	NA	NA	NA	NA
NC_045512.2	23403	A	G	0	0	0	29	13	33	1	29	6.65175e-17	TRUE	NA	NA	NA	NA	NA	NA
NC_045512.2	27866	T	C	318	63	39	1	0	34	0.0031348	319	0.500785	FALSE	NA	NA	NA	NA	NA	NA
NC_045512.2	27949	A	T	170	155	38	1	1	26	0.00584795	171	0.752199	FALSE	NA	NA	NA	NA	NA	NA
NC_045512.2	28736	G	C	63	34	38	1	0	26	0.015625	64	0.503937	FALSE	NA	NA	NA	NA	NA	NA
