REGION	POS	REF	ALT	REF_DP	REF_RV	REF_QUAL	ALT_DP	ALT_RV	ALT_QUAL	ALT_FREQ	TOTAL_DP	PVAL	PASS	GFF_FEATURE	REF_CODON	REF_AA	ALT_CODON	ALT_AA	POS_AA
NC_045512.2	1741	A	T	0	0	0	3	1	34	1	3	0.1	FALSE	NA	NA	NA	NA	NA	NA
NC_045512.2	13635	A	T	201	91	43	1	1	27	0.0049505	202	0.876859	FALSE	NA	NA	NA	NA	NA	NA
NC_045512.2	16237	G	T	44	33	38	1	1	34	0.0222222	45	0.505618	FALSE	NA	NA	NA	NA	NA	NA
NC_045512.2	16795	G	A	15	2	44	1	0	34	0.0625	16	0.516129	FALSE	NA	NA	NA	NA	NA	NA
NC_045512.2	18632	T	A	312	78	40	1	0	26	0.00319489	313	0.938498	FALSE	NA	NA	NA	NA	NA	NA
NC_045512.2	18658	T	A	304	127	38	1	0	26	0.00327869	305	0.938524	FALSE	NA	NA	NA	NA	NA	NA
NC_045512.2	18675	A	T	302	175	40	1	1	34	0.00330033	303	0.500826	FALSE	NA	NA	NA	NA	NA	NA
NC_045512.2	18713	C	G	216	215	33	1	1	26	0.00460829	217	0.87673	FALSE	NA	NA	NA	NA	NA	NA
NC_045512.2	18965	G	T	2	0	34	1	1	34	0.333333	3	0.6	FALSE	NA	NA	NA	NA	NA	NA
NC_045512.2	19018	C	T	1	1	34	1	1	34	0.5	2	0.666667	FALSE	NA	NA	NA	NA	NA	NA
NC_045512.2	19284	T	A	49	32	43	1	1	27	0.02	50	0.505051	FALSE	NA	NA	NA	NA	NA	NA
NC_045512.2	19326	A	G	0	0	0	17	13	36	1	17	8.57043e-10	TRUE	NA	NA	NA	NA	NA	NA
NC_045512.2	19922	T	G	93	52	38	1	1	26	0.0106383	94	0.502674	FALSE	NA	NA	NA	NA	NA	NA
NC_045512.2	19955	C	T	0	0	0	36	26	38	1	36	4.51965e-21	TRUE	NA	NA	NA	NA	NA	NA
NC_045512.2	22320	A	G	0	0	0	1	0	34	1	1	1	FALSE	NA	NA	NA	NA	NA	NA
NC_045512.2	23403	A	G	0	0	0	6	2	32	1	6	0.0021645	TRUE	NA	NA	NA	NA	NA	NA
NC_045512.2	25244	G	T	0	0	0	1	1	34	1	1	1	FALSE	NA	NA	NA	NA	NA	NA
NC_045512.2	26577	C	G	0	0	0	3	3	34	1	3	0.1	FALSE	NA	NA	NA	NA	NA	NA
NC_045512.2	27807	C	T	1	1	34	53	53	33	0.981481	54	4.34472e-30	TRUE	NA	NA	NA	NA	NA	NA
NC_045512.2	28311	C	T	0	0	0	8	0	34	1	8	0.0001554	TRUE	NA	NA	NA	NA	NA	NA
NC_045512.2	28990	A	C	56	34	36	1	0	26	0.0175439	57	0.504425	FALSE	NA	NA	NA	NA	NA	NA
