REGION	POS	REF	ALT	REF_DP	REF_RV	REF_QUAL	ALT_DP	ALT_RV	ALT_QUAL	ALT_FREQ	TOTAL_DP	PVAL	PASS	GFF_FEATURE	REF_CODON	REF_AA	ALT_CODON	ALT_AA	POS_AA
NC_045512.2	9711	C	T	53	50	43	2	2	38	0.0363636	55	0.252294	FALSE	NA	NA	NA	NA	NA	NA
NC_045512.2	10204	T	C	0	0	0	1	0	37	1	1	1	FALSE	NA	NA	NA	NA	NA	NA
NC_045512.2	11248	G	A	294	259	45	1	1	37	0.00338983	295	0.500849	FALSE	NA	NA	NA	NA	NA	NA
NC_045512.2	13023	A	G	196	87	42	2	0	38	0.010101	198	0.250633	FALSE	NA	NA	NA	NA	NA	NA
NC_045512.2	25782	C	T	0	0	0	11	0	38	1	11	2.83514e-06	TRUE	NA	NA	NA	NA	NA	NA
NC_045512.2	27915	G	T	0	0	0	80	64	38	1	80	2.17285e-47	TRUE	NA	NA	NA	NA	NA	NA
NC_045512.2	28271	A	T	0	0	0	82	81	38	1	82	1.37485e-48	TRUE	NA	NA	NA	NA	NA	NA
NC_045512.2	28363	A	T	0	0	0	13	0	35	1	13	1.92297e-07	TRUE	NA	NA	NA	NA	NA	NA
NC_045512.2	28411	C	A	66	52	38	1	1	38	0.0149254	67	0.503759	FALSE	NA	NA	NA	NA	NA	NA
NC_045512.2	28447	A	G	17	17	38	13	13	37	0.433333	30	2.95895e-05	TRUE	NA	NA	NA	NA	NA	NA
NC_045512.2	28765	A	G	0	0	0	6	6	38	1	6	0.0021645	TRUE	NA	NA	NA	NA	NA	NA
