REGION	POS	REF	ALT	REF_DP	REF_RV	REF_QUAL	ALT_DP	ALT_RV	ALT_QUAL	ALT_FREQ	TOTAL_DP	PVAL	PASS	GFF_FEATURE	REF_CODON	REF_AA	ALT_CODON	ALT_AA	POS_AA
NC_045512.2	15714	C	T	0	0	0	3	2	34	1	3	0.1	FALSE	NA	NA	NA	NA	NA	NA
NC_045512.2	15738	C	T	0	0	0	4	0	32	1	4	0.0285714	FALSE	NA	NA	NA	NA	NA	NA
NC_045512.2	15781	A	C	20	13	39	1	1	27	0.047619	21	0.512195	FALSE	NA	NA	NA	NA	NA	NA
NC_045512.2	19110	T	C	29	17	37	1	1	34	0.0333333	30	0.508475	FALSE	NA	NA	NA	NA	NA	NA
NC_045512.2	20226	A	-N	14	0	33	1	0	20	0.0714286	14	0.535714	FALSE	NA	NA	NA	NA	NA	NA
NC_045512.2	27929	T	G	22	13	32	1	0	26	0.0434783	23	0.511111	FALSE	NA	NA	NA	NA	NA	NA
