REGION	POS	REF	ALT	REF_DP	REF_RV	REF_QUAL	ALT_DP	ALT_RV	ALT_QUAL	ALT_FREQ	TOTAL_DP	PVAL	PASS	GFF_FEATURE	REF_CODON	REF_AA	ALT_CODON	ALT_AA	POS_AA
NC_045512.2	489	A	G	13	1	35	1	0	27	0.0714286	14	0.518519	FALSE	NA	NA	NA	NA	NA	NA
NC_045512.2	1216	T	G	44	44	38	1	1	37	0.0222222	45	0.505618	FALSE	NA	NA	NA	NA	NA	NA
NC_045512.2	1676	G	A	171	0	38	1	0	33	0.00581395	172	0.501458	FALSE	NA	NA	NA	NA	NA	NA
NC_045512.2	3568	T	G	31	8	39	1	0	27	0.03125	32	0.507937	FALSE	NA	NA	NA	NA	NA	NA
NC_045512.2	3622	C	A	71	48	39	1	1	30	0.0138889	72	0.503497	FALSE	NA	NA	NA	NA	NA	NA
NC_045512.2	4778	A	G	74	0	37	1	0	29	0.0133333	75	0.503356	FALSE	NA	NA	NA	NA	NA	NA
NC_045512.2	7564	C	T	0	0	0	7	4	38	1	7	0.000582751	TRUE	NA	NA	NA	NA	NA	NA
NC_045512.2	9424	A	G	0	0	0	1	1	38	1	1	1	FALSE	NA	NA	NA	NA	NA	NA
NC_045512.2	10284	T	G	44	22	37	1	0	29	0.0222222	45	0.505618	FALSE	NA	NA	NA	NA	NA	NA
