REGION	POS	REF	ALT	REF_DP	REF_RV	REF_QUAL	ALT_DP	ALT_RV	ALT_QUAL	ALT_FREQ	TOTAL_DP	PVAL	PASS	GFF_FEATURE	REF_CODON	REF_AA	ALT_CODON	ALT_AA	POS_AA
NC_045512.2	241	C	T	0	0	0	1	0	38	1	1	1	FALSE	NA	NA	NA	NA	NA	NA
NC_045512.2	844	T	C	121	70	42	1	1	37	0.00819672	122	0.502058	FALSE	NA	NA	NA	NA	NA	NA
NC_045512.2	1927	T	A	1	1	39	1	1	39	0.5	2	0.666667	FALSE	NA	NA	NA	NA	NA	NA
NC_045512.2	2109	A	T	426	403	41	1	1	27	0.00234192	427	0.969298	FALSE	NA	NA	NA	NA	NA	NA
NC_045512.2	3251	G	A	0	0	0	54	1	37	1	54	8.04577e-32	TRUE	NA	NA	NA	NA	NA	NA
NC_045512.2	3346	T	A	104	92	44	1	1	39	0.00952381	105	0.502392	FALSE	NA	NA	NA	NA	NA	NA
NC_045512.2	10525	C	G	12	0	38	1	0	39	0.0769231	13	0.52	FALSE	NA	NA	NA	NA	NA	NA
NC_045512.2	11188	A	C	198	46	40	1	1	29	0.00502513	199	0.751889	FALSE	NA	NA	NA	NA	NA	NA
NC_045512.2	11203	T	C	101	58	42	1	0	37	0.00980392	102	0.502463	FALSE	NA	NA	NA	NA	NA	NA
NC_045512.2	16342	T	C	0	0	0	14	10	37	1	14	4.98547e-08	TRUE	NA	NA	NA	NA	NA	NA
NC_045512.2	21618	C	T	0	0	0	1	0	38	1	1	1	FALSE	NA	NA	NA	NA	NA	NA
NC_045512.2	21727	C	-T	64	27	38	1	0	20	0.015625	64	0.507813	FALSE	NA	NA	NA	NA	NA	NA
NC_045512.2	28674	C	A	79	13	43	1	0	39	0.0125	80	0.503145	FALSE	NA	NA	NA	NA	NA	NA
NC_045512.2	28746	T	C	66	56	42	1	0	37	0.0149254	67	0.503759	FALSE	NA	NA	NA	NA	NA	NA
