REGION	POS	REF	ALT	REF_DP	REF_RV	REF_QUAL	ALT_DP	ALT_RV	ALT_QUAL	ALT_FREQ	TOTAL_DP	PVAL	PASS	GFF_FEATURE	REF_CODON	REF_AA	ALT_CODON	ALT_AA	POS_AA
NC_045512.2	290	A	T	8	0	39	1	0	30	0.111111	9	0.529412	FALSE	NA	NA	NA	NA	NA	NA
NC_045512.2	670	T	G	0	0	0	1	0	33	1	1	1	FALSE	NA	NA	NA	NA	NA	NA
NC_045512.2	12516	G	C	49	49	38	2	1	39	0.0392157	51	0.252475	FALSE	NA	NA	NA	NA	NA	NA
NC_045512.2	13426	C	T	0	0	0	2	2	39	1	2	0.333333	FALSE	NA	NA	NA	NA	NA	NA
NC_045512.2	17410	C	T	0	0	0	2	2	38	1	2	0.333333	FALSE	NA	NA	NA	NA	NA	NA
NC_045512.2	17466	A	G	0	0	0	1	0	35	1	1	1	FALSE	NA	NA	NA	NA	NA	NA
NC_045512.2	20185	T	A	0	0	0	8	0	37	1	8	0.0001554	TRUE	NA	NA	NA	NA	NA	NA
NC_045512.2	21618	C	T	0	0	0	1	1	39	1	1	1	FALSE	NA	NA	NA	NA	NA	NA
NC_045512.2	22108	A	T	0	0	0	1	0	38	1	1	1	FALSE	NA	NA	NA	NA	NA	NA
NC_045512.2	22200	T	A	0	0	0	1	0	33	1	1	1	FALSE	NA	NA	NA	NA	NA	NA
NC_045512.2	23267	A	G	157	0	38	2	0	33	0.0125786	159	0.250789	FALSE	NA	NA	NA	NA	NA	NA
NC_045512.2	26577	C	G	0	0	0	7	0	38	1	7	0.000582751	TRUE	NA	NA	NA	NA	NA	NA
NC_045512.2	26956	T	C	427	0	37	1	0	33	0.00233645	428	0.500585	FALSE	NA	NA	NA	NA	NA	NA
NC_045512.2	26978	T	A	473	471	29	2	0	26	0.00421053	475	0.89186	FALSE	NA	NA	NA	NA	NA	NA
NC_045512.2	26985	C	T	519	267	69	1	1	76	0.00192308	520	0.500481	FALSE	NA	NA	NA	NA	NA	NA
NC_045512.2	26991	G	A	492	492	36	1	1	38	0.0020284	493	0.500508	FALSE	NA	NA	NA	NA	NA	NA
NC_045512.2	27737	C	T	0	0	0	1	0	39	1	1	1	FALSE	NA	NA	NA	NA	NA	NA
