REGION	POS	REF	ALT	REF_DP	REF_RV	REF_QUAL	ALT_DP	ALT_RV	ALT_QUAL	ALT_FREQ	TOTAL_DP	PVAL	PASS	GFF_FEATURE	REF_CODON	REF_AA	ALT_CODON	ALT_AA	POS_AA
NC_045512.2	670	T	G	0	0	0	1	0	38	1	1	1	FALSE	NA	NA	NA	NA	NA	NA
NC_045512.2	1761	T	C	7	7	38	1	1	32	0.125	8	0.533333	FALSE	NA	NA	NA	NA	NA	NA
NC_045512.2	1846	A	G	15	15	38	1	1	39	0.0625	16	0.516129	FALSE	NA	NA	NA	NA	NA	NA
NC_045512.2	3733	T	C	51	0	38	1	0	39	0.0192308	52	0.504854	FALSE	NA	NA	NA	NA	NA	NA
NC_045512.2	3945	A	G	53	53	38	1	1	39	0.0185185	54	0.504673	FALSE	NA	NA	NA	NA	NA	NA
NC_045512.2	4521	G	C	43	42	38	1	1	39	0.0227273	44	0.505747	FALSE	NA	NA	NA	NA	NA	NA
NC_045512.2	4837	T	A	3	0	38	1	0	27	0.25	4	0.571429	FALSE	NA	NA	NA	NA	NA	NA
NC_045512.2	4917	T	G	0	0	0	39	0	37	1	39	7.34834e-23	TRUE	NA	NA	NA	NA	NA	NA
NC_045512.2	6038	T	C	1	0	39	1	0	36	0.5	2	0.666667	FALSE	NA	NA	NA	NA	NA	NA
NC_045512.2	6040	C	T	1	0	37	1	0	39	0.5	2	0.666667	FALSE	NA	NA	NA	NA	NA	NA
NC_045512.2	6687	A	G	2	0	39	1	0	39	0.333333	3	0.6	FALSE	NA	NA	NA	NA	NA	NA
NC_045512.2	6743	T	C	0	0	0	1	1	36	1	1	1	FALSE	NA	NA	NA	NA	NA	NA
NC_045512.2	7357	T	C	0	0	0	1	0	39	1	1	1	FALSE	NA	NA	NA	NA	NA	NA
NC_045512.2	11857	T	C	2	0	36	6	6	37	0.75	8	0.00559441	TRUE	NA	NA	NA	NA	NA	NA
NC_045512.2	12483	T	C	85	0	36	1	0	39	0.0116279	86	0.502924	FALSE	NA	NA	NA	NA	NA	NA
NC_045512.2	12513	C	T	81	81	37	11	11	37	0.119565	92	0.000378169	TRUE	NA	NA	NA	NA	NA	NA
NC_045512.2	14485	A	G	0	0	0	1	0	34	1	1	1	FALSE	NA	NA	NA	NA	NA	NA
NC_045512.2	17528	C	A	1	0	38	1	0	30	0.5	2	0.666667	FALSE	NA	NA	NA	NA	NA	NA
NC_045512.2	21618	C	T	1	1	38	2	2	39	0.666667	3	0.3	FALSE	NA	NA	NA	NA	NA	NA
NC_045512.2	21999	A	-C	4	0	38	4	0	20	1	4	0.212121	FALSE	NA	NA	NA	NA	NA	NA
NC_045512.2	22200	T	A	0	0	0	1	0	39	1	1	1	FALSE	NA	NA	NA	NA	NA	NA
NC_045512.2	22992	G	A	0	0	0	1	1	39	1	1	1	FALSE	NA	NA	NA	NA	NA	NA
NC_045512.2	22995	C	A	0	0	0	1	1	38	1	1	1	FALSE	NA	NA	NA	NA	NA	NA
NC_045512.2	25658	C	T	10	10	38	26	26	38	0.722222	36	1.44185e-11	TRUE	NA	NA	NA	NA	NA	NA
NC_045512.2	26577	C	G	0	0	0	12	0	37	1	12	7.39602e-07	TRUE	NA	NA	NA	NA	NA	NA
NC_045512.2	27393	C	T	8	2	37	1	0	37	0.111111	9	0.529412	FALSE	NA	NA	NA	NA	NA	NA
