REGION	POS	REF	ALT	REF_DP	REF_RV	REF_QUAL	ALT_DP	ALT_RV	ALT_QUAL	ALT_FREQ	TOTAL_DP	PVAL	PASS	GFF_FEATURE	REF_CODON	REF_AA	ALT_CODON	ALT_AA	POS_AA
NC_045512.2	5172	A	C	28	26	38	1	1	34	0.0344828	29	0.508772	FALSE	NA	NA	NA	NA	NA	NA
NC_045512.2	5720	G	A	0	0	0	15	3	34	1	15	1.28935e-08	TRUE	NA	NA	NA	NA	NA	NA
NC_045512.2	15693	A	G	26	4	34	1	0	34	0.037037	27	0.509434	FALSE	NA	NA	NA	NA	NA	NA
NC_045512.2	15700	T	G	32	6	36	1	0	34	0.030303	33	0.507692	FALSE	NA	NA	NA	NA	NA	NA
NC_045512.2	15714	C	T	0	0	0	10	5	34	1	10	1.08251e-05	TRUE	NA	NA	NA	NA	NA	NA
NC_045512.2	15738	C	T	0	0	0	9	0	33	1	9	4.11353e-05	TRUE	NA	NA	NA	NA	NA	NA
NC_045512.2	15776	T	C	47	40	36	1	1	34	0.0208333	48	0.505263	FALSE	NA	NA	NA	NA	NA	NA
NC_045512.2	15782	A	T	55	52	36	1	1	27	0.0178571	56	0.504505	FALSE	NA	NA	NA	NA	NA	NA
NC_045512.2	17859	T	C	0	0	0	3	3	34	1	3	0.1	FALSE	NA	NA	NA	NA	NA	NA
NC_045512.2	23403	A	G	0	0	0	1	1	34	1	1	1	FALSE	NA	NA	NA	NA	NA	NA
