REGION	POS	REF	ALT	REF_DP	REF_RV	REF_QUAL	ALT_DP	ALT_RV	ALT_QUAL	ALT_FREQ	TOTAL_DP	PVAL	PASS	GFF_FEATURE	REF_CODON	REF_AA	ALT_CODON	ALT_AA	POS_AA
NC_045512.2	1124	A	T	28	9	40	1	0	39	0.0344828	29	0.508772	FALSE	NA	NA	NA	NA	NA	NA
NC_045512.2	1195	T	C	28	21	38	1	1	39	0.0344828	29	0.508772	FALSE	NA	NA	NA	NA	NA	NA
NC_045512.2	3304	G	T	1	1	39	1	1	36	0.5	2	0.666667	FALSE	NA	NA	NA	NA	NA	NA
NC_045512.2	5720	G	A	0	0	0	18	1	38	1	18	2.20382e-10	TRUE	NA	NA	NA	NA	NA	NA
NC_045512.2	7561	G	A	0	0	0	2	1	39	1	2	0.333333	FALSE	NA	NA	NA	NA	NA	NA
NC_045512.2	14576	C	T	0	0	0	4	4	39	1	4	0.0285714	FALSE	NA	NA	NA	NA	NA	NA
NC_045512.2	15714	C	T	0	0	0	15	3	38	1	15	1.28935e-08	TRUE	NA	NA	NA	NA	NA	NA
NC_045512.2	15738	C	T	0	0	0	43	5	38	1	43	3.01316e-25	TRUE	NA	NA	NA	NA	NA	NA
NC_045512.2	15743	G	A	99	11	38	1	1	39	0.01	100	0.502513	FALSE	NA	NA	NA	NA	NA	NA
NC_045512.2	16342	T	C	0	0	0	7	7	38	1	7	0.000582751	TRUE	NA	NA	NA	NA	NA	NA
NC_045512.2	16878	A	T	5	1	39	1	1	39	0.166667	6	0.545455	FALSE	NA	NA	NA	NA	NA	NA
NC_045512.2	17410	C	T	0	0	0	1	1	39	1	1	1	FALSE	NA	NA	NA	NA	NA	NA
NC_045512.2	19326	A	G	0	0	0	1	0	36	1	1	1	FALSE	NA	NA	NA	NA	NA	NA
NC_045512.2	23401	G	T	5	1	38	1	0	39	0.166667	6	0.545455	FALSE	NA	NA	NA	NA	NA	NA
NC_045512.2	23403	A	G	0	0	0	2	1	39	1	2	0.333333	FALSE	NA	NA	NA	NA	NA	NA
NC_045512.2	25584	C	T	0	0	0	3	3	38	1	3	0.1	FALSE	NA	NA	NA	NA	NA	NA
NC_045512.2	27915	G	T	0	0	0	19	18	37	1	19	5.65847e-11	TRUE	NA	NA	NA	NA	NA	NA
NC_045512.2	28161	T	A	0	0	0	3	0	39	1	3	0.1	FALSE	NA	NA	NA	NA	NA	NA
NC_045512.2	28271	A	T	0	0	0	11	11	38	1	11	2.83514e-06	TRUE	NA	NA	NA	NA	NA	NA
NC_045512.2	28363	A	T	0	0	0	2	0	30	1	2	0.333333	FALSE	NA	NA	NA	NA	NA	NA
NC_045512.2	29404	T	C	0	0	0	1	1	38	1	1	1	FALSE	NA	NA	NA	NA	NA	NA
