REGION	POS	REF	ALT	REF_DP	REF_RV	REF_QUAL	ALT_DP	ALT_RV	ALT_QUAL	ALT_FREQ	TOTAL_DP	PVAL	PASS	GFF_FEATURE	REF_CODON	REF_AA	ALT_CODON	ALT_AA	POS_AA
NC_045512.2	8568	A	G	9	9	38	1	1	38	0.1	10	0.526316	FALSE	NA	NA	NA	NA	NA	NA
NC_045512.2	11227	T	C	17	17	41	5	4	38	0.227273	22	0.0273572	FALSE	NA	NA	NA	NA	NA	NA
NC_045512.2	17410	C	T	0	0	0	1	1	39	1	1	1	FALSE	NA	NA	NA	NA	NA	NA
NC_045512.2	17859	T	C	0	0	0	1	1	38	1	1	1	FALSE	NA	NA	NA	NA	NA	NA
NC_045512.2	23403	A	G	0	0	0	2	1	38	1	2	0.333333	FALSE	NA	NA	NA	NA	NA	NA
NC_045512.2	23424	C	A	3	2	39	1	0	29	0.25	4	0.571429	FALSE	NA	NA	NA	NA	NA	NA
NC_045512.2	27915	G	T	0	0	0	7	7	38	1	7	0.000582751	TRUE	NA	NA	NA	NA	NA	NA
NC_045512.2	28271	A	T	0	0	0	28	28	38	1	28	2.61483e-16	TRUE	NA	NA	NA	NA	NA	NA
