REGION	POS	REF	ALT	REF_DP	REF_RV	REF_QUAL	ALT_DP	ALT_RV	ALT_QUAL	ALT_FREQ	TOTAL_DP	PVAL	PASS	GFF_FEATURE	REF_CODON	REF_AA	ALT_CODON	ALT_AA	POS_AA
NC_045512.2	15672	G	C	25	1	35	1	1	27	0.0384615	26	0.509804	FALSE	NA	NA	NA	NA	NA	NA
NC_045512.2	15698	T	G	31	4	34	1	0	26	0.03125	32	0.507937	FALSE	NA	NA	NA	NA	NA	NA
NC_045512.2	15714	C	T	0	0	0	1	1	34	1	1	1	FALSE	NA	NA	NA	NA	NA	NA
NC_045512.2	15738	C	T	0	0	0	14	1	34	1	14	4.98547e-08	TRUE	NA	NA	NA	NA	NA	NA
NC_045512.2	15767	T	G	52	25	40	1	0	34	0.0188679	53	0.504762	FALSE	NA	NA	NA	NA	NA	NA
NC_045512.2	19666	G	-A	2	2	34	1	0	20	0.5	2	0.75	FALSE	NA	NA	NA	NA	NA	NA
NC_045512.2	19667	A	G	0	0	0	1	1	34	1	1	0.5	FALSE	NA	NA	NA	NA	NA	NA
NC_045512.2	23123	C	A	3	0	42	1	0	34	0.25	4	0.571429	FALSE	NA	NA	NA	NA	NA	NA
NC_045512.2	23403	A	G	0	0	0	4	0	34	1	4	0.0285714	FALSE	NA	NA	NA	NA	NA	NA
NC_045512.2	27384	T	C	0	0	0	1	0	34	1	1	1	FALSE	NA	NA	NA	NA	NA	NA
NC_045512.2	29627	C	T	0	0	0	1	1	34	1	1	1	FALSE	NA	NA	NA	NA	NA	NA
