REGION	POS	REF	ALT	REF_DP	REF_RV	REF_QUAL	ALT_DP	ALT_RV	ALT_QUAL	ALT_FREQ	TOTAL_DP	PVAL	PASS	GFF_FEATURE	REF_CODON	REF_AA	ALT_CODON	ALT_AA	POS_AA
NC_045512.2	6396	T	-A	2	0	25	1	0	20	0.5	2	0.75	FALSE	NA	NA	NA	NA	NA	NA
NC_045512.2	7353	G	A	2	1	27	1	1	27	0.333333	3	0.6	FALSE	NA	NA	NA	NA	NA	NA
NC_045512.2	7449	A	G	1	1	25	2	2	27	0.666667	3	0.3	FALSE	NA	NA	NA	NA	NA	NA
NC_045512.2	8376	C	-A	2	2	27	1	0	20	0.5	2	0.75	FALSE	NA	NA	NA	NA	NA	NA
NC_045512.2	8381	A	G	1	1	26	1	1	24	0.5	2	0.666667	FALSE	NA	NA	NA	NA	NA	NA
NC_045512.2	10198	C	T	0	0	0	1	0	28	1	1	1	FALSE	NA	NA	NA	NA	NA	NA
NC_045512.2	16324	T	C	0	0	0	2	0	24	1	2	0.333333	FALSE	NA	NA	NA	NA	NA	NA
NC_045512.2	16342	T	C	0	0	0	2	0	27	1	2	0.333333	FALSE	NA	NA	NA	NA	NA	NA
NC_045512.2	22813	G	T	0	0	0	1	0	27	1	1	1	FALSE	NA	NA	NA	NA	NA	NA
NC_045512.2	22882	T	G	0	0	0	1	0	27	1	1	1	FALSE	NA	NA	NA	NA	NA	NA
NC_045512.2	25416	C	T	0	0	0	1	0	22	1	1	1	FALSE	NA	NA	NA	NA	NA	NA
