REGION	POS	REF	ALT	REF_DP	REF_RV	REF_QUAL	ALT_DP	ALT_RV	ALT_QUAL	ALT_FREQ	TOTAL_DP	PVAL	PASS	GFF_FEATURE	REF_CODON	REF_AA	ALT_CODON	ALT_AA	POS_AA
NC_045512.2	2008	T	A	89	3	36	1	0	26	0.0111111	90	0.502793	FALSE	NA	NA	NA	NA	NA	NA
NC_045512.2	4184	G	A	0	0	0	1	1	34	1	1	1	FALSE	NA	NA	NA	NA	NA	NA
NC_045512.2	5720	G	A	0	0	0	6	1	34	1	6	0.0021645	TRUE	NA	NA	NA	NA	NA	NA
NC_045512.2	9688	A	T	9	3	33	1	0	34	0.1	10	0.526316	FALSE	NA	NA	NA	NA	NA	NA
NC_045512.2	12970	C	T	9	0	36	3	0	34	0.25	12	0.124224	FALSE	NA	NA	NA	NA	NA	NA
NC_045512.2	16065	G	C	46	5	33	1	1	34	0.0212766	47	0.505376	FALSE	NA	NA	NA	NA	NA	NA
NC_045512.2	16086	T	C	55	50	33	1	1	26	0.0178571	56	0.504505	FALSE	NA	NA	NA	NA	NA	NA
NC_045512.2	17410	C	T	0	0	0	1	1	34	1	1	1	FALSE	NA	NA	NA	NA	NA	NA
NC_045512.2	17859	T	C	0	0	0	3	3	34	1	3	0.1	FALSE	NA	NA	NA	NA	NA	NA
NC_045512.2	18492	A	G	5	4	34	5	5	34	0.5	10	0.0216718	FALSE	NA	NA	NA	NA	NA	NA
NC_045512.2	19033	A	G	45	5	39	2	0	30	0.0425532	47	0.252688	FALSE	NA	NA	NA	NA	NA	NA
NC_045512.2	19659	A	G	3	0	34	1	0	34	0.25	4	0.571429	FALSE	NA	NA	NA	NA	NA	NA
NC_045512.2	20258	T	A	6	1	32	1	0	26	0.142857	7	0.538462	FALSE	NA	NA	NA	NA	NA	NA
NC_045512.2	20847	T	G	18	1	34	1	0	34	0.0526316	19	0.513514	FALSE	NA	NA	NA	NA	NA	NA
NC_045512.2	21718	G	T	3	0	45	1	1	34	0.25	4	0.571429	FALSE	NA	NA	NA	NA	NA	NA
NC_045512.2	22109	C	G	0	0	0	3	3	28	1	3	0.1	FALSE	NA	NA	NA	NA	NA	NA
NC_045512.2	23123	C	T	11	1	36	1	0	34	0.0833333	12	0.521739	FALSE	NA	NA	NA	NA	NA	NA
NC_045512.2	25856	A	T	2	2	34	1	1	34	0.333333	3	0.6	FALSE	NA	NA	NA	NA	NA	NA
NC_045512.2	26146	T	G	47	5	36	1	0	26	0.0208333	48	0.505263	FALSE	NA	NA	NA	NA	NA	NA
NC_045512.2	26709	G	A	0	0	0	1	0	34	1	1	1	FALSE	NA	NA	NA	NA	NA	NA
NC_045512.2	27384	T	C	0	0	0	3	3	34	1	3	0.1	FALSE	NA	NA	NA	NA	NA	NA
NC_045512.2	27879	C	G	179	108	35	1	0	34	0.00555556	180	0.501393	FALSE	NA	NA	NA	NA	NA	NA
NC_045512.2	27915	G	T	21	15	35	99	85	33	0.825	120	1.03993e-46	TRUE	NA	NA	NA	NA	NA	NA
NC_045512.2	27948	G	C	139	117	38	1	1	26	0.00714286	140	0.752688	FALSE	NA	NA	NA	NA	NA	NA
NC_045512.2	28271	A	T	0	0	0	17	17	33	1	17	8.57043e-10	TRUE	NA	NA	NA	NA	NA	NA
NC_045512.2	28363	A	T	0	0	0	12	0	34	1	12	7.39602e-07	TRUE	NA	NA	NA	NA	NA	NA
NC_045512.2	28435	C	T	68	59	38	1	1	26	0.0144928	69	0.50365	FALSE	NA	NA	NA	NA	NA	NA
NC_045512.2	28447	A	G	62	59	36	3	3	34	0.0461538	65	0.124977	FALSE	NA	NA	NA	NA	NA	NA
NC_045512.2	28755	T	C	10	8	36	2	2	30	0.166667	12	0.26087	FALSE	NA	NA	NA	NA	NA	NA
NC_045512.2	29510	A	C	0	0	0	1	1	34	1	1	1	FALSE	NA	NA	NA	NA	NA	NA
