REGION	POS	REF	ALT	REF_DP	REF_RV	REF_QUAL	ALT_DP	ALT_RV	ALT_QUAL	ALT_FREQ	TOTAL_DP	PVAL	PASS	GFF_FEATURE	REF_CODON	REF_AA	ALT_CODON	ALT_AA	POS_AA
NC_045512.2	1788	A	-T	39	38	40	1	0	20	0.025641	39	0.512821	FALSE	NA	NA	NA	NA	NA	NA
NC_045512.2	2334	C	T	0	0	0	3	3	39	1	3	0.1	FALSE	NA	NA	NA	NA	NA	NA
NC_045512.2	3244	C	T	45	3	42	1	0	27	0.0217391	46	0.505495	FALSE	NA	NA	NA	NA	NA	NA
NC_045512.2	3665	G	T	15	15	37	1	1	37	0.0625	16	0.516129	FALSE	NA	NA	NA	NA	NA	NA
NC_045512.2	4184	G	A	0	0	0	4	0	39	1	4	0.0285714	FALSE	NA	NA	NA	NA	NA	NA
NC_045512.2	4834	A	C	92	66	39	1	0	39	0.0107527	93	0.502703	FALSE	NA	NA	NA	NA	NA	NA
NC_045512.2	4877	A	T	61	61	37	1	1	38	0.016129	62	0.504065	FALSE	NA	NA	NA	NA	NA	NA
NC_045512.2	5720	G	A	62	10	45	28	0	38	0.311111	90	3.64931e-10	TRUE	NA	NA	NA	NA	NA	NA
NC_045512.2	10262	G	T	90	18	38	1	0	31	0.010989	91	0.502762	FALSE	NA	NA	NA	NA	NA	NA
NC_045512.2	12663	C	T	10	1	40	1	0	39	0.0909091	11	0.52381	FALSE	NA	NA	NA	NA	NA	NA
NC_045512.2	15714	C	T	0	0	0	36	20	39	1	36	4.51965e-21	TRUE	NA	NA	NA	NA	NA	NA
NC_045512.2	15738	C	T	90	34	38	26	3	38	0.224138	116	3.46404e-09	TRUE	NA	NA	NA	NA	NA	NA
NC_045512.2	16342	T	C	0	0	0	3	3	33	1	3	0.1	FALSE	NA	NA	NA	NA	NA	NA
NC_045512.2	17810	T	C	0	0	0	3	1	38	1	3	0.1	FALSE	NA	NA	NA	NA	NA	NA
NC_045512.2	17859	T	C	0	0	0	3	2	38	1	3	0.1	FALSE	NA	NA	NA	NA	NA	NA
NC_045512.2	18703	G	T	38	0	40	9	0	38	0.191489	47	0.00141672	TRUE	NA	NA	NA	NA	NA	NA
NC_045512.2	22021	G	T	0	0	0	1	0	39	1	1	1	FALSE	NA	NA	NA	NA	NA	NA
NC_045512.2	22115	A	-ATT	1	1	39	1	0	20	1	1	1	FALSE	NA	NA	NA	NA	NA	NA
NC_045512.2	28773	T	C	24	24	37	1	1	34	0.04	25	0.510204	FALSE	NA	NA	NA	NA	NA	NA
