REGION	POS	REF	ALT	REF_DP	REF_RV	REF_QUAL	ALT_DP	ALT_RV	ALT_QUAL	ALT_FREQ	TOTAL_DP	PVAL	PASS	GFF_FEATURE	REF_CODON	REF_AA	ALT_CODON	ALT_AA	POS_AA
NC_045512.2	200	T	G	0	0	0	1	0	34	1	1	1	FALSE	NA	NA	NA	NA	NA	NA
NC_045512.2	241	C	T	0	0	0	1	1	34	1	1	1	FALSE	NA	NA	NA	NA	NA	NA
NC_045512.2	2621	A	T	3	0	34	1	0	26	0.25	4	0.571429	FALSE	NA	NA	NA	NA	NA	NA
NC_045512.2	2628	T	C	4	0	38	1	1	20	0.2	5	0.555556	FALSE	NA	NA	NA	NA	NA	NA
NC_045512.2	5142	C	G	12	9	36	3	0	27	0.2	15	0.124521	FALSE	NA	NA	NA	NA	NA	NA
NC_045512.2	9986	T	C	16	8	35	1	1	26	0.0588235	17	0.515152	FALSE	NA	NA	NA	NA	NA	NA
NC_045512.2	13099	A	C	85	83	34	1	1	34	0.0116279	86	0.502924	FALSE	NA	NA	NA	NA	NA	NA
NC_045512.2	15714	C	T	0	0	0	2	0	34	1	2	0.333333	FALSE	NA	NA	NA	NA	NA	NA
NC_045512.2	15738	C	T	0	0	0	12	2	32	1	12	7.39602e-07	TRUE	NA	NA	NA	NA	NA	NA
NC_045512.2	16123	T	G	15	13	30	1	1	34	0.0625	16	0.516129	FALSE	NA	NA	NA	NA	NA	NA
NC_045512.2	16342	T	C	3	2	42	1	1	34	0.25	4	0.571429	FALSE	NA	NA	NA	NA	NA	NA
NC_045512.2	17124	T	C	5	0	32	1	0	34	0.166667	6	0.545455	FALSE	NA	NA	NA	NA	NA	NA
NC_045512.2	22108	A	T	0	0	0	1	1	34	1	1	1	FALSE	NA	NA	NA	NA	NA	NA
NC_045512.2	22109	C	G	0	0	0	1	1	26	1	1	1	FALSE	NA	NA	NA	NA	NA	NA
NC_045512.2	23123	C	T	0	0	0	1	0	34	1	1	1	FALSE	NA	NA	NA	NA	NA	NA
NC_045512.2	23403	A	G	0	0	0	5	1	40	1	5	0.00793651	TRUE	NA	NA	NA	NA	NA	NA
NC_045512.2	27384	T	C	0	0	0	2	0	34	1	2	0.333333	FALSE	NA	NA	NA	NA	NA	NA
NC_045512.2	27881	C	G	70	48	35	1	0	34	0.0140845	71	0.503546	FALSE	NA	NA	NA	NA	NA	NA
NC_045512.2	27915	G	T	24	20	33	19	17	33	0.44186	43	1.88153e-07	TRUE	NA	NA	NA	NA	NA	NA
NC_045512.2	27938	A	C	33	27	35	1	1	27	0.0294118	34	0.507463	FALSE	NA	NA	NA	NA	NA	NA
NC_045512.2	28209	G	C	0	0	0	1	1	34	1	1	1	FALSE	NA	NA	NA	NA	NA	NA
NC_045512.2	28221	G	C	0	0	0	1	1	34	1	1	1	FALSE	NA	NA	NA	NA	NA	NA
NC_045512.2	28271	A	T	0	0	0	1	1	34	1	1	1	FALSE	NA	NA	NA	NA	NA	NA
NC_045512.2	28424	T	A	9	6	37	1	0	26	0.1	10	0.526316	FALSE	NA	NA	NA	NA	NA	NA
