REGION	POS	REF	ALT	REF_DP	REF_RV	REF_QUAL	ALT_DP	ALT_RV	ALT_QUAL	ALT_FREQ	TOTAL_DP	PVAL	PASS	GFF_FEATURE	REF_CODON	REF_AA	ALT_CODON	ALT_AA	POS_AA
NC_045512.2	28180	G	T	349	195	42	1	0	37	0.00285714	350	0.500715	FALSE	NA	NA	NA	NA	NA	NA
NC_045512.2	28209	G	A	303	110	42	1	0	37	0.00328947	304	0.500824	FALSE	NA	NA	NA	NA	NA	NA
NC_045512.2	28271	A	T	0	0	0	236	236	38	1	236	4.4682e-141	TRUE	NA	NA	NA	NA	NA	NA
NC_045512.2	28719	G	T	91	49	40	1	1	35	0.0108696	92	0.502732	FALSE	NA	NA	NA	NA	NA	NA
