REGION	POS	REF	ALT	REF_DP	REF_RV	REF_QUAL	ALT_DP	ALT_RV	ALT_QUAL	ALT_FREQ	TOTAL_DP	PVAL	PASS	GFF_FEATURE	REF_CODON	REF_AA	ALT_CODON	ALT_AA	POS_AA
NC_045512.2	1673	A	T	4	0	38	1	0	38	0.2	5	0.555556	FALSE	NA	NA	NA	NA	NA	NA
NC_045512.2	3605	T	C	13	11	38	1	1	34	0.0714286	14	0.518519	FALSE	NA	NA	NA	NA	NA	NA
NC_045512.2	5720	G	A	0	0	0	34	2	38	1	34	7.02913e-20	TRUE	NA	NA	NA	NA	NA	NA
NC_045512.2	9693	C	T	0	0	0	7	4	38	1	7	0.000582751	TRUE	NA	NA	NA	NA	NA	NA
NC_045512.2	13077	C	T	31	25	40	1	1	39	0.03125	32	0.507937	FALSE	NA	NA	NA	NA	NA	NA
NC_045512.2	13970	A	G	8	4	37	1	0	34	0.111111	9	0.529412	FALSE	NA	NA	NA	NA	NA	NA
NC_045512.2	15714	C	T	0	0	0	12	4	38	1	12	7.39602e-07	TRUE	NA	NA	NA	NA	NA	NA
NC_045512.2	15738	C	T	1	0	39	41	4	38	0.97619	42	5.00324e-23	TRUE	NA	NA	NA	NA	NA	NA
NC_045512.2	15758	A	G	158	58	41	1	1	39	0.00628931	159	0.501577	FALSE	NA	NA	NA	NA	NA	NA
NC_045512.2	16038	T	C	131	22	40	1	0	39	0.00757576	132	0.501901	FALSE	NA	NA	NA	NA	NA	NA
NC_045512.2	18492	A	G	0	0	0	4	4	37	1	4	0.0285714	FALSE	NA	NA	NA	NA	NA	NA
NC_045512.2	19326	A	G	0	0	0	2	0	38	1	2	0.333333	FALSE	NA	NA	NA	NA	NA	NA
NC_045512.2	21718	G	T	0	0	0	1	1	39	1	1	1	FALSE	NA	NA	NA	NA	NA	NA
NC_045512.2	23403	A	G	0	0	0	15	4	38	1	15	1.28935e-08	TRUE	NA	NA	NA	NA	NA	NA
NC_045512.2	25572	C	T	0	0	0	1	1	39	1	1	1	FALSE	NA	NA	NA	NA	NA	NA
NC_045512.2	27384	T	C	0	0	0	1	1	37	1	1	1	FALSE	NA	NA	NA	NA	NA	NA
NC_045512.2	27915	G	T	0	0	0	28	24	38	1	28	2.61483e-16	TRUE	NA	NA	NA	NA	NA	NA
NC_045512.2	28271	A	T	0	0	0	133	133	38	1	133	3.45112e-79	TRUE	NA	NA	NA	NA	NA	NA
NC_045512.2	28363	A	T	0	0	0	7	0	35	1	7	0.000582751	TRUE	NA	NA	NA	NA	NA	NA
