REGION	POS	REF	ALT	REF_DP	REF_RV	REF_QUAL	ALT_DP	ALT_RV	ALT_QUAL	ALT_FREQ	TOTAL_DP	PVAL	PASS	GFF_FEATURE	REF_CODON	REF_AA	ALT_CODON	ALT_AA	POS_AA
NC_045512.2	1110	A	C	3	1	34	1	0	26	0.25	4	0.571429	FALSE	NA	NA	NA	NA	NA	NA
NC_045512.2	5720	G	A	0	0	0	13	1	36	1	13	1.92297e-07	TRUE	NA	NA	NA	NA	NA	NA
NC_045512.2	9973	G	C	0	0	0	1	1	34	1	1	1	FALSE	NA	NA	NA	NA	NA	NA
NC_045512.2	11164	T	G	10	3	34	1	0	34	0.0909091	11	0.52381	FALSE	NA	NA	NA	NA	NA	NA
NC_045512.2	13055	T	A	129	103	33	1	0	20	0.00769231	130	0.752896	FALSE	NA	NA	NA	NA	NA	NA
NC_045512.2	15714	C	T	0	0	0	1	0	34	1	1	1	FALSE	NA	NA	NA	NA	NA	NA
NC_045512.2	15738	C	T	0	0	0	6	1	32	1	6	0.0021645	TRUE	NA	NA	NA	NA	NA	NA
NC_045512.2	20631	T	C	3	3	34	1	1	34	0.25	4	0.571429	FALSE	NA	NA	NA	NA	NA	NA
NC_045512.2	23403	A	G	0	0	0	2	1	34	1	2	0.333333	FALSE	NA	NA	NA	NA	NA	NA
NC_045512.2	25305	G	T	5	5	34	1	1	34	0.166667	6	0.545455	FALSE	NA	NA	NA	NA	NA	NA
NC_045512.2	25584	C	T	0	0	0	1	1	34	1	1	1	FALSE	NA	NA	NA	NA	NA	NA
NC_045512.2	26154	A	G	78	29	36	1	0	34	0.0126582	79	0.503185	FALSE	NA	NA	NA	NA	NA	NA
NC_045512.2	26200	A	T	158	136	40	1	1	26	0.00628931	159	0.752366	FALSE	NA	NA	NA	NA	NA	NA
NC_045512.2	26709	G	A	0	0	0	1	0	34	1	1	1	FALSE	NA	NA	NA	NA	NA	NA
NC_045512.2	27915	G	T	0	0	0	51	44	33	1	51	5.00489e-30	TRUE	NA	NA	NA	NA	NA	NA
NC_045512.2	27943	A	C	81	74	37	1	1	34	0.0121951	82	0.503067	FALSE	NA	NA	NA	NA	NA	NA
NC_045512.2	28351	T	C	22	0	31	1	0	34	0.0434783	23	0.511111	FALSE	NA	NA	NA	NA	NA	NA
NC_045512.2	28352	A	G	19	0	32	1	0	26	0.05	20	0.512821	FALSE	NA	NA	NA	NA	NA	NA
NC_045512.2	28363	A	T	0	0	0	2	0	34	1	2	0.333333	FALSE	NA	NA	NA	NA	NA	NA
NC_045512.2	28447	A	G	0	0	0	10	10	33	1	10	1.08251e-05	TRUE	NA	NA	NA	NA	NA	NA
NC_045512.2	29596	A	T	4	0	30	1	0	34	0.2	5	0.555556	FALSE	NA	NA	NA	NA	NA	NA
NC_045512.2	29675	C	T	11	10	40	1	1	34	0.0833333	12	0.521739	FALSE	NA	NA	NA	NA	NA	NA
