REGION	POS	REF	ALT	REF_DP	REF_RV	REF_QUAL	ALT_DP	ALT_RV	ALT_QUAL	ALT_FREQ	TOTAL_DP	PVAL	PASS	GFF_FEATURE	REF_CODON	REF_AA	ALT_CODON	ALT_AA	POS_AA
NC_045512.2	891	G	-TAAAGCTTCATGCACTT	4	3	46	1	0	20	0.25	4	0.625	FALSE	NA	NA	NA	NA	NA	NA
NC_045512.2	1753	T	-A	1	0	37	1	0	20	1	1	1	FALSE	NA	NA	NA	NA	NA	NA
NC_045512.2	2134	A	T	1	1	37	1	1	37	0.5	2	0.666667	FALSE	NA	NA	NA	NA	NA	NA
NC_045512.2	2146	C	A	1	1	37	1	1	37	0.5	2	0.666667	FALSE	NA	NA	NA	NA	NA	NA
NC_045512.2	4125	T	G	2	0	37	1	0	37	0.333333	3	0.6	FALSE	NA	NA	NA	NA	NA	NA
NC_045512.2	4131	A	C	2	0	37	1	0	37	0.333333	3	0.6	FALSE	NA	NA	NA	NA	NA	NA
NC_045512.2	6067	T	G	1	1	37	1	1	37	0.5	2	0.666667	FALSE	NA	NA	NA	NA	NA	NA
NC_045512.2	6273	A	G	3	0	37	1	0	37	0.25	4	0.571429	FALSE	NA	NA	NA	NA	NA	NA
NC_045512.2	8288	C	G	1	0	37	1	1	25	0.5	2	0.666667	FALSE	NA	NA	NA	NA	NA	NA
NC_045512.2	10404	G	A	7	1	52	1	0	37	0.125	8	0.533333	FALSE	NA	NA	NA	NA	NA	NA
NC_045512.2	15206	T	A	2	1	37	1	0	37	0.333333	3	0.6	FALSE	NA	NA	NA	NA	NA	NA
NC_045512.2	15245	T	+A	4	1	43	1	0	20	0.25	4	0.625	FALSE	NA	NA	NA	NA	NA	NA
NC_045512.2	15314	C	T	2	1	55	1	1	37	0.333333	3	0.6	FALSE	NA	NA	NA	NA	NA	NA
NC_045512.2	15489	A	-G	4	0	55	1	0	20	0.25	4	0.625	FALSE	NA	NA	NA	NA	NA	NA
NC_045512.2	17083	C	A	10	3	48	1	0	62	0.0909091	11	0.52381	FALSE	NA	NA	NA	NA	NA	NA
NC_045512.2	17322	A	C	1	0	37	1	1	37	0.5	2	0.666667	FALSE	NA	NA	NA	NA	NA	NA
NC_045512.2	18661	T	C	5	2	37	1	0	37	0.166667	6	0.545455	FALSE	NA	NA	NA	NA	NA	NA
NC_045512.2	18804	C	T	6	6	35	1	1	37	0.142857	7	0.538462	FALSE	NA	NA	NA	NA	NA	NA
NC_045512.2	20687	C	A	0	0	0	1	0	25	1	1	1	FALSE	NA	NA	NA	NA	NA	NA
NC_045512.2	20734	G	T	1	0	37	1	0	37	0.5	2	0.666667	FALSE	NA	NA	NA	NA	NA	NA
NC_045512.2	21026	A	C	2	0	37	1	0	25	0.333333	3	0.6	FALSE	NA	NA	NA	NA	NA	NA
NC_045512.2	21273	T	C	2	2	37	1	1	37	0.333333	3	0.6	FALSE	NA	NA	NA	NA	NA	NA
NC_045512.2	23317	T	C	0	0	0	1	1	37	1	1	1	FALSE	NA	NA	NA	NA	NA	NA
