REGION	POS	REF	ALT	REF_DP	REF_RV	REF_QUAL	ALT_DP	ALT_RV	ALT_QUAL	ALT_FREQ	TOTAL_DP	PVAL	PASS	GFF_FEATURE	REF_CODON	REF_AA	ALT_CODON	ALT_AA	POS_AA
NC_045512.2	670	T	G	0	0	0	5	0	39	1	5	0.00793651	TRUE	NA	NA	NA	NA	NA	NA
NC_045512.2	696	A	C	5	0	38	1	0	39	0.166667	6	0.545455	FALSE	NA	NA	NA	NA	NA	NA
NC_045512.2	1338	G	T	0	0	0	9	9	37	1	9	4.11353e-05	TRUE	NA	NA	NA	NA	NA	NA
NC_045512.2	2629	T	C	12	0	37	1	0	39	0.0769231	13	0.52	FALSE	NA	NA	NA	NA	NA	NA
NC_045512.2	12341	A	T	71	0	38	1	0	39	0.0138889	72	0.503497	FALSE	NA	NA	NA	NA	NA	NA
NC_045512.2	12388	T	A	4	0	37	62	62	38	0.939394	66	4.58148e-33	TRUE	NA	NA	NA	NA	NA	NA
NC_045512.2	12475	A	G	159	0	38	1	0	39	0.00625	160	0.501567	FALSE	NA	NA	NA	NA	NA	NA
NC_045512.2	12483	T	C	294	0	37	1	0	33	0.00338983	295	0.500849	FALSE	NA	NA	NA	NA	NA	NA
NC_045512.2	12485	A	G	300	49	50	1	0	36	0.00332226	301	0.500832	FALSE	NA	NA	NA	NA	NA	NA
NC_045512.2	12487	A	G	302	49	50	1	0	39	0.00330033	303	0.500826	FALSE	NA	NA	NA	NA	NA	NA
NC_045512.2	12525	C	T	203	203	38	1	1	39	0.00490196	204	0.501229	FALSE	NA	NA	NA	NA	NA	NA
NC_045512.2	17410	C	T	0	0	0	2	2	39	1	2	0.333333	FALSE	NA	NA	NA	NA	NA	NA
NC_045512.2	18470	A	G	7	7	38	1	1	39	0.125	8	0.533333	FALSE	NA	NA	NA	NA	NA	NA
NC_045512.2	19663	T	C	8	8	38	1	1	39	0.111111	9	0.529412	FALSE	NA	NA	NA	NA	NA	NA
NC_045512.2	22195	T	C	0	0	0	1	0	33	1	1	1	FALSE	NA	NA	NA	NA	NA	NA
NC_045512.2	22200	T	A	0	0	0	1	0	39	1	1	1	FALSE	NA	NA	NA	NA	NA	NA
NC_045512.2	22317	G	T	0	0	0	1	0	39	1	1	1	FALSE	NA	NA	NA	NA	NA	NA
NC_045512.2	25416	C	T	0	0	0	1	1	39	1	1	1	FALSE	NA	NA	NA	NA	NA	NA
NC_045512.2	25962	T	C	9	0	37	1	0	36	0.1	10	0.526316	FALSE	NA	NA	NA	NA	NA	NA
