REGION	POS	REF	ALT	REF_DP	REF_RV	REF_QUAL	ALT_DP	ALT_RV	ALT_QUAL	ALT_FREQ	TOTAL_DP	PVAL	PASS	GFF_FEATURE	REF_CODON	REF_AA	ALT_CODON	ALT_AA	POS_AA
NC_045512.2	3596	G	T	3	3	34	1	1	27	0.25	4	0.571429	FALSE	NA	NA	NA	NA	NA	NA
NC_045512.2	5406	T	C	2	1	47	1	1	34	0.333333	3	0.6	FALSE	NA	NA	NA	NA	NA	NA
NC_045512.2	9344	C	T	0	0	0	1	1	34	1	1	1	FALSE	NA	NA	NA	NA	NA	NA
NC_045512.2	9637	A	G	7	1	42	1	0	34	0.125	8	0.533333	FALSE	NA	NA	NA	NA	NA	NA
NC_045512.2	10029	C	T	0	0	0	1	1	34	1	1	1	FALSE	NA	NA	NA	NA	NA	NA
NC_045512.2	12730	T	A	1	1	34	2	0	34	0.666667	3	0.3	FALSE	NA	NA	NA	NA	NA	NA
NC_045512.2	13036	A	C	86	64	41	2	2	26	0.0227273	88	0.251429	FALSE	NA	NA	NA	NA	NA	NA
NC_045512.2	15202	G	C	3	3	34	1	1	34	0.25	4	0.571429	FALSE	NA	NA	NA	NA	NA	NA
NC_045512.2	15714	C	T	0	0	0	2	0	34	1	2	0.333333	FALSE	NA	NA	NA	NA	NA	NA
NC_045512.2	15738	C	T	0	0	0	12	1	33	1	12	7.39602e-07	TRUE	NA	NA	NA	NA	NA	NA
NC_045512.2	17410	C	T	0	0	0	1	1	34	1	1	1	FALSE	NA	NA	NA	NA	NA	NA
NC_045512.2	17483	C	A	13	1	36	1	0	26	0.0714286	14	0.518519	FALSE	NA	NA	NA	NA	NA	NA
NC_045512.2	17859	T	C	0	0	0	2	2	34	1	2	0.333333	FALSE	NA	NA	NA	NA	NA	NA
NC_045512.2	18492	A	G	3	3	34	3	3	34	0.5	6	0.121212	FALSE	NA	NA	NA	NA	NA	NA
NC_045512.2	20291	G	C	23	15	37	1	1	26	0.0416667	24	0.510638	FALSE	NA	NA	NA	NA	NA	NA
NC_045512.2	25584	C	T	0	0	0	1	1	34	1	1	1	FALSE	NA	NA	NA	NA	NA	NA
NC_045512.2	26225	A	G	33	33	33	1	1	34	0.0294118	34	0.507463	FALSE	NA	NA	NA	NA	NA	NA
NC_045512.2	26797	G	T	13	2	33	1	1	34	0.0714286	14	0.518519	FALSE	NA	NA	NA	NA	NA	NA
NC_045512.2	27317	A	C	22	2	34	1	1	27	0.0434783	23	0.511111	FALSE	NA	NA	NA	NA	NA	NA
NC_045512.2	27382	G	C	0	0	0	1	1	34	1	1	1	FALSE	NA	NA	NA	NA	NA	NA
NC_045512.2	27915	G	T	0	0	0	15	10	32	1	15	1.28935e-08	TRUE	NA	NA	NA	NA	NA	NA
NC_045512.2	28271	A	T	0	0	0	28	28	33	1	28	2.61483e-16	TRUE	NA	NA	NA	NA	NA	NA
NC_045512.2	29028	C	G	8	7	34	1	0	34	0.111111	9	0.529412	FALSE	NA	NA	NA	NA	NA	NA
