REGION	POS	REF	ALT	REF_DP	REF_RV	REF_QUAL	ALT_DP	ALT_RV	ALT_QUAL	ALT_FREQ	TOTAL_DP	PVAL	PASS	GFF_FEATURE	REF_CODON	REF_AA	ALT_CODON	ALT_AA	POS_AA
NC_045512.2	792	A	T	17	0	34	1	0	26	0.0555556	18	0.514286	FALSE	NA	NA	NA	NA	NA	NA
NC_045512.2	900	C	T	1	1	34	1	1	34	0.5	2	0.666667	FALSE	NA	NA	NA	NA	NA	NA
NC_045512.2	7101	C	T	6	6	32	1	1	34	0.142857	7	0.538462	FALSE	NA	NA	NA	NA	NA	NA
NC_045512.2	13627	G	A	84	13	37	3	1	34	0.0344828	87	0.124987	FALSE	NA	NA	NA	NA	NA	NA
NC_045512.2	17410	C	T	0	0	0	4	1	34	1	4	0.0285714	FALSE	NA	NA	NA	NA	NA	NA
NC_045512.2	18703	G	T	16	16	38	10	10	34	0.384615	26	0.000415703	TRUE	NA	NA	NA	NA	NA	NA
NC_045512.2	19326	A	G	0	0	0	8	7	34	1	8	0.0001554	TRUE	NA	NA	NA	NA	NA	NA
NC_045512.2	19955	C	T	0	0	0	1	1	34	1	1	1	FALSE	NA	NA	NA	NA	NA	NA
NC_045512.2	22101	A	T	4	4	34	1	1	34	0.2	5	0.555556	FALSE	NA	NA	NA	NA	NA	NA
NC_045512.2	22109	C	G	0	0	0	2	2	34	1	2	0.333333	FALSE	NA	NA	NA	NA	NA	NA
NC_045512.2	23983	A	G	17	2	37	1	0	34	0.0555556	18	0.514286	FALSE	NA	NA	NA	NA	NA	NA
NC_045512.2	25572	C	T	2	0	30	1	0	34	0.333333	3	0.6	FALSE	NA	NA	NA	NA	NA	NA
NC_045512.2	26577	C	G	0	0	0	6	5	34	1	6	0.0021645	TRUE	NA	NA	NA	NA	NA	NA
NC_045512.2	27384	T	C	0	0	0	1	0	34	1	1	1	FALSE	NA	NA	NA	NA	NA	NA
NC_045512.2	27807	C	T	0	0	0	4	4	34	1	4	0.0285714	FALSE	NA	NA	NA	NA	NA	NA
NC_045512.2	28271	A	T	0	0	0	1	0	34	1	1	1	FALSE	NA	NA	NA	NA	NA	NA
NC_045512.2	28297	T	C	0	0	0	2	0	34	1	2	0.333333	FALSE	NA	NA	NA	NA	NA	NA
NC_045512.2	28311	C	T	1	0	34	1	0	26	0.5	2	0.666667	FALSE	NA	NA	NA	NA	NA	NA
NC_045512.2	28363	A	T	0	0	0	1	0	34	1	1	1	FALSE	NA	NA	NA	NA	NA	NA
NC_045512.2	28648	T	G	59	18	41	1	0	27	0.0166667	60	0.504202	FALSE	NA	NA	NA	NA	NA	NA
NC_045512.2	28677	C	T	50	36	34	1	0	34	0.0196078	51	0.50495	FALSE	NA	NA	NA	NA	NA	NA
NC_045512.2	29386	C	T	13	9	39	1	1	34	0.0714286	14	0.518519	FALSE	NA	NA	NA	NA	NA	NA
