REGION	POS	REF	ALT	REF_DP	REF_RV	REF_QUAL	ALT_DP	ALT_RV	ALT_QUAL	ALT_FREQ	TOTAL_DP	PVAL	PASS	GFF_FEATURE	REF_CODON	REF_AA	ALT_CODON	ALT_AA	POS_AA
NC_045512.2	10029	C	T	0	0	0	1	1	26	1	1	1	FALSE	NA	NA	NA	NA	NA	NA
NC_045512.2	11442	C	G	25	2	36	1	1	27	0.0384615	26	0.509804	FALSE	NA	NA	NA	NA	NA	NA
NC_045512.2	12652	A	T	41	0	31	1	0	34	0.0238095	42	0.506024	FALSE	NA	NA	NA	NA	NA	NA
NC_045512.2	12730	T	A	46	31	36	4	3	32	0.08	50	0.0611788	FALSE	NA	NA	NA	NA	NA	NA
NC_045512.2	13331	T	A	57	14	33	1	0	26	0.0172414	58	0.504348	FALSE	NA	NA	NA	NA	NA	NA
NC_045512.2	13339	T	C	0	0	0	20	3	34	1	20	1.45089e-11	TRUE	NA	NA	NA	NA	NA	NA
NC_045512.2	15714	C	T	0	0	0	10	1	33	1	10	1.08251e-05	TRUE	NA	NA	NA	NA	NA	NA
NC_045512.2	15738	C	T	0	0	0	31	5	33	1	31	4.29712e-18	TRUE	NA	NA	NA	NA	NA	NA
NC_045512.2	16067	A	T	189	49	36	1	1	26	0.00526316	190	0.751979	FALSE	NA	NA	NA	NA	NA	NA
NC_045512.2	16342	T	C	0	0	0	6	6	34	1	6	0.0021645	TRUE	NA	NA	NA	NA	NA	NA
NC_045512.2	17410	C	T	0	0	0	1	1	34	1	1	1	FALSE	NA	NA	NA	NA	NA	NA
NC_045512.2	17553	A	T	283	226	43	1	1	26	0.00352113	284	0.876322	FALSE	NA	NA	NA	NA	NA	NA
NC_045512.2	22109	C	G	0	0	0	1	1	34	1	1	1	FALSE	NA	NA	NA	NA	NA	NA
NC_045512.2	23403	A	G	0	0	0	7	4	34	1	7	0.000582751	TRUE	NA	NA	NA	NA	NA	NA
NC_045512.2	25584	C	T	0	0	0	1	1	34	1	1	1	FALSE	NA	NA	NA	NA	NA	NA
NC_045512.2	27384	T	C	0	0	0	3	0	34	1	3	0.1	FALSE	NA	NA	NA	NA	NA	NA
NC_045512.2	28172	T	A	164	44	37	1	1	34	0.00606061	165	0.50152	FALSE	NA	NA	NA	NA	NA	NA
NC_045512.2	28271	A	T	0	0	0	94	94	33	1	94	8.77217e-56	TRUE	NA	NA	NA	NA	NA	NA
NC_045512.2	29301	A	T	86	9	35	1	0	34	0.0114943	87	0.50289	FALSE	NA	NA	NA	NA	NA	NA
