REGION	POS	REF	ALT	REF_DP	REF_RV	REF_QUAL	ALT_DP	ALT_RV	ALT_QUAL	ALT_FREQ	TOTAL_DP	PVAL	PASS	GFF_FEATURE	REF_CODON	REF_AA	ALT_CODON	ALT_AA	POS_AA
NC_045512.2	670	T	G	2	0	39	1	0	38	0.333333	3	0.6	FALSE	NA	NA	NA	NA	NA	NA
NC_045512.2	679	C	T	300	0	36	1	0	34	0.00332226	301	0.500832	FALSE	NA	NA	NA	NA	NA	NA
NC_045512.2	681	A	T	254	0	34	1	0	27	0.00392157	255	0.876472	FALSE	NA	NA	NA	NA	NA	NA
NC_045512.2	717	C	T	299	299	37	1	1	39	0.00333333	300	0.500835	FALSE	NA	NA	NA	NA	NA	NA
NC_045512.2	720	A	G	311	311	38	1	1	39	0.00320513	312	0.500803	FALSE	NA	NA	NA	NA	NA	NA
NC_045512.2	721	T	C	309	309	38	1	1	39	0.00322581	310	0.500808	FALSE	NA	NA	NA	NA	NA	NA
NC_045512.2	2781	T	C	1	1	39	1	1	39	0.5	2	0.666667	FALSE	NA	NA	NA	NA	NA	NA
NC_045512.2	4795	C	G	0	0	0	1	1	39	1	1	1	FALSE	NA	NA	NA	NA	NA	NA
NC_045512.2	5221	C	T	104	104	38	1	1	39	0.00952381	105	0.502392	FALSE	NA	NA	NA	NA	NA	NA
NC_045512.2	8758	T	C	34	0	38	1	0	39	0.0285714	35	0.507246	FALSE	NA	NA	NA	NA	NA	NA
NC_045512.2	9580	T	C	4	0	39	1	0	38	0.2	5	0.555556	FALSE	NA	NA	NA	NA	NA	NA
NC_045512.2	10569	A	G	46	46	38	1	1	39	0.0212766	47	0.505376	FALSE	NA	NA	NA	NA	NA	NA
NC_045512.2	12526	A	G	46	46	38	1	1	39	0.0212766	47	0.505376	FALSE	NA	NA	NA	NA	NA	NA
NC_045512.2	15291	G	T	6	6	31	2	0	27	0.25	8	0.266667	FALSE	NA	NA	NA	NA	NA	NA
NC_045512.2	17410	C	T	0	0	0	1	1	39	1	1	1	FALSE	NA	NA	NA	NA	NA	NA
NC_045512.2	18088	G	A	0	0	0	1	0	39	1	1	1	FALSE	NA	NA	NA	NA	NA	NA
NC_045512.2	18492	A	G	0	0	0	1	1	38	1	1	1	FALSE	NA	NA	NA	NA	NA	NA
NC_045512.2	20233	C	T	11	1	38	1	0	39	0.0833333	12	0.521739	FALSE	NA	NA	NA	NA	NA	NA
NC_045512.2	21618	C	T	0	0	0	2	2	39	1	2	0.333333	FALSE	NA	NA	NA	NA	NA	NA
NC_045512.2	22196	T	A	0	0	0	2	0	38	1	2	0.333333	FALSE	NA	NA	NA	NA	NA	NA
NC_045512.2	22200	T	A	0	0	0	2	0	38	1	2	0.333333	FALSE	NA	NA	NA	NA	NA	NA
NC_045512.2	22396	A	C	2	1	56	2	2	38	0.5	4	0.285714	FALSE	NA	NA	NA	NA	NA	NA
NC_045512.2	22992	G	A	0	0	0	2	2	38	1	2	0.333333	FALSE	NA	NA	NA	NA	NA	NA
NC_045512.2	22995	C	G	0	0	0	1	1	33	0.5	2	0.5	FALSE	NA	NA	NA	NA	NA	NA
NC_045512.2	22995	C	A	0	0	0	1	1	37	0.5	2	0.5	FALSE	NA	NA	NA	NA	NA	NA
NC_045512.2	25101	A	G	13	11	38	1	1	33	0.0714286	14	0.518519	FALSE	NA	NA	NA	NA	NA	NA
NC_045512.2	26275	A	G	0	0	0	1	0	37	1	1	1	FALSE	NA	NA	NA	NA	NA	NA
NC_045512.2	26577	C	G	0	0	0	7	0	37	1	7	0.000582751	TRUE	NA	NA	NA	NA	NA	NA
NC_045512.2	27509	C	T	2	2	38	1	1	39	0.333333	3	0.6	FALSE	NA	NA	NA	NA	NA	NA
