REGION	POS	REF	ALT	REF_DP	REF_RV	REF_QUAL	ALT_DP	ALT_RV	ALT_QUAL	ALT_FREQ	TOTAL_DP	PVAL	PASS	GFF_FEATURE	REF_CODON	REF_AA	ALT_CODON	ALT_AA	POS_AA
NC_045512.2	670	T	G	0	0	0	2	0	38	1	2	0.333333	FALSE	NA	NA	NA	NA	NA	NA
NC_045512.2	2246	G	A	1	1	39	1	1	39	0.5	2	0.666667	FALSE	NA	NA	NA	NA	NA	NA
NC_045512.2	5188	T	C	122	0	38	1	0	39	0.00813008	123	0.502041	FALSE	NA	NA	NA	NA	NA	NA
NC_045512.2	5222	A	C	122	122	37	1	1	34	0.00813008	123	0.502041	FALSE	NA	NA	NA	NA	NA	NA
NC_045512.2	12509	A	G	105	79	57	1	1	39	0.00943396	106	0.50237	FALSE	NA	NA	NA	NA	NA	NA
NC_045512.2	16525	T	C	6	6	38	1	1	38	0.142857	7	0.538462	FALSE	NA	NA	NA	NA	NA	NA
NC_045512.2	17299	T	C	17	4	37	1	1	39	0.0555556	18	0.514286	FALSE	NA	NA	NA	NA	NA	NA
NC_045512.2	17410	C	T	0	0	0	14	13	40	1	14	4.98547e-08	TRUE	NA	NA	NA	NA	NA	NA
NC_045512.2	18628	T	C	6	0	38	1	0	39	0.142857	7	0.538462	FALSE	NA	NA	NA	NA	NA	NA
NC_045512.2	19524	C	T	0	0	0	1	1	37	1	1	1	FALSE	NA	NA	NA	NA	NA	NA
NC_045512.2	20258	T	C	3	0	36	1	0	37	0.25	4	0.571429	FALSE	NA	NA	NA	NA	NA	NA
NC_045512.2	21545	T	G	0	0	0	1	1	39	1	1	1	FALSE	NA	NA	NA	NA	NA	NA
NC_045512.2	21618	C	T	0	0	0	1	1	37	1	1	1	FALSE	NA	NA	NA	NA	NA	NA
NC_045512.2	21723	T	C	1	1	39	9	0	38	0.9	10	0.000108251	TRUE	NA	NA	NA	NA	NA	NA
NC_045512.2	21872	T	A	0	0	0	9	9	39	1	9	4.11353e-05	TRUE	NA	NA	NA	NA	NA	NA
NC_045512.2	23270	G	A	15	0	37	1	0	36	0.0625	16	0.516129	FALSE	NA	NA	NA	NA	NA	NA
NC_045512.2	23883	A	T	1	0	39	1	0	39	0.5	2	0.666667	FALSE	NA	NA	NA	NA	NA	NA
NC_045512.2	26577	C	G	0	0	0	12	0	37	1	12	7.39602e-07	TRUE	NA	NA	NA	NA	NA	NA
NC_045512.2	27745	A	G	30	30	38	1	1	39	0.0322581	31	0.508197	FALSE	NA	NA	NA	NA	NA	NA
