REGION	POS	REF	ALT	REF_DP	REF_RV	REF_QUAL	ALT_DP	ALT_RV	ALT_QUAL	ALT_FREQ	TOTAL_DP	PVAL	PASS	GFF_FEATURE	REF_CODON	REF_AA	ALT_CODON	ALT_AA	POS_AA
NC_045512.2	2982	A	G	29	12	50	1	0	34	0.0333333	30	0.508475	FALSE	NA	NA	NA	NA	NA	NA
NC_045512.2	3037	C	T	0	0	0	1	1	34	1	1	1	FALSE	NA	NA	NA	NA	NA	NA
NC_045512.2	3556	T	A	36	1	35	1	0	26	0.027027	37	0.506849	FALSE	NA	NA	NA	NA	NA	NA
NC_045512.2	4184	G	A	0	0	0	5	1	34	1	5	0.00793651	TRUE	NA	NA	NA	NA	NA	NA
NC_045512.2	5720	G	A	0	0	0	71	4	33	1	71	5.3671e-42	TRUE	NA	NA	NA	NA	NA	NA
NC_045512.2	7534	T	A	89	4	34	1	0	34	0.0111111	90	0.502793	FALSE	NA	NA	NA	NA	NA	NA
NC_045512.2	8221	T	G	7	7	38	1	1	26	0.125	8	0.533333	FALSE	NA	NA	NA	NA	NA	NA
NC_045512.2	12695	C	A	57	14	35	1	0	26	0.0172414	58	0.504348	FALSE	NA	NA	NA	NA	NA	NA
NC_045512.2	16342	T	C	0	0	0	14	11	35	1	14	4.98547e-08	TRUE	NA	NA	NA	NA	NA	NA
NC_045512.2	16878	A	T	0	0	0	4	2	34	1	4	0.0285714	FALSE	NA	NA	NA	NA	NA	NA
NC_045512.2	16959	G	C	77	70	38	1	1	34	0.0128205	78	0.503226	FALSE	NA	NA	NA	NA	NA	NA
NC_045512.2	17410	C	T	0	0	0	1	1	34	1	1	1	FALSE	NA	NA	NA	NA	NA	NA
NC_045512.2	17529	T	A	120	69	36	1	1	26	0.00826446	121	0.753112	FALSE	NA	NA	NA	NA	NA	NA
NC_045512.2	26101	G	T	28	2	36	1	0	26	0.0344828	29	0.508772	FALSE	NA	NA	NA	NA	NA	NA
NC_045512.2	27915	G	T	0	0	0	24	21	32	1	24	6.20201e-14	TRUE	NA	NA	NA	NA	NA	NA
NC_045512.2	28140	T	C	209	7	35	1	0	34	0.0047619	210	0.501193	FALSE	NA	NA	NA	NA	NA	NA
NC_045512.2	28197	T	G	206	113	35	1	1	34	0.00483092	207	0.501211	FALSE	NA	NA	NA	NA	NA	NA
NC_045512.2	28271	A	T	0	0	0	161	161	33	1	161	5.26861e-96	TRUE	NA	NA	NA	NA	NA	NA
NC_045512.2	28363	A	T	0	0	0	5	0	34	1	5	0.00793651	TRUE	NA	NA	NA	NA	NA	NA
