REGION	POS	REF	ALT	REF_DP	REF_RV	REF_QUAL	ALT_DP	ALT_RV	ALT_QUAL	ALT_FREQ	TOTAL_DP	PVAL	PASS	GFF_FEATURE	REF_CODON	REF_AA	ALT_CODON	ALT_AA	POS_AA
NC_045512.2	2693	A	T	6	4	37	1	1	37	0.142857	7	0.538462	FALSE	NA	NA	NA	NA	NA	NA
NC_045512.2	3037	C	T	0	0	0	2	2	39	1	2	0.333333	FALSE	NA	NA	NA	NA	NA	NA
NC_045512.2	5720	G	A	0	0	0	37	6	39	1	37	1.14539e-21	TRUE	NA	NA	NA	NA	NA	NA
NC_045512.2	12789	C	T	0	0	0	1	1	39	1	1	1	FALSE	NA	NA	NA	NA	NA	NA
NC_045512.2	12970	C	T	0	0	0	11	0	38	1	11	2.83514e-06	TRUE	NA	NA	NA	NA	NA	NA
NC_045512.2	12977	A	G	158	0	37	2	0	37	0.0125	160	0.250784	FALSE	NA	NA	NA	NA	NA	NA
NC_045512.2	14191	T	C	0	0	0	2	0	39	1	2	0.333333	FALSE	NA	NA	NA	NA	NA	NA
NC_045512.2	15668	A	G	65	0	33	1	0	37	0.0151515	66	0.503817	FALSE	NA	NA	NA	NA	NA	NA
NC_045512.2	15714	C	T	0	0	0	23	5	38	1	23	2.42912e-13	TRUE	NA	NA	NA	NA	NA	NA
NC_045512.2	15738	C	T	0	0	0	80	3	38	1	80	2.17285e-47	TRUE	NA	NA	NA	NA	NA	NA
NC_045512.2	15773	G	A	303	207	39	1	0	39	0.00328947	304	0.500824	FALSE	NA	NA	NA	NA	NA	NA
NC_045512.2	16342	T	C	0	0	0	8	6	38	1	8	0.0001554	TRUE	NA	NA	NA	NA	NA	NA
NC_045512.2	17859	T	C	0	0	0	1	0	37	1	1	1	FALSE	NA	NA	NA	NA	NA	NA
NC_045512.2	20055	A	G	0	0	0	2	2	38	1	2	0.333333	FALSE	NA	NA	NA	NA	NA	NA
NC_045512.2	22109	C	G	2	0	38	8	6	38	0.8	10	0.00059538	TRUE	NA	NA	NA	NA	NA	NA
NC_045512.2	23155	T	A	21	10	38	2	2	37	0.0869565	23	0.255556	FALSE	NA	NA	NA	NA	NA	NA
NC_045512.2	23403	A	G	0	0	0	37	9	38	1	37	1.14539e-21	TRUE	NA	NA	NA	NA	NA	NA
NC_045512.2	23437	T	C	63	33	39	2	2	38	0.0307692	65	0.251938	FALSE	NA	NA	NA	NA	NA	NA
NC_045512.2	25867	C	T	32	20	38	2	2	36	0.0588235	34	0.253731	FALSE	NA	NA	NA	NA	NA	NA
NC_045512.2	27915	G	T	0	0	0	30	26	38	1	30	1.69112e-17	TRUE	NA	NA	NA	NA	NA	NA
NC_045512.2	28225	A	G	245	168	41	1	1	38	0.00406504	246	0.501018	FALSE	NA	NA	NA	NA	NA	NA
NC_045512.2	28271	A	T	0	0	0	132	132	38	1	132	1.37526e-78	TRUE	NA	NA	NA	NA	NA	NA
NC_045512.2	28363	A	T	0	0	0	1	0	31	1	1	1	FALSE	NA	NA	NA	NA	NA	NA
NC_045512.2	28708	C	T	12	6	38	4	2	37	0.25	16	0.057842	FALSE	NA	NA	NA	NA	NA	NA
