REGION	POS	REF	ALT	REF_DP	REF_RV	REF_QUAL	ALT_DP	ALT_RV	ALT_QUAL	ALT_FREQ	TOTAL_DP	PVAL	PASS	GFF_FEATURE	REF_CODON	REF_AA	ALT_CODON	ALT_AA	POS_AA
NC_045512.2	803	G	T	12	2	44	1	1	27	0.0769231	13	0.52	FALSE	NA	NA	NA	NA	NA	NA
NC_045512.2	2709	T	A	4	3	34	1	0	34	0.2	5	0.555556	FALSE	NA	NA	NA	NA	NA	NA
NC_045512.2	5720	G	A	10	4	39	8	0	35	0.444444	18	0.00185921	TRUE	NA	NA	NA	NA	NA	NA
NC_045512.2	6941	C	T	3	3	34	1	1	34	0.25	4	0.571429	FALSE	NA	NA	NA	NA	NA	NA
NC_045512.2	7578	C	A	13	9	45	1	0	34	0.0714286	14	0.518519	FALSE	NA	NA	NA	NA	NA	NA
NC_045512.2	9693	C	T	0	0	0	2	2	47	1	2	0.333333	FALSE	NA	NA	NA	NA	NA	NA
NC_045512.2	9704	T	C	6	6	34	1	1	26	0.142857	7	0.538462	FALSE	NA	NA	NA	NA	NA	NA
NC_045512.2	9707	A	C	12	12	32	1	1	34	0.0769231	13	0.52	FALSE	NA	NA	NA	NA	NA	NA
NC_045512.2	11209	T	A	0	0	0	1	0	34	1	1	1	FALSE	NA	NA	NA	NA	NA	NA
NC_045512.2	13031	A	G	77	63	36	1	1	34	0.0128205	78	0.503226	FALSE	NA	NA	NA	NA	NA	NA
NC_045512.2	13096	T	-A	11	11	34	6	0	20	0.545455	11	0.0418094	FALSE	NA	NA	NA	NA	NA	NA
NC_045512.2	13099	A	G	5	5	34	3	3	34	0.375	8	0.123077	FALSE	NA	NA	NA	NA	NA	NA
NC_045512.2	14507	A	C	6	0	34	1	1	27	0.142857	7	0.538462	FALSE	NA	NA	NA	NA	NA	NA
NC_045512.2	15180	C	T	1	1	34	2	2	34	0.666667	3	0.3	FALSE	NA	NA	NA	NA	NA	NA
NC_045512.2	16317	T	A	13	9	31	1	0	27	0.0714286	14	0.518519	FALSE	NA	NA	NA	NA	NA	NA
NC_045512.2	16342	T	C	11	6	35	1	1	34	0.0833333	12	0.521739	FALSE	NA	NA	NA	NA	NA	NA
NC_045512.2	16887	C	T	0	0	0	1	0	34	1	1	1	FALSE	NA	NA	NA	NA	NA	NA
NC_045512.2	18492	A	G	1	0	34	4	4	32	0.8	5	0.0396825	FALSE	NA	NA	NA	NA	NA	NA
NC_045512.2	23162	G	T	1	1	34	1	1	34	0.5	2	0.666667	FALSE	NA	NA	NA	NA	NA	NA
NC_045512.2	26145	T	C	21	6	40	1	0	34	0.0454545	22	0.511628	FALSE	NA	NA	NA	NA	NA	NA
NC_045512.2	26200	A	G	32	27	40	1	0	26	0.030303	33	0.507692	FALSE	NA	NA	NA	NA	NA	NA
NC_045512.2	27431	C	T	0	0	0	3	3	34	1	3	0.1	FALSE	NA	NA	NA	NA	NA	NA
NC_045512.2	28156	T	G	14	0	34	2	0	30	0.125	16	0.258065	FALSE	NA	NA	NA	NA	NA	NA
NC_045512.2	28271	A	T	0	0	0	4	4	32	1	4	0.0285714	FALSE	NA	NA	NA	NA	NA	NA
NC_045512.2	29352	A	G	11	2	36	1	0	27	0.0833333	12	0.521739	FALSE	NA	NA	NA	NA	NA	NA
