REGION	POS	REF	ALT	REF_DP	REF_RV	REF_QUAL	ALT_DP	ALT_RV	ALT_QUAL	ALT_FREQ	TOTAL_DP	PVAL	PASS	GFF_FEATURE	REF_CODON	REF_AA	ALT_CODON	ALT_AA	POS_AA
NC_045512.2	2025	C	G	18	8	38	1	0	26	0.0526316	19	0.513514	FALSE	NA	NA	NA	NA	NA	NA
NC_045512.2	12652	A	T	1	0	34	1	0	26	0.5	2	0.666667	FALSE	NA	NA	NA	NA	NA	NA
NC_045512.2	12970	C	T	10	0	33	1	0	34	0.0909091	11	0.52381	FALSE	NA	NA	NA	NA	NA	NA
NC_045512.2	12977	A	C	63	0	32	1	0	34	0.015625	64	0.503937	FALSE	NA	NA	NA	NA	NA	NA
NC_045512.2	13037	A	G	112	74	37	1	0	34	0.00884956	113	0.502222	FALSE	NA	NA	NA	NA	NA	NA
NC_045512.2	13341	A	G	4	3	32	1	0	34	0.2	5	0.555556	FALSE	NA	NA	NA	NA	NA	NA
NC_045512.2	15714	C	T	0	0	0	3	1	34	1	3	0.1	FALSE	NA	NA	NA	NA	NA	NA
NC_045512.2	15738	C	T	0	0	0	7	0	34	1	7	0.000582751	TRUE	NA	NA	NA	NA	NA	NA
NC_045512.2	15779	A	C	37	29	36	2	2	26	0.0512821	39	0.253247	FALSE	NA	NA	NA	NA	NA	NA
NC_045512.2	16071	T	A	52	20	41	1	1	26	0.0188679	53	0.504762	FALSE	NA	NA	NA	NA	NA	NA
NC_045512.2	16077	T	G	53	25	38	1	0	34	0.0185185	54	0.504673	FALSE	NA	NA	NA	NA	NA	NA
NC_045512.2	16342	T	C	0	0	0	1	1	34	1	1	1	FALSE	NA	NA	NA	NA	NA	NA
NC_045512.2	21718	G	T	0	0	0	1	0	34	1	1	1	FALSE	NA	NA	NA	NA	NA	NA
NC_045512.2	27331	C	T	9	9	37	1	1	34	0.1	10	0.526316	FALSE	NA	NA	NA	NA	NA	NA
NC_045512.2	27915	G	T	0	0	0	5	5	32	1	5	0.00793651	TRUE	NA	NA	NA	NA	NA	NA
NC_045512.2	28271	A	T	0	0	0	4	4	32	1	4	0.0285714	FALSE	NA	NA	NA	NA	NA	NA
NC_045512.2	28363	A	T	0	0	0	1	0	34	1	1	1	FALSE	NA	NA	NA	NA	NA	NA
NC_045512.2	28370	A	G	0	0	0	1	0	34	1	1	1	FALSE	NA	NA	NA	NA	NA	NA
NC_045512.2	29344	T	C	3	2	34	1	0	34	0.25	4	0.571429	FALSE	NA	NA	NA	NA	NA	NA
