REGION	POS	REF	ALT	REF_DP	REF_RV	REF_QUAL	ALT_DP	ALT_RV	ALT_QUAL	ALT_FREQ	TOTAL_DP	PVAL	PASS	GFF_FEATURE	REF_CODON	REF_AA	ALT_CODON	ALT_AA	POS_AA
NC_045512.2	670	T	G	0	0	0	1	0	39	1	1	1	FALSE	NA	NA	NA	NA	NA	NA
NC_045512.2	5943	A	G	29	0	38	1	0	38	0.0333333	30	0.508475	FALSE	NA	NA	NA	NA	NA	NA
NC_045512.2	6030	A	G	2	2	38	1	1	38	0.333333	3	0.6	FALSE	NA	NA	NA	NA	NA	NA
NC_045512.2	6196	C	T	2	0	37	1	0	39	0.333333	3	0.6	FALSE	NA	NA	NA	NA	NA	NA
NC_045512.2	8794	T	C	83	81	38	1	1	38	0.0119048	84	0.502994	FALSE	NA	NA	NA	NA	NA	NA
NC_045512.2	10362	T	G	161	0	37	1	0	39	0.00613497	163	0.5	FALSE	NA	NA	NA	NA	NA	NA
NC_045512.2	10362	T	C	161	0	37	1	0	33	0.00613497	163	0.5	FALSE	NA	NA	NA	NA	NA	NA
NC_045512.2	12475	A	G	66	1	38	1	0	39	0.0149254	67	0.503759	FALSE	NA	NA	NA	NA	NA	NA
NC_045512.2	12524	A	G	137	137	38	1	1	37	0.00724638	138	0.501818	FALSE	NA	NA	NA	NA	NA	NA
NC_045512.2	12526	A	G	136	136	38	1	1	39	0.00729927	137	0.501832	FALSE	NA	NA	NA	NA	NA	NA
NC_045512.2	17410	C	T	0	0	0	3	3	39	1	3	0.1	FALSE	NA	NA	NA	NA	NA	NA
NC_045512.2	18773	A	G	2	0	38	1	0	32	0.333333	3	0.6	FALSE	NA	NA	NA	NA	NA	NA
NC_045512.2	22199	G	T	1	0	39	40	0	38	0.97561	41	1.93039e-22	TRUE	NA	NA	NA	NA	NA	NA
NC_045512.2	22200	T	A	0	0	0	39	0	37	1	39	7.34834e-23	TRUE	NA	NA	NA	NA	NA	NA
NC_045512.2	22735	C	T	9	0	38	7	0	36	0.4375	16	0.00435051	TRUE	NA	NA	NA	NA	NA	NA
NC_045512.2	22992	G	A	0	0	0	3	3	38	1	3	0.1	FALSE	NA	NA	NA	NA	NA	NA
NC_045512.2	22995	C	A	0	0	0	3	3	39	1	3	0.1	FALSE	NA	NA	NA	NA	NA	NA
NC_045512.2	26172	G	T	32	32	38	5	5	39	0.135135	37	0.0290205	FALSE	NA	NA	NA	NA	NA	NA
NC_045512.2	26577	C	G	0	0	0	20	0	37	1	20	1.45089e-11	TRUE	NA	NA	NA	NA	NA	NA
NC_045512.2	26709	G	A	0	0	0	10	10	37	1	10	1.08251e-05	TRUE	NA	NA	NA	NA	NA	NA
NC_045512.2	27744	A	G	25	25	38	2	2	38	0.0740741	27	0.254717	FALSE	NA	NA	NA	NA	NA	NA
NC_045512.2	27749	A	G	25	25	38	1	1	37	0.0384615	26	0.509804	FALSE	NA	NA	NA	NA	NA	NA
NC_045512.2	29100	G	A	2045	0	37	1	0	38	0.000488759	2046	0.875183	FALSE	NA	NA	NA	NA	NA	NA
NC_045512.2	29101	A	G	2070	0	37	2	0	38	0.000965251	2072	0.687772	FALSE	NA	NA	NA	NA	NA	NA
NC_045512.2	29126	A	G	2135	1058	75	2	1	72	0.000935891	2137	0.250059	FALSE	NA	NA	NA	NA	NA	NA
NC_045512.2	29146	A	G	2098	2098	38	3	3	37	0.00142789	2101	0.500223	FALSE	NA	NA	NA	NA	NA	NA
NC_045512.2	29149	C	T	2087	2087	38	2	2	39	0.000957396	2089	0.687769	FALSE	NA	NA	NA	NA	NA	NA
NC_045512.2	29150	A	G	2087	2087	38	2	2	39	0.000957396	2089	0.687769	FALSE	NA	NA	NA	NA	NA	NA
NC_045512.2	29151	G	A	2064	2064	38	1	1	39	0.000484262	2065	0.875182	FALSE	NA	NA	NA	NA	NA	NA
