REGION	POS	REF	ALT	REF_DP	REF_RV	REF_QUAL	ALT_DP	ALT_RV	ALT_QUAL	ALT_FREQ	TOTAL_DP	PVAL	PASS	GFF_FEATURE	REF_CODON	REF_AA	ALT_CODON	ALT_AA	POS_AA
NC_045512.2	4915	T	G	0	0	0	7	0	39	1	7	0.000582751	TRUE	NA	NA	NA	NA	NA	NA
NC_045512.2	5223	C	T	213	213	38	2	2	39	0.00930233	215	0.250583	FALSE	NA	NA	NA	NA	NA	NA
NC_045512.2	5253	G	+T	7	7	38	1	0	20	0.142857	7	0.571429	FALSE	NA	NA	NA	NA	NA	NA
NC_045512.2	5278	T	C	0	0	0	1	1	38	1	1	1	FALSE	NA	NA	NA	NA	NA	NA
NC_045512.2	11115	G	T	0	0	0	1	0	35	1	1	1	FALSE	NA	NA	NA	NA	NA	NA
NC_045512.2	12483	T	C	211	1	37	1	0	39	0.00471698	212	0.501182	FALSE	NA	NA	NA	NA	NA	NA
NC_045512.2	12524	A	T	175	175	38	1	1	39	0.00568182	176	0.501425	FALSE	NA	NA	NA	NA	NA	NA
NC_045512.2	17033	T	C	7	7	38	2	2	38	0.222222	9	0.264706	FALSE	NA	NA	NA	NA	NA	NA
NC_045512.2	17410	C	T	0	0	0	3	3	38	1	3	0.1	FALSE	NA	NA	NA	NA	NA	NA
NC_045512.2	17991	G	A	49	44	38	1	1	20	0.02	50	0.505051	FALSE	NA	NA	NA	NA	NA	NA
NC_045512.2	17995	T	C	5	0	39	44	44	38	0.897959	49	2.25271e-22	TRUE	NA	NA	NA	NA	NA	NA
NC_045512.2	21593	G	A	12	1	37	1	0	39	0.0769231	13	0.52	FALSE	NA	NA	NA	NA	NA	NA
NC_045512.2	21723	T	A	0	0	0	1	0	32	1	1	1	FALSE	NA	NA	NA	NA	NA	NA
NC_045512.2	22200	T	A	0	0	0	1	0	33	1	1	1	FALSE	NA	NA	NA	NA	NA	NA
NC_045512.2	25092	T	C	3	2	37	1	0	37	0.25	4	0.571429	FALSE	NA	NA	NA	NA	NA	NA
NC_045512.2	26577	C	G	0	0	0	24	0	38	1	24	6.20201e-14	TRUE	NA	NA	NA	NA	NA	NA
