REGION	POS	REF	ALT	REF_DP	REF_RV	REF_QUAL	ALT_DP	ALT_RV	ALT_QUAL	ALT_FREQ	TOTAL_DP	PVAL	PASS	GFF_FEATURE	REF_CODON	REF_AA	ALT_CODON	ALT_AA	POS_AA
NC_045512.2	5112	A	T	17	5	32	1	0	26	0.0555556	18	0.514286	FALSE	NA	NA	NA	NA	NA	NA
NC_045512.2	5144	C	T	0	0	0	10	5	34	1	10	1.08251e-05	TRUE	NA	NA	NA	NA	NA	NA
NC_045512.2	5720	G	A	0	0	0	11	2	34	1	11	2.83514e-06	TRUE	NA	NA	NA	NA	NA	NA
NC_045512.2	5765	G	T	22	4	35	1	1	34	0.0434783	23	0.511111	FALSE	NA	NA	NA	NA	NA	NA
NC_045512.2	11569	T	C	0	0	0	1	1	34	1	1	1	FALSE	NA	NA	NA	NA	NA	NA
NC_045512.2	15738	C	T	0	0	0	2	0	34	1	2	0.333333	FALSE	NA	NA	NA	NA	NA	NA
NC_045512.2	16033	G	C	40	3	35	1	1	26	0.0243902	41	0.506173	FALSE	NA	NA	NA	NA	NA	NA
NC_045512.2	16342	T	C	0	0	0	1	1	34	1	1	1	FALSE	NA	NA	NA	NA	NA	NA
NC_045512.2	20296	A	T	37	24	38	1	1	34	0.0263158	38	0.506667	FALSE	NA	NA	NA	NA	NA	NA
NC_045512.2	20301	A	T	45	30	35	1	1	34	0.0217391	46	0.505495	FALSE	NA	NA	NA	NA	NA	NA
NC_045512.2	20641	T	G	9	9	36	1	0	27	0.1	10	0.526316	FALSE	NA	NA	NA	NA	NA	NA
NC_045512.2	21549	C	T	2	2	34	1	1	34	0.333333	3	0.6	FALSE	NA	NA	NA	NA	NA	NA
NC_045512.2	21718	G	T	0	0	0	1	0	34	1	1	1	FALSE	NA	NA	NA	NA	NA	NA
NC_045512.2	22109	C	G	0	0	0	5	5	32	1	5	0.00793651	TRUE	NA	NA	NA	NA	NA	NA
NC_045512.2	23403	A	G	0	0	0	2	1	34	1	2	0.333333	FALSE	NA	NA	NA	NA	NA	NA
NC_045512.2	26418	T	A	3	0	34	1	0	27	0.25	4	0.571429	FALSE	NA	NA	NA	NA	NA	NA
NC_045512.2	26709	G	A	0	0	0	1	0	34	1	1	1	FALSE	NA	NA	NA	NA	NA	NA
NC_045512.2	27382	G	C	0	0	0	1	1	34	1	1	1	FALSE	NA	NA	NA	NA	NA	NA
NC_045512.2	27843	T	G	57	1	35	1	0	26	0.0172414	58	0.504348	FALSE	NA	NA	NA	NA	NA	NA
NC_045512.2	27867	A	T	58	16	39	1	1	34	0.0169492	59	0.504274	FALSE	NA	NA	NA	NA	NA	NA
NC_045512.2	27871	A	C	42	22	34	1	1	27	0.0232558	43	0.505882	FALSE	NA	NA	NA	NA	NA	NA
NC_045512.2	27915	G	T	0	0	0	18	14	33	1	18	2.20382e-10	TRUE	NA	NA	NA	NA	NA	NA
NC_045512.2	27954	A	T	19	19	33	1	0	27	0.05	20	0.512821	FALSE	NA	NA	NA	NA	NA	NA
NC_045512.2	28176	T	C	28	10	36	1	0	34	0.0344828	29	0.508772	FALSE	NA	NA	NA	NA	NA	NA
NC_045512.2	28271	A	T	0	0	0	23	23	34	1	23	2.42912e-13	TRUE	NA	NA	NA	NA	NA	NA
NC_045512.2	28363	A	T	0	0	0	10	0	34	1	10	1.08251e-05	TRUE	NA	NA	NA	NA	NA	NA
NC_045512.2	29296	C	T	0	0	0	11	0	31	1	11	2.83514e-06	TRUE	NA	NA	NA	NA	NA	NA
