REGION	POS	REF	ALT	REF_DP	REF_RV	REF_QUAL	ALT_DP	ALT_RV	ALT_QUAL	ALT_FREQ	TOTAL_DP	PVAL	PASS	GFF_FEATURE	REF_CODON	REF_AA	ALT_CODON	ALT_AA	POS_AA
NC_045512.2	287	T	C	1	0	38	1	0	39	0.5	2	0.666667	FALSE	NA	NA	NA	NA	NA	NA
NC_045512.2	670	T	G	0	0	0	1	0	38	1	1	1	FALSE	NA	NA	NA	NA	NA	NA
NC_045512.2	1309	T	A	0	0	0	1	1	39	1	1	1	FALSE	NA	NA	NA	NA	NA	NA
NC_045512.2	4915	T	G	6	1	38	2	0	39	0.25	8	0.266667	FALSE	NA	NA	NA	NA	NA	NA
NC_045512.2	5220	A	G	195	195	38	1	1	39	0.00510204	196	0.501279	FALSE	NA	NA	NA	NA	NA	NA
NC_045512.2	5393	T	C	12	12	38	1	1	33	0.0769231	13	0.52	FALSE	NA	NA	NA	NA	NA	NA
NC_045512.2	7534	T	C	3	0	36	1	0	33	0.25	4	0.571429	FALSE	NA	NA	NA	NA	NA	NA
NC_045512.2	8794	T	C	72	71	38	1	1	39	0.0136986	73	0.503448	FALSE	NA	NA	NA	NA	NA	NA
NC_045512.2	10358	A	G	65	0	38	1	0	39	0.0151515	66	0.503817	FALSE	NA	NA	NA	NA	NA	NA
NC_045512.2	12481	T	C	156	0	38	1	0	39	0.00636943	157	0.501597	FALSE	NA	NA	NA	NA	NA	NA
NC_045512.2	16907	A	-T	2	2	39	2	0	20	1	2	0.6	FALSE	NA	NA	NA	NA	NA	NA
NC_045512.2	17410	C	T	0	0	0	3	3	38	1	3	0.1	FALSE	NA	NA	NA	NA	NA	NA
NC_045512.2	21471	T	C	46	46	38	1	1	39	0.0212766	47	0.505376	FALSE	NA	NA	NA	NA	NA	NA
NC_045512.2	21999	A	-C	1	0	37	1	0	20	1	1	1	FALSE	NA	NA	NA	NA	NA	NA
NC_045512.2	22317	G	T	0	0	0	1	0	39	1	1	1	FALSE	NA	NA	NA	NA	NA	NA
NC_045512.2	23247	T	-CCA	18	0	38	1	0	20	0.0555556	18	0.527778	FALSE	NA	NA	NA	NA	NA	NA
NC_045512.2	23403	A	G	0	0	0	2	0	37	1	2	0.333333	FALSE	NA	NA	NA	NA	NA	NA
NC_045512.2	24548	T	C	14	14	38	1	1	39	0.0666667	15	0.517241	FALSE	NA	NA	NA	NA	NA	NA
NC_045512.2	26577	C	G	0	0	0	5	0	38	1	5	0.00793651	TRUE	NA	NA	NA	NA	NA	NA
NC_045512.2	28883	G	C	0	0	0	1	1	38	1	1	1	FALSE	NA	NA	NA	NA	NA	NA
