REGION	POS	REF	ALT	REF_DP	REF_RV	REF_QUAL	ALT_DP	ALT_RV	ALT_QUAL	ALT_FREQ	TOTAL_DP	PVAL	PASS	GFF_FEATURE	REF_CODON	REF_AA	ALT_CODON	ALT_AA	POS_AA
NC_045512.2	5128	A	G	18	8	40	2	2	38	0.1	20	0.25641	FALSE	NA	NA	NA	NA	NA	NA
NC_045512.2	5720	G	A	46	9	48	4	0	38	0.08	50	0.0611788	FALSE	NA	NA	NA	NA	NA	NA
NC_045512.2	7356	T	-TA	2	0	38	2	0	20	1	2	0.6	FALSE	NA	NA	NA	NA	NA	NA
NC_045512.2	9693	C	T	9	5	37	19	11	39	0.678571	28	2.46168e-08	TRUE	NA	NA	NA	NA	NA	NA
NC_045512.2	10337	A	G	142	133	43	2	2	38	0.0138889	144	0.250871	FALSE	NA	NA	NA	NA	NA	NA
NC_045512.2	11528	G	T	40	26	42	1	0	34	0.0243902	41	0.506173	FALSE	NA	NA	NA	NA	NA	NA
NC_045512.2	12439	C	T	0	0	0	2	0	37	1	2	0.333333	FALSE	NA	NA	NA	NA	NA	NA
NC_045512.2	15684	T	C	207	9	41	21	0	38	0.0921053	228	3.08567e-07	TRUE	NA	NA	NA	NA	NA	NA
NC_045512.2	15714	C	T	0	0	0	37	8	37	1	37	1.14539e-21	TRUE	NA	NA	NA	NA	NA	NA
NC_045512.2	15738	C	T	0	0	0	109	9	38	1	109	8.79584e-65	TRUE	NA	NA	NA	NA	NA	NA
NC_045512.2	15784	T	C	386	329	44	1	1	39	0.00258398	387	0.500647	FALSE	NA	NA	NA	NA	NA	NA
NC_045512.2	15939	T	C	0	0	0	1	1	27	1	1	1	FALSE	NA	NA	NA	NA	NA	NA
NC_045512.2	16342	T	C	0	0	0	5	5	38	1	5	0.00793651	TRUE	NA	NA	NA	NA	NA	NA
NC_045512.2	17859	T	C	0	0	0	8	8	37	1	8	0.0001554	TRUE	NA	NA	NA	NA	NA	NA
NC_045512.2	20342	G	A	38	34	42	15	15	38	0.283019	53	1.12293e-05	TRUE	NA	NA	NA	NA	NA	NA
NC_045512.2	20534	T	A	6	0	36	1	0	39	0.142857	7	0.538462	FALSE	NA	NA	NA	NA	NA	NA
NC_045512.2	20602	T	C	28	5	38	1	0	38	0.0344828	29	0.508772	FALSE	NA	NA	NA	NA	NA	NA
NC_045512.2	22011	A	G	0	0	0	3	0	39	1	3	0.1	FALSE	NA	NA	NA	NA	NA	NA
NC_045512.2	22109	C	G	0	0	0	1	0	37	1	1	1	FALSE	NA	NA	NA	NA	NA	NA
NC_045512.2	23107	T	C	4	0	39	2	0	37	0.333333	6	0.272727	FALSE	NA	NA	NA	NA	NA	NA
NC_045512.2	23403	A	G	0	0	0	17	6	37	1	17	8.57043e-10	TRUE	NA	NA	NA	NA	NA	NA
NC_045512.2	27382	G	C	0	0	0	2	2	37	1	2	0.333333	FALSE	NA	NA	NA	NA	NA	NA
NC_045512.2	27384	T	C	0	0	0	1	1	35	1	1	1	FALSE	NA	NA	NA	NA	NA	NA
NC_045512.2	27431	C	T	1	1	39	6	6	38	0.857143	7	0.00407925	TRUE	NA	NA	NA	NA	NA	NA
NC_045512.2	27915	G	T	0	0	0	37	34	38	1	37	1.14539e-21	TRUE	NA	NA	NA	NA	NA	NA
NC_045512.2	28271	A	T	0	0	0	47	47	38	1	47	1.23024e-27	TRUE	NA	NA	NA	NA	NA	NA
NC_045512.2	28370	A	G	0	0	0	2	0	38	1	2	0.333333	FALSE	NA	NA	NA	NA	NA	NA
NC_045512.2	28396	G	A	0	0	0	8	0	35	1	8	0.0001554	TRUE	NA	NA	NA	NA	NA	NA
NC_045512.2	28447	A	G	0	0	0	5	5	37	1	5	0.00793651	TRUE	NA	NA	NA	NA	NA	NA
