REGION	POS	REF	ALT	REF_DP	REF_RV	REF_QUAL	ALT_DP	ALT_RV	ALT_QUAL	ALT_FREQ	TOTAL_DP	PVAL	PASS	GFF_FEATURE	REF_CODON	REF_AA	ALT_CODON	ALT_AA	POS_AA
NC_045512.2	670	T	G	0	0	0	5	0	38	1	5	0.00793651	TRUE	NA	NA	NA	NA	NA	NA
NC_045512.2	4917	T	G	0	0	0	8	0	39	1	8	0.0001554	TRUE	NA	NA	NA	NA	NA	NA
NC_045512.2	5255	T	C	7	7	39	1	1	39	0.125	8	0.533333	FALSE	NA	NA	NA	NA	NA	NA
NC_045512.2	5279	A	C	0	0	0	8	8	37	1	8	0.0001554	TRUE	NA	NA	NA	NA	NA	NA
NC_045512.2	7533	G	A	1	0	39	1	0	38	0.5	2	0.666667	FALSE	NA	NA	NA	NA	NA	NA
NC_045512.2	10569	A	G	38	38	38	1	1	38	0.025641	39	0.506494	FALSE	NA	NA	NA	NA	NA	NA
NC_045512.2	10570	T	C	38	38	38	1	1	38	0.025641	39	0.506494	FALSE	NA	NA	NA	NA	NA	NA
NC_045512.2	10593	A	G	39	39	38	1	1	39	0.025	40	0.506329	FALSE	NA	NA	NA	NA	NA	NA
NC_045512.2	10597	T	C	39	39	38	1	1	38	0.025	40	0.506329	FALSE	NA	NA	NA	NA	NA	NA
NC_045512.2	12475	A	G	18	0	38	1	0	39	0.0526316	19	0.513514	FALSE	NA	NA	NA	NA	NA	NA
NC_045512.2	12519	A	-TG	46	44	38	6	0	20	0.130435	46	0.0206022	FALSE	NA	NA	NA	NA	NA	NA
NC_045512.2	12525	C	T	42	42	38	1	1	39	0.0232558	43	0.505882	FALSE	NA	NA	NA	NA	NA	NA
NC_045512.2	14879	T	A	0	0	0	1	1	35	1	1	1	FALSE	NA	NA	NA	NA	NA	NA
NC_045512.2	15561	T	C	11	0	37	1	0	37	0.0833333	12	0.521739	FALSE	NA	NA	NA	NA	NA	NA
NC_045512.2	17410	C	T	0	0	0	5	5	39	1	5	0.00793651	TRUE	NA	NA	NA	NA	NA	NA
NC_045512.2	18492	A	G	2	2	39	1	1	39	0.333333	3	0.6	FALSE	NA	NA	NA	NA	NA	NA
NC_045512.2	19420	T	C	16	0	38	1	0	39	0.0588235	17	0.515152	FALSE	NA	NA	NA	NA	NA	NA
NC_045512.2	21601	T	C	11	11	39	1	1	39	0.0833333	12	0.521739	FALSE	NA	NA	NA	NA	NA	NA
NC_045512.2	21618	C	T	0	0	0	1	1	39	1	1	1	FALSE	NA	NA	NA	NA	NA	NA
NC_045512.2	22130	A	G	33	0	38	1	0	39	0.0294118	34	0.507463	FALSE	NA	NA	NA	NA	NA	NA
NC_045512.2	22138	T	C	33	0	38	1	0	39	0.0294118	34	0.507463	FALSE	NA	NA	NA	NA	NA	NA
NC_045512.2	23244	C	T	10	0	38	1	0	38	0.0909091	11	0.52381	FALSE	NA	NA	NA	NA	NA	NA
NC_045512.2	25621	G	T	8	0	37	4	0	39	0.333333	12	0.0559006	FALSE	NA	NA	NA	NA	NA	NA
NC_045512.2	25948	A	G	12	0	38	1	0	37	0.0769231	13	0.52	FALSE	NA	NA	NA	NA	NA	NA
NC_045512.2	26577	C	G	0	0	0	18	0	38	1	18	2.20382e-10	TRUE	NA	NA	NA	NA	NA	NA
NC_045512.2	26584	A	G	17	0	38	1	0	39	0.0555556	18	0.514286	FALSE	NA	NA	NA	NA	NA	NA
NC_045512.2	27534	T	C	10	0	38	1	0	39	0.0909091	11	0.52381	FALSE	NA	NA	NA	NA	NA	NA
NC_045512.2	27674	A	G	6	0	38	1	0	38	0.142857	7	0.538462	FALSE	NA	NA	NA	NA	NA	NA
NC_045512.2	28662	T	C	0	0	0	1	1	38	1	1	1	FALSE	NA	NA	NA	NA	NA	NA
