REGION	POS	REF	ALT	REF_DP	REF_RV	REF_QUAL	ALT_DP	ALT_RV	ALT_QUAL	ALT_FREQ	TOTAL_DP	PVAL	PASS	GFF_FEATURE	REF_CODON	REF_AA	ALT_CODON	ALT_AA	POS_AA
NC_045512.2	26118	A	G	74	5	34	1	0	27	0.0133333	75	0.503356	FALSE	NA	NA	NA	NA	NA	NA
NC_045512.2	26189	A	G	72	34	34	1	0	34	0.0136986	73	0.503448	FALSE	NA	NA	NA	NA	NA	NA
NC_045512.2	26200	A	C	121	96	39	2	2	30	0.0162602	123	0.25102	FALSE	NA	NA	NA	NA	NA	NA
NC_045512.2	26203	A	C	131	114	40	1	1	26	0.00757576	132	0.752852	FALSE	NA	NA	NA	NA	NA	NA
NC_045512.2	26225	A	T	78	78	32	1	1	26	0.0126582	79	0.503185	FALSE	NA	NA	NA	NA	NA	NA
NC_045512.2	27382	G	C	0	0	0	1	1	34	1	1	1	FALSE	NA	NA	NA	NA	NA	NA
NC_045512.2	27384	T	C	0	0	0	1	0	34	1	1	1	FALSE	NA	NA	NA	NA	NA	NA
NC_045512.2	27904	T	G	90	76	33	1	0	34	0.010989	91	0.502762	FALSE	NA	NA	NA	NA	NA	NA
NC_045512.2	27915	G	T	0	0	0	67	57	32	1	67	1.33485e-39	TRUE	NA	NA	NA	NA	NA	NA
