REGION	POS	REF	ALT	REF_DP	REF_RV	REF_QUAL	ALT_DP	ALT_RV	ALT_QUAL	ALT_FREQ	TOTAL_DP	PVAL	PASS	GFF_FEATURE	REF_CODON	REF_AA	ALT_CODON	ALT_AA	POS_AA
NC_045512.2	2012	G	A	104	17	44	1	0	39	0.00952381	105	0.502392	FALSE	NA	NA	NA	NA	NA	NA
NC_045512.2	2077	T	C	51	35	42	1	1	34	0.0192308	52	0.504854	FALSE	NA	NA	NA	NA	NA	NA
NC_045512.2	3037	C	T	0	0	0	2	2	38	1	2	0.333333	FALSE	NA	NA	NA	NA	NA	NA
NC_045512.2	4184	G	A	0	0	0	2	1	39	1	2	0.333333	FALSE	NA	NA	NA	NA	NA	NA
NC_045512.2	4234	C	T	0	0	0	1	1	39	1	1	1	FALSE	NA	NA	NA	NA	NA	NA
NC_045512.2	4752	C	T	2	0	39	1	0	39	0.333333	3	0.6	FALSE	NA	NA	NA	NA	NA	NA
NC_045512.2	4778	A	G	60	1	39	16	0	37	0.210526	76	7.06657e-06	TRUE	NA	NA	NA	NA	NA	NA
NC_045512.2	4838	A	G	39	35	40	6	5	45	0.133333	45	0.0140165	FALSE	NA	NA	NA	NA	NA	NA
NC_045512.2	5720	G	A	32	2	43	16	0	38	0.333333	48	4.08578e-06	TRUE	NA	NA	NA	NA	NA	NA
NC_045512.2	7268	A	G	6	3	38	1	0	38	0.142857	7	0.538462	FALSE	NA	NA	NA	NA	NA	NA
NC_045512.2	10256	G	T	12	0	47	3	0	39	0.2	15	0.124521	FALSE	NA	NA	NA	NA	NA	NA
NC_045512.2	10635	C	T	0	0	0	1	1	39	1	1	1	FALSE	NA	NA	NA	NA	NA	NA
NC_045512.2	14480	A	G	2	0	37	1	0	38	0.333333	3	0.6	FALSE	NA	NA	NA	NA	NA	NA
NC_045512.2	15123	T	C	1	0	39	1	0	39	0.5	2	0.666667	FALSE	NA	NA	NA	NA	NA	NA
NC_045512.2	15714	C	T	0	0	0	4	2	39	1	4	0.0285714	FALSE	NA	NA	NA	NA	NA	NA
NC_045512.2	15738	C	T	0	0	0	7	1	38	1	7	0.000582751	TRUE	NA	NA	NA	NA	NA	NA
NC_045512.2	16342	T	C	6	5	45	2	2	33	0.25	8	0.266667	FALSE	NA	NA	NA	NA	NA	NA
NC_045512.2	17410	C	T	0	0	0	1	1	39	1	1	1	FALSE	NA	NA	NA	NA	NA	NA
NC_045512.2	21718	G	T	2	1	56	4	2	38	0.666667	6	0.0454545	FALSE	NA	NA	NA	NA	NA	NA
NC_045512.2	22109	C	G	0	0	0	1	1	37	1	1	1	FALSE	NA	NA	NA	NA	NA	NA
NC_045512.2	27384	T	C	0	0	0	2	1	34	1	2	0.333333	FALSE	NA	NA	NA	NA	NA	NA
NC_045512.2	27684	C	T	3	2	38	1	1	39	0.25	4	0.571429	FALSE	NA	NA	NA	NA	NA	NA
NC_045512.2	27915	G	T	0	0	0	15	10	38	1	15	1.28935e-08	TRUE	NA	NA	NA	NA	NA	NA
NC_045512.2	28153	C	T	308	5	39	28	0	38	0.0833333	336	2.16198e-09	TRUE	NA	NA	NA	NA	NA	NA
NC_045512.2	28195	G	A	135	90	39	1	1	39	0.00735294	136	0.501845	FALSE	NA	NA	NA	NA	NA	NA
NC_045512.2	28240	T	C	230	212	39	1	1	37	0.004329	231	0.501085	FALSE	NA	NA	NA	NA	NA	NA
NC_045512.2	28271	A	T	0	0	0	124	124	38	1	124	8.73604e-74	TRUE	NA	NA	NA	NA	NA	NA
