REGION	POS	REF	ALT	REF_DP	REF_RV	REF_QUAL	ALT_DP	ALT_RV	ALT_QUAL	ALT_FREQ	TOTAL_DP	PVAL	PASS	GFF_FEATURE	REF_CODON	REF_AA	ALT_CODON	ALT_AA	POS_AA
NC_045512.2	4162	G	A	0	0	0	1	1	29	1	1	1	FALSE	NA	NA	NA	NA	NA	NA
NC_045512.2	6040	C	T	3	1	63	3	0	38	0.5	6	0.121212	FALSE	NA	NA	NA	NA	NA	NA
NC_045512.2	7597	T	C	12	8	51	2	2	39	0.142857	14	0.259259	FALSE	NA	NA	NA	NA	NA	NA
NC_045512.2	9683	A	T	35	32	37	1	0	27	0.0277778	36	0.507042	FALSE	NA	NA	NA	NA	NA	NA
NC_045512.2	9693	C	T	0	0	0	13	13	37	1	13	1.92297e-07	TRUE	NA	NA	NA	NA	NA	NA
NC_045512.2	12730	T	A	4	4	35	1	1	35	0.2	5	0.555556	FALSE	NA	NA	NA	NA	NA	NA
NC_045512.2	12740	A	T	5	5	38	1	1	39	0.166667	6	0.545455	FALSE	NA	NA	NA	NA	NA	NA
NC_045512.2	15451	G	A	0	0	0	1	1	39	1	1	1	FALSE	NA	NA	NA	NA	NA	NA
NC_045512.2	15714	C	T	0	0	0	18	5	38	1	18	2.20382e-10	TRUE	NA	NA	NA	NA	NA	NA
NC_045512.2	15738	C	T	0	0	0	64	6	38	1	64	8.35033e-38	TRUE	NA	NA	NA	NA	NA	NA
NC_045512.2	15813	T	C	92	92	37	2	2	37	0.0212766	94	0.251337	FALSE	NA	NA	NA	NA	NA	NA
NC_045512.2	16342	T	C	0	0	0	8	7	38	1	8	0.0001554	TRUE	NA	NA	NA	NA	NA	NA
NC_045512.2	17576	A	G	16	15	42	1	1	37	0.0588235	17	0.515152	FALSE	NA	NA	NA	NA	NA	NA
NC_045512.2	20809	T	G	4	0	38	1	0	33	0.2	5	0.555556	FALSE	NA	NA	NA	NA	NA	NA
NC_045512.2	22109	C	G	0	0	0	2	2	39	1	2	0.333333	FALSE	NA	NA	NA	NA	NA	NA
NC_045512.2	26198	C	T	36	19	43	8	8	42	0.181818	44	0.00303306	TRUE	NA	NA	NA	NA	NA	NA
NC_045512.2	27297	C	A	9	0	38	4	0	39	0.307692	13	0.0565217	FALSE	NA	NA	NA	NA	NA	NA
NC_045512.2	27915	G	T	0	0	0	52	49	38	1	52	1.26337e-30	TRUE	NA	NA	NA	NA	NA	NA
NC_045512.2	27923	C	T	27	23	37	6	4	39	0.181818	33	0.013409	FALSE	NA	NA	NA	NA	NA	NA
NC_045512.2	28271	A	T	0	0	0	136	136	38	1	136	5.45274e-81	TRUE	NA	NA	NA	NA	NA	NA
NC_045512.2	28447	A	G	18	16	48	2	2	38	0.1	20	0.25641	FALSE	NA	NA	NA	NA	NA	NA
