REGION	POS	REF	ALT	REF_DP	REF_RV	REF_QUAL	ALT_DP	ALT_RV	ALT_QUAL	ALT_FREQ	TOTAL_DP	PVAL	PASS	GFF_FEATURE	REF_CODON	REF_AA	ALT_CODON	ALT_AA	POS_AA
NC_045512.2	527	C	T	1	0	39	1	0	39	0.5	2	0.666667	FALSE	NA	NA	NA	NA	NA	NA
NC_045512.2	1473	C	-TA	5	1	36	1	0	20	0.2	5	0.6	FALSE	NA	NA	NA	NA	NA	NA
NC_045512.2	1724	T	C	3	3	39	1	1	37	0.25	4	0.571429	FALSE	NA	NA	NA	NA	NA	NA
NC_045512.2	8899	T	G	9	0	38	1	0	39	0.1	10	0.526316	FALSE	NA	NA	NA	NA	NA	NA
NC_045512.2	12483	T	A	115	0	36	1	0	39	0.00862069	116	0.502165	FALSE	NA	NA	NA	NA	NA	NA
NC_045512.2	12773	G	A	28	0	37	1	0	38	0.0344828	29	0.508772	FALSE	NA	NA	NA	NA	NA	NA
NC_045512.2	15828	A	G	0	0	0	2	2	39	1	2	0.333333	FALSE	NA	NA	NA	NA	NA	NA
NC_045512.2	17410	C	T	0	0	0	2	2	39	1	2	0.333333	FALSE	NA	NA	NA	NA	NA	NA
NC_045512.2	17821	C	T	3	3	38	1	1	38	0.25	4	0.571429	FALSE	NA	NA	NA	NA	NA	NA
NC_045512.2	19665	T	C	23	23	38	1	1	38	0.0416667	24	0.510638	FALSE	NA	NA	NA	NA	NA	NA
NC_045512.2	21471	T	C	12	12	38	1	1	39	0.0769231	13	0.52	FALSE	NA	NA	NA	NA	NA	NA
NC_045512.2	21618	C	T	0	0	0	1	1	37	1	1	1	FALSE	NA	NA	NA	NA	NA	NA
NC_045512.2	25969	T	C	9	0	38	1	0	38	0.1	10	0.526316	FALSE	NA	NA	NA	NA	NA	NA
NC_045512.2	26577	C	G	0	0	0	2	0	39	1	2	0.333333	FALSE	NA	NA	NA	NA	NA	NA
NC_045512.2	26978	T	G	48	48	30	1	0	21	0.0204082	49	0.505155	FALSE	NA	NA	NA	NA	NA	NA
NC_045512.2	29043	A	G	3	3	39	1	1	38	0.25	4	0.571429	FALSE	NA	NA	NA	NA	NA	NA
