REGION	POS	REF	ALT	REF_DP	REF_RV	REF_QUAL	ALT_DP	ALT_RV	ALT_QUAL	ALT_FREQ	TOTAL_DP	PVAL	PASS	GFF_FEATURE	REF_CODON	REF_AA	ALT_CODON	ALT_AA	POS_AA
NC_045512.2	2686	G	T	24	11	34	1	1	34	0.04	25	0.510204	FALSE	NA	NA	NA	NA	NA	NA
NC_045512.2	4184	G	A	0	0	0	4	0	34	1	4	0.0285714	FALSE	NA	NA	NA	NA	NA	NA
NC_045512.2	4792	T	C	243	21	38	1	1	34	0.00409836	244	0.501027	FALSE	NA	NA	NA	NA	NA	NA
NC_045512.2	4807	G	T	165	34	37	1	0	26	0.0060241	166	0.752266	FALSE	NA	NA	NA	NA	NA	NA
NC_045512.2	4831	A	T	115	80	35	1	1	34	0.00862069	116	0.502165	FALSE	NA	NA	NA	NA	NA	NA
NC_045512.2	4880	A	G	10	10	33	4	4	34	0.285714	14	0.057037	FALSE	NA	NA	NA	NA	NA	NA
NC_045512.2	9344	C	T	0	0	0	1	1	34	1	1	1	FALSE	NA	NA	NA	NA	NA	NA
NC_045512.2	9424	A	G	0	0	0	2	2	34	1	2	0.333333	FALSE	NA	NA	NA	NA	NA	NA
NC_045512.2	11274	T	G	28	28	30	1	1	26	0.0344828	29	0.508772	FALSE	NA	NA	NA	NA	NA	NA
NC_045512.2	20657	A	G	18	18	32	1	1	34	0.0526316	19	0.513514	FALSE	NA	NA	NA	NA	NA	NA
NC_045512.2	23222	G	C	0	0	0	2	2	34	1	2	0.333333	FALSE	NA	NA	NA	NA	NA	NA
NC_045512.2	29299	A	G	106	18	35	1	0	34	0.00934579	107	0.502347	FALSE	NA	NA	NA	NA	NA	NA
NC_045512.2	29375	C	G	168	151	38	1	1	34	0.00591716	169	0.501484	FALSE	NA	NA	NA	NA	NA	NA
