REGION	POS	REF	ALT	REF_DP	REF_RV	REF_QUAL	ALT_DP	ALT_RV	ALT_QUAL	ALT_FREQ	TOTAL_DP	PVAL	PASS	GFF_FEATURE	REF_CODON	REF_AA	ALT_CODON	ALT_AA	POS_AA
NC_045512.2	788	C	T	20	0	33	1	0	34	0.047619	21	0.512195	FALSE	NA	NA	NA	NA	NA	NA
NC_045512.2	5720	G	A	18	7	42	24	4	33	0.571429	42	7.71358e-10	TRUE	NA	NA	NA	NA	NA	NA
NC_045512.2	5758	C	T	49	14	42	3	1	34	0.0576923	52	0.124964	FALSE	NA	NA	NA	NA	NA	NA
NC_045512.2	5765	G	T	38	16	39	1	1	34	0.025641	39	0.506494	FALSE	NA	NA	NA	NA	NA	NA
NC_045512.2	7541	A	T	23	1	34	1	0	24	0.0416667	24	0.510638	FALSE	NA	NA	NA	NA	NA	NA
NC_045512.2	9693	C	T	26	16	37	6	3	35	0.1875	32	0.013337	FALSE	NA	NA	NA	NA	NA	NA
NC_045512.2	11167	A	C	62	18	34	1	0	26	0.015873	63	0.504	FALSE	NA	NA	NA	NA	NA	NA
NC_045512.2	12730	T	A	16	13	36	5	4	32	0.238095	21	0.0271538	FALSE	NA	NA	NA	NA	NA	NA
NC_045512.2	13027	T	A	236	159	37	1	1	34	0.00421941	237	0.501057	FALSE	NA	NA	NA	NA	NA	NA
NC_045512.2	15714	C	T	0	0	0	15	3	32	1	15	1.28935e-08	TRUE	NA	NA	NA	NA	NA	NA
NC_045512.2	15738	C	T	0	0	0	35	1	33	1	35	1.78275e-20	TRUE	NA	NA	NA	NA	NA	NA
NC_045512.2	16093	T	A	82	78	34	1	1	26	0.0120482	83	0.50303	FALSE	NA	NA	NA	NA	NA	NA
NC_045512.2	16342	T	C	0	0	0	7	6	34	1	7	0.000582751	TRUE	NA	NA	NA	NA	NA	NA
NC_045512.2	17410	C	T	0	0	0	3	3	34	1	3	0.1	FALSE	NA	NA	NA	NA	NA	NA
NC_045512.2	17529	T	A	112	69	35	1	1	26	0.00884956	113	0.753333	FALSE	NA	NA	NA	NA	NA	NA
NC_045512.2	17859	T	C	0	0	0	15	15	33	1	15	1.28935e-08	TRUE	NA	NA	NA	NA	NA	NA
NC_045512.2	18492	A	G	0	0	0	6	6	32	1	6	0.0021645	TRUE	NA	NA	NA	NA	NA	NA
NC_045512.2	18720	G	A	15	1	36	8	1	34	0.347826	23	0.00227468	TRUE	NA	NA	NA	NA	NA	NA
NC_045512.2	18788	C	T	23	19	40	16	11	39	0.410256	39	2.75854e-06	TRUE	NA	NA	NA	NA	NA	NA
NC_045512.2	19070	C	A	50	19	34	1	0	26	0.0196078	51	0.50495	FALSE	NA	NA	NA	NA	NA	NA
NC_045512.2	19141	T	A	64	64	33	1	1	26	0.0153846	65	0.503876	FALSE	NA	NA	NA	NA	NA	NA
NC_045512.2	21718	G	T	0	0	0	3	3	34	1	3	0.1	FALSE	NA	NA	NA	NA	NA	NA
NC_045512.2	25584	C	T	0	0	0	1	1	26	1	1	1	FALSE	NA	NA	NA	NA	NA	NA
NC_045512.2	27807	C	T	0	0	0	1	1	34	1	1	1	FALSE	NA	NA	NA	NA	NA	NA
NC_045512.2	27915	G	T	0	0	0	81	67	32	1	81	5.46586e-48	TRUE	NA	NA	NA	NA	NA	NA
NC_045512.2	28271	A	T	0	0	0	46	46	33	1	46	4.8686e-27	TRUE	NA	NA	NA	NA	NA	NA
NC_045512.2	28363	A	T	0	0	0	10	1	33	1	10	1.08251e-05	TRUE	NA	NA	NA	NA	NA	NA
NC_045512.2	28447	A	G	9	7	44	4	4	34	0.307692	13	0.0565217	FALSE	NA	NA	NA	NA	NA	NA
NC_045512.2	29375	C	T	196	186	38	1	1	34	0.00507614	197	0.501272	FALSE	NA	NA	NA	NA	NA	NA
