REGION	POS	REF	ALT	REF_DP	REF_RV	REF_QUAL	ALT_DP	ALT_RV	ALT_QUAL	ALT_FREQ	TOTAL_DP	PVAL	PASS	GFF_FEATURE	REF_CODON	REF_AA	ALT_CODON	ALT_AA	POS_AA
NC_045512.2	11070	T	A	15	11	44	1	1	26	0.0625	16	0.516129	FALSE	NA	NA	NA	NA	NA	NA
NC_045512.2	18630	T	A	372	82	40	1	0	26	0.00268097	373	0.938337	FALSE	NA	NA	NA	NA	NA	NA
NC_045512.2	18658	T	C	391	163	38	1	1	34	0.00255102	392	0.500639	FALSE	NA	NA	NA	NA	NA	NA
NC_045512.2	18661	T	A	375	157	37	1	1	34	0.00265957	376	0.500666	FALSE	NA	NA	NA	NA	NA	NA
NC_045512.2	19326	A	G	0	0	0	15	8	35	1	15	1.28935e-08	TRUE	NA	NA	NA	NA	NA	NA
NC_045512.2	19655	A	T	91	89	35	1	0	27	0.0108696	92	0.502732	FALSE	NA	NA	NA	NA	NA	NA
NC_045512.2	22000	C	A	0	0	0	1	0	34	1	1	1	FALSE	NA	NA	NA	NA	NA	NA
NC_045512.2	22109	C	G	0	0	0	16	16	34	1	16	3.32734e-09	TRUE	NA	NA	NA	NA	NA	NA
NC_045512.2	22942	T	G	0	0	0	4	4	34	1	4	0.0285714	FALSE	NA	NA	NA	NA	NA	NA
NC_045512.2	23241	T	G	19	9	37	1	0	34	0.05	20	0.512821	FALSE	NA	NA	NA	NA	NA	NA
NC_045512.2	28297	T	C	0	0	0	1	0	34	1	1	1	FALSE	NA	NA	NA	NA	NA	NA
NC_045512.2	28311	C	T	0	0	0	4	0	34	1	4	0.0285714	FALSE	NA	NA	NA	NA	NA	NA
NC_045512.2	28649	A	T	270	120	41	1	1	27	0.00369004	271	0.876385	FALSE	NA	NA	NA	NA	NA	NA
