REGION	POS	REF	ALT	REF_DP	REF_RV	REF_QUAL	ALT_DP	ALT_RV	ALT_QUAL	ALT_FREQ	TOTAL_DP	PVAL	PASS	GFF_FEATURE	REF_CODON	REF_AA	ALT_CODON	ALT_AA	POS_AA
NC_045512.2	4732	T	G	0	0	0	1	0	38	1	1	1	FALSE	NA	NA	NA	NA	NA	NA
NC_045512.2	5244	A	G	5	5	38	1	1	33	0.166667	6	0.545455	FALSE	NA	NA	NA	NA	NA	NA
NC_045512.2	6133	A	G	290	0	38	1	0	39	0.00343643	291	0.500861	FALSE	NA	NA	NA	NA	NA	NA
NC_045512.2	6135	T	C	271	0	37	3	0	37	0.0109489	274	0.124999	FALSE	NA	NA	NA	NA	NA	NA
NC_045512.2	6137	A	G	8	0	37	1	0	37	0.111111	9	0.529412	FALSE	NA	NA	NA	NA	NA	NA
NC_045512.2	6498	A	C	301	301	38	1	1	39	0.00331126	302	0.500829	FALSE	NA	NA	NA	NA	NA	NA
NC_045512.2	7463	G	T	0	0	0	1	1	39	1	1	1	FALSE	NA	NA	NA	NA	NA	NA
NC_045512.2	8751	A	G	44	0	38	1	0	39	0.0222222	45	0.505618	FALSE	NA	NA	NA	NA	NA	NA
NC_045512.2	10359	A	G	44	0	38	1	0	36	0.0222222	45	0.505618	FALSE	NA	NA	NA	NA	NA	NA
NC_045512.2	10570	T	C	44	44	38	1	1	38	0.0222222	45	0.505618	FALSE	NA	NA	NA	NA	NA	NA
NC_045512.2	12389	A	C	1	0	39	1	1	38	0.5	2	0.666667	FALSE	NA	NA	NA	NA	NA	NA
NC_045512.2	12500	A	G	81	42	75	1	1	51	0.0121951	82	0.503067	FALSE	NA	NA	NA	NA	NA	NA
NC_045512.2	14669	T	C	2	0	38	1	0	36	0.333333	3	0.6	FALSE	NA	NA	NA	NA	NA	NA
NC_045512.2	16239	T	C	2	0	38	1	0	38	0.333333	3	0.6	FALSE	NA	NA	NA	NA	NA	NA
NC_045512.2	17410	C	T	0	0	0	3	3	39	1	3	0.1	FALSE	NA	NA	NA	NA	NA	NA
NC_045512.2	21618	C	T	0	0	0	3	3	38	1	3	0.1	FALSE	NA	NA	NA	NA	NA	NA
NC_045512.2	22000	C	A	0	0	0	1	0	39	1	1	1	FALSE	NA	NA	NA	NA	NA	NA
NC_045512.2	22003	A	G	0	0	0	1	0	39	1	1	1	FALSE	NA	NA	NA	NA	NA	NA
NC_045512.2	22317	G	T	0	0	0	1	0	39	1	1	1	FALSE	NA	NA	NA	NA	NA	NA
NC_045512.2	23604	C	A	0	0	0	1	1	38	1	1	1	FALSE	NA	NA	NA	NA	NA	NA
NC_045512.2	25622	T	A	92	0	36	1	0	34	0.0107527	93	0.502703	FALSE	NA	NA	NA	NA	NA	NA
NC_045512.2	25644	G	-T	93	42	76	1	0	20	0.0107527	93	0.505376	FALSE	NA	NA	NA	NA	NA	NA
NC_045512.2	26577	C	G	0	0	0	2	0	39	1	2	0.333333	FALSE	NA	NA	NA	NA	NA	NA
NC_045512.2	26810	C	T	2	2	39	1	1	39	0.333333	3	0.6	FALSE	NA	NA	NA	NA	NA	NA
NC_045512.2	27487	A	G	11	11	38	1	1	39	0.0833333	12	0.521739	FALSE	NA	NA	NA	NA	NA	NA
