REGION	POS	REF	ALT	REF_DP	REF_RV	REF_QUAL	ALT_DP	ALT_RV	ALT_QUAL	ALT_FREQ	TOTAL_DP	PVAL	PASS	GFF_FEATURE	REF_CODON	REF_AA	ALT_CODON	ALT_AA	POS_AA
NC_045512.2	670	T	G	0	0	0	1	0	39	1	1	1	FALSE	NA	NA	NA	NA	NA	NA
NC_045512.2	831	A	G	2	0	38	1	0	38	0.333333	3	0.6	FALSE	NA	NA	NA	NA	NA	NA
NC_045512.2	1850	A	G	3	3	39	1	1	37	0.25	4	0.571429	FALSE	NA	NA	NA	NA	NA	NA
NC_045512.2	2254	A	T	2	0	39	1	0	39	0.333333	3	0.6	FALSE	NA	NA	NA	NA	NA	NA
NC_045512.2	3081	A	T	7	0	37	1	0	29	0.125	8	0.533333	FALSE	NA	NA	NA	NA	NA	NA
NC_045512.2	4917	T	G	0	0	0	19	0	37	1	19	5.65847e-11	TRUE	NA	NA	NA	NA	NA	NA
NC_045512.2	6631	T	C	3	3	39	1	1	38	0.25	4	0.571429	FALSE	NA	NA	NA	NA	NA	NA
NC_045512.2	9866	C	T	0	0	0	1	1	39	1	1	1	FALSE	NA	NA	NA	NA	NA	NA
NC_045512.2	10592	A	G	48	48	38	1	1	39	0.0204082	49	0.505155	FALSE	NA	NA	NA	NA	NA	NA
NC_045512.2	10595	T	C	45	45	38	1	1	39	0.0217391	46	0.505495	FALSE	NA	NA	NA	NA	NA	NA
NC_045512.2	12483	T	C	46	0	36	1	0	37	0.0212766	47	0.505376	FALSE	NA	NA	NA	NA	NA	NA
NC_045512.2	12524	A	G	40	40	37	1	1	39	0.0243902	41	0.506173	FALSE	NA	NA	NA	NA	NA	NA
NC_045512.2	12526	A	G	40	40	38	1	1	38	0.0243902	41	0.506173	FALSE	NA	NA	NA	NA	NA	NA
NC_045512.2	13041	A	G	45	0	39	1	0	39	0.0217391	46	0.505495	FALSE	NA	NA	NA	NA	NA	NA
NC_045512.2	16503	T	C	16	16	39	2	2	39	0.111111	18	0.257143	FALSE	NA	NA	NA	NA	NA	NA
NC_045512.2	16504	T	C	18	18	38	1	1	39	0.0526316	19	0.513514	FALSE	NA	NA	NA	NA	NA	NA
NC_045512.2	19415	T	C	3	0	36	1	0	36	0.25	4	0.571429	FALSE	NA	NA	NA	NA	NA	NA
NC_045512.2	21081	A	G	2	2	39	3	0	36	0.6	5	0.119048	FALSE	NA	NA	NA	NA	NA	NA
NC_045512.2	21618	C	T	0	0	0	1	1	38	1	1	1	FALSE	NA	NA	NA	NA	NA	NA
NC_045512.2	21957	A	C	1	1	37	13	13	37	0.928571	14	6.97965e-07	TRUE	NA	NA	NA	NA	NA	NA
NC_045512.2	23594	A	G	124	0	38	1	0	38	0.008	125	0.502008	FALSE	NA	NA	NA	NA	NA	NA
NC_045512.2	23641	T	C	128	128	38	1	1	38	0.00775194	129	0.501946	FALSE	NA	NA	NA	NA	NA	NA
NC_045512.2	23644	C	T	124	124	38	1	1	39	0.008	125	0.502008	FALSE	NA	NA	NA	NA	NA	NA
NC_045512.2	25658	C	T	9	9	38	9	9	38	0.5	18	0.000688596	TRUE	NA	NA	NA	NA	NA	NA
NC_045512.2	26577	C	G	0	0	0	7	0	38	1	7	0.000582751	TRUE	NA	NA	NA	NA	NA	NA
NC_045512.2	27744	A	G	37	37	38	1	1	36	0.0263158	38	0.506667	FALSE	NA	NA	NA	NA	NA	NA
NC_045512.2	27748	A	G	37	37	38	1	1	39	0.0263158	38	0.506667	FALSE	NA	NA	NA	NA	NA	NA
NC_045512.2	27772	T	C	38	37	38	1	1	39	0.025641	39	0.506494	FALSE	NA	NA	NA	NA	NA	NA
NC_045512.2	29698	T	C	0	0	0	1	1	39	1	1	1	FALSE	NA	NA	NA	NA	NA	NA
