REGION	POS	REF	ALT	REF_DP	REF_RV	REF_QUAL	ALT_DP	ALT_RV	ALT_QUAL	ALT_FREQ	TOTAL_DP	PVAL	PASS	GFF_FEATURE	REF_CODON	REF_AA	ALT_CODON	ALT_AA	POS_AA
NC_045512.2	832	C	T	0	0	0	1	0	39	1	1	1	FALSE	NA	NA	NA	NA	NA	NA
NC_045512.2	2005	C	-A	332	27	44	1	0	20	0.00301205	332	0.938811	FALSE	NA	NA	NA	NA	NA	NA
NC_045512.2	2093	T	C	210	196	41	1	1	38	0.00473934	211	0.501188	FALSE	NA	NA	NA	NA	NA	NA
NC_045512.2	5114	A	C	31	7	44	1	0	39	0.03125	32	0.507937	FALSE	NA	NA	NA	NA	NA	NA
NC_045512.2	8257	A	G	0	0	0	1	1	39	1	1	1	FALSE	NA	NA	NA	NA	NA	NA
NC_045512.2	9344	C	T	0	0	0	3	3	36	1	3	0.1	FALSE	NA	NA	NA	NA	NA	NA
NC_045512.2	9424	A	G	0	0	0	1	1	39	1	1	1	FALSE	NA	NA	NA	NA	NA	NA
NC_045512.2	10029	C	T	0	0	0	1	1	39	1	1	1	FALSE	NA	NA	NA	NA	NA	NA
NC_045512.2	10198	C	T	0	0	0	1	1	39	1	1	1	FALSE	NA	NA	NA	NA	NA	NA
NC_045512.2	11161	G	A	76	17	40	1	1	33	0.012987	77	0.503268	FALSE	NA	NA	NA	NA	NA	NA
NC_045512.2	11220	T	A	79	66	38	1	1	39	0.0125	80	0.503145	FALSE	NA	NA	NA	NA	NA	NA
NC_045512.2	11274	T	C	33	33	38	1	1	37	0.0294118	34	0.507463	FALSE	NA	NA	NA	NA	NA	NA
NC_045512.2	15082	A	G	0	0	0	1	0	34	1	1	1	FALSE	NA	NA	NA	NA	NA	NA
NC_045512.2	15145	A	T	24	10	42	1	0	38	0.04	25	0.510204	FALSE	NA	NA	NA	NA	NA	NA
NC_045512.2	15714	C	T	0	0	0	23	6	37	1	23	2.42912e-13	TRUE	NA	NA	NA	NA	NA	NA
NC_045512.2	15738	C	T	0	0	0	75	6	38	1	75	2.15457e-44	TRUE	NA	NA	NA	NA	NA	NA
NC_045512.2	15791	C	G	401	379	43	1	1	37	0.00248756	402	0.500623	FALSE	NA	NA	NA	NA	NA	NA
NC_045512.2	15804	T	A	224	224	37	1	1	39	0.00444444	225	0.501114	FALSE	NA	NA	NA	NA	NA	NA
NC_045512.2	16342	T	C	0	0	0	4	3	38	1	4	0.0285714	FALSE	NA	NA	NA	NA	NA	NA
NC_045512.2	17465	C	A	112	0	37	1	0	38	0.00884956	113	0.502222	FALSE	NA	NA	NA	NA	NA	NA
NC_045512.2	22109	C	G	0	0	0	9	8	38	1	9	4.11353e-05	TRUE	NA	NA	NA	NA	NA	NA
NC_045512.2	22664	C	A	0	0	0	1	1	39	1	1	1	FALSE	NA	NA	NA	NA	NA	NA
NC_045512.2	27384	T	C	0	0	0	6	1	37	1	6	0.0021645	TRUE	NA	NA	NA	NA	NA	NA
NC_045512.2	27431	C	T	2	2	38	1	1	33	0.333333	3	0.6	FALSE	NA	NA	NA	NA	NA	NA
NC_045512.2	27807	C	T	0	0	0	2	0	38	1	2	0.333333	FALSE	NA	NA	NA	NA	NA	NA
NC_045512.2	27915	G	T	128	99	38	79	64	38	0.381643	207	1.92808e-28	TRUE	NA	NA	NA	NA	NA	NA
NC_045512.2	27965	A	T	159	159	38	1	1	39	0.00625	160	0.501567	FALSE	NA	NA	NA	NA	NA	NA
NC_045512.2	28363	A	T	0	0	0	12	0	35	1	12	7.39602e-07	TRUE	NA	NA	NA	NA	NA	NA
NC_045512.2	28776	C	-A	30	30	38	1	0	20	0.0333333	30	0.516667	FALSE	NA	NA	NA	NA	NA	NA
NC_045512.2	28991	C	A	8	4	34	1	0	33	0.111111	9	0.529412	FALSE	NA	NA	NA	NA	NA	NA
