REGION	POS	REF	ALT	REF_DP	REF_RV	REF_QUAL	ALT_DP	ALT_RV	ALT_QUAL	ALT_FREQ	TOTAL_DP	PVAL	PASS	GFF_FEATURE	REF_CODON	REF_AA	ALT_CODON	ALT_AA	POS_AA
NC_045512.2	484	T	G	40	5	38	1	0	30	0.0243902	41	0.506173	FALSE	NA	NA	NA	NA	NA	NA
NC_045512.2	1134	A	G	57	22	39	1	0	31	0.0172414	58	0.504348	FALSE	NA	NA	NA	NA	NA	NA
NC_045512.2	5720	G	A	201	21	44	31	0	37	0.133621	232	1.70555e-10	TRUE	NA	NA	NA	NA	NA	NA
NC_045512.2	6040	C	T	0	0	0	11	1	38	1	11	2.83514e-06	TRUE	NA	NA	NA	NA	NA	NA
NC_045512.2	10348	A	G	181	177	39	1	1	31	0.00549451	182	0.501377	FALSE	NA	NA	NA	NA	NA	NA
NC_045512.2	10361	T	C	83	83	37	1	1	34	0.0119048	84	0.502994	FALSE	NA	NA	NA	NA	NA	NA
NC_045512.2	12070	G	A	19	0	37	1	0	39	0.05	20	0.512821	FALSE	NA	NA	NA	NA	NA	NA
NC_045512.2	13004	G	C	166	37	38	2	0	39	0.0119048	168	0.250746	FALSE	NA	NA	NA	NA	NA	NA
NC_045512.2	17859	T	C	0	0	0	15	15	36	1	15	1.28935e-08	TRUE	NA	NA	NA	NA	NA	NA
NC_045512.2	19116	A	C	128	113	44	1	1	38	0.00775194	129	0.501946	FALSE	NA	NA	NA	NA	NA	NA
NC_045512.2	20226	A	C	0	0	0	104	0	38	1	104	8.79842e-62	TRUE	NA	NA	NA	NA	NA	NA
NC_045512.2	22000	C	A	0	0	0	2	0	31	1	2	0.333333	FALSE	NA	NA	NA	NA	NA	NA
NC_045512.2	22071	A	C	2	2	37	1	0	37	0.333333	3	0.6	FALSE	NA	NA	NA	NA	NA	NA
NC_045512.2	22073	G	C	0	0	0	1	1	36	1	1	1	FALSE	NA	NA	NA	NA	NA	NA
NC_045512.2	22109	C	G	0	0	0	7	4	37	1	7	0.000582751	TRUE	NA	NA	NA	NA	NA	NA
NC_045512.2	23403	A	G	0	0	0	7	2	38	1	7	0.000582751	TRUE	NA	NA	NA	NA	NA	NA
NC_045512.2	24035	A	G	70	15	38	1	0	36	0.0140845	71	0.503546	FALSE	NA	NA	NA	NA	NA	NA
NC_045512.2	24083	C	-T	40	32	38	2	0	20	0.05	40	0.265741	FALSE	NA	NA	NA	NA	NA	NA
NC_045512.2	25584	C	T	0	0	0	4	4	35	1	4	0.0285714	FALSE	NA	NA	NA	NA	NA	NA
NC_045512.2	26200	A	C	91	80	41	1	1	29	0.0108696	92	0.502732	FALSE	NA	NA	NA	NA	NA	NA
NC_045512.2	27384	T	C	0	0	0	2	0	39	1	2	0.333333	FALSE	NA	NA	NA	NA	NA	NA
NC_045512.2	27642	A	G	22	9	37	1	0	36	0.0434783	23	0.511111	FALSE	NA	NA	NA	NA	NA	NA
NC_045512.2	28244	T	C	210	178	39	1	1	37	0.00473934	211	0.501188	FALSE	NA	NA	NA	NA	NA	NA
NC_045512.2	28271	A	T	0	0	0	129	129	37	1	129	8.70125e-77	TRUE	NA	NA	NA	NA	NA	NA
NC_045512.2	28671	T	G	151	14	40	1	0	27	0.00657895	152	0.752475	FALSE	NA	NA	NA	NA	NA	NA
NC_045512.2	28777	A	T	42	42	37	1	1	35	0.0232558	43	0.505882	FALSE	NA	NA	NA	NA	NA	NA
NC_045512.2	29269	C	A	49	0	37	5	0	38	0.0925926	54	0.0297484	FALSE	NA	NA	NA	NA	NA	NA
NC_045512.2	29276	G	T	154	0	38	2	0	35	0.0128205	156	0.250804	FALSE	NA	NA	NA	NA	NA	NA
NC_045512.2	29404	T	C	94	94	38	1	1	38	0.0105263	95	0.502646	FALSE	NA	NA	NA	NA	NA	NA
