REGION	POS	REF	ALT	REF_DP	REF_RV	REF_QUAL	ALT_DP	ALT_RV	ALT_QUAL	ALT_FREQ	TOTAL_DP	PVAL	PASS	GFF_FEATURE	REF_CODON	REF_AA	ALT_CODON	ALT_AA	POS_AA
NC_045512.2	1349	C	-A	1	0	20	1	0	20	1	1	1	FALSE	NA	NA	NA	NA	NA	NA
NC_045512.2	2789	A	-CT	1	0	28	1	0	20	1	1	1	FALSE	NA	NA	NA	NA	NA	NA
NC_045512.2	8299	C	+A	1	0	23	1	0	20	1	1	1	FALSE	NA	NA	NA	NA	NA	NA
NC_045512.2	9314	G	-T	2	0	23	1	0	20	0.5	2	0.75	FALSE	NA	NA	NA	NA	NA	NA
NC_045512.2	9577	T	C	0	0	0	1	0	29	1	1	1	FALSE	NA	NA	NA	NA	NA	NA
NC_045512.2	9701	A	-T	1	0	22	1	0	20	1	1	1	FALSE	NA	NA	NA	NA	NA	NA
NC_045512.2	9721	T	C	0	0	0	1	0	29	1	1	1	FALSE	NA	NA	NA	NA	NA	NA
NC_045512.2	9747	T	-A	1	0	27	1	0	20	1	1	1	FALSE	NA	NA	NA	NA	NA	NA
NC_045512.2	9811	C	-T	1	0	23	1	0	20	1	1	1	FALSE	NA	NA	NA	NA	NA	NA
NC_045512.2	11521	G	-T	2	0	24	1	0	20	0.5	2	0.75	FALSE	NA	NA	NA	NA	NA	NA
NC_045512.2	11791	T	+A	1	0	23	1	0	20	1	1	1	FALSE	NA	NA	NA	NA	NA	NA
NC_045512.2	12577	A	G	0	0	0	1	0	28	1	1	1	FALSE	NA	NA	NA	NA	NA	NA
NC_045512.2	15451	G	A	0	0	0	3	0	26	1	3	0.1	FALSE	NA	NA	NA	NA	NA	NA
NC_045512.2	16342	T	C	0	0	0	3	0	27	1	3	0.1	FALSE	NA	NA	NA	NA	NA	NA
NC_045512.2	16423	C	-T	5	0	24	2	0	20	0.4	5	0.381818	FALSE	NA	NA	NA	NA	NA	NA
NC_045512.2	16907	A	-T	3	0	25	2	0	20	0.666667	3	0.47619	FALSE	NA	NA	NA	NA	NA	NA
NC_045512.2	17019	G	-T	2	0	24	1	0	20	0.5	2	0.75	FALSE	NA	NA	NA	NA	NA	NA
NC_045512.2	17028	C	-A	1	0	22	1	0	20	1	1	1	FALSE	NA	NA	NA	NA	NA	NA
NC_045512.2	23525	C	T	0	0	0	2	0	26	1	2	0.333333	FALSE	NA	NA	NA	NA	NA	NA
NC_045512.2	23558	A	-T	2	0	26	1	0	20	0.5	2	0.75	FALSE	NA	NA	NA	NA	NA	NA
NC_045512.2	23599	T	G	0	0	0	1	0	29	1	1	1	FALSE	NA	NA	NA	NA	NA	NA
NC_045512.2	23604	C	A	0	0	0	1	0	25	1	1	1	FALSE	NA	NA	NA	NA	NA	NA
NC_045512.2	24424	A	T	0	0	0	2	0	27	1	2	0.333333	FALSE	NA	NA	NA	NA	NA	NA
NC_045512.2	27915	G	T	0	0	0	1	0	28	1	1	1	FALSE	NA	NA	NA	NA	NA	NA
