REGION	POS	REF	ALT	REF_DP	REF_RV	REF_QUAL	ALT_DP	ALT_RV	ALT_QUAL	ALT_FREQ	TOTAL_DP	PVAL	PASS	GFF_FEATURE	REF_CODON	REF_AA	ALT_CODON	ALT_AA	POS_AA
NC_045512.2	5720	G	A	0	0	0	5	0	32	1	5	0.00793651	TRUE	NA	NA	NA	NA	NA	NA
NC_045512.2	13095	C	G	9	9	32	1	0	27	0.1	10	0.526316	FALSE	NA	NA	NA	NA	NA	NA
NC_045512.2	15714	C	T	0	0	0	4	0	34	1	4	0.0285714	FALSE	NA	NA	NA	NA	NA	NA
NC_045512.2	15738	C	T	0	0	0	9	4	32	1	9	4.11353e-05	TRUE	NA	NA	NA	NA	NA	NA
NC_045512.2	16038	T	A	31	6	34	1	1	34	0.03125	32	0.507937	FALSE	NA	NA	NA	NA	NA	NA
NC_045512.2	17146	A	C	1	0	34	1	1	27	0.5	2	0.666667	FALSE	NA	NA	NA	NA	NA	NA
NC_045512.2	22101	A	T	1	1	34	2	1	34	0.666667	3	0.3	FALSE	NA	NA	NA	NA	NA	NA
NC_045512.2	22109	C	G	0	0	0	2	1	34	1	2	0.333333	FALSE	NA	NA	NA	NA	NA	NA
NC_045512.2	27384	T	C	0	0	0	1	1	26	1	1	1	FALSE	NA	NA	NA	NA	NA	NA
NC_045512.2	28271	A	T	0	0	0	2	2	34	1	2	0.333333	FALSE	NA	NA	NA	NA	NA	NA
