REGION	POS	REF	ALT	REF_DP	REF_RV	REF_QUAL	ALT_DP	ALT_RV	ALT_QUAL	ALT_FREQ	TOTAL_DP	PVAL	PASS	GFF_FEATURE	REF_CODON	REF_AA	ALT_CODON	ALT_AA	POS_AA
NC_045512.2	5406	T	A	53	7	36	1	1	26	0.0185185	54	0.504673	FALSE	NA	NA	NA	NA	NA	NA
NC_045512.2	12980	A	T	485	3	33	1	0	26	0.00205761	486	0.969231	FALSE	NA	NA	NA	NA	NA	NA
NC_045512.2	13039	A	T	669	526	36	1	0	26	0.00149254	670	0.99235	FALSE	NA	NA	NA	NA	NA	NA
NC_045512.2	14226	A	G	96	46	38	1	0	34	0.0103093	97	0.502591	FALSE	NA	NA	NA	NA	NA	NA
