REGION	POS	REF	ALT	REF_DP	REF_RV	REF_QUAL	ALT_DP	ALT_RV	ALT_QUAL	ALT_FREQ	TOTAL_DP	PVAL	PASS	GFF_FEATURE	REF_CODON	REF_AA	ALT_CODON	ALT_AA	POS_AA
NC_045512.2	2101	G	T	10	10	42	1	1	39	0.0909091	11	0.52381	FALSE	NA	NA	NA	NA	NA	NA
NC_045512.2	9693	C	T	9	9	38	10	9	37	0.526316	19	0.000265202	TRUE	NA	NA	NA	NA	NA	NA
NC_045512.2	10029	C	T	0	0	0	1	1	36	1	1	1	FALSE	NA	NA	NA	NA	NA	NA
NC_045512.2	15714	C	T	0	0	0	10	1	39	1	10	1.08251e-05	TRUE	NA	NA	NA	NA	NA	NA
NC_045512.2	15738	C	T	0	0	0	38	3	38	1	38	2.90165e-22	TRUE	NA	NA	NA	NA	NA	NA
NC_045512.2	16111	C	A	7	7	38	1	1	39	0.125	8	0.533333	FALSE	NA	NA	NA	NA	NA	NA
NC_045512.2	17859	T	C	0	0	0	1	1	38	1	1	1	FALSE	NA	NA	NA	NA	NA	NA
NC_045512.2	18735	A	T	8	3	38	1	0	33	0.111111	9	0.529412	FALSE	NA	NA	NA	NA	NA	NA
NC_045512.2	22109	C	G	0	0	0	1	0	39	1	1	1	FALSE	NA	NA	NA	NA	NA	NA
NC_045512.2	26526	G	T	0	0	0	1	1	37	1	1	1	FALSE	NA	NA	NA	NA	NA	NA
