REGION	POS	REF	ALT	REF_DP	REF_RV	REF_QUAL	ALT_DP	ALT_RV	ALT_QUAL	ALT_FREQ	TOTAL_DP	PVAL	PASS	GFF_FEATURE	REF_CODON	REF_AA	ALT_CODON	ALT_AA	POS_AA
NC_045512.2	513	A	G	16	16	39	1	1	37	0.0588235	17	0.515152	FALSE	NA	NA	NA	NA	NA	NA
NC_045512.2	1702	T	C	32	32	38	1	1	39	0.030303	33	0.507692	FALSE	NA	NA	NA	NA	NA	NA
NC_045512.2	3757	T	C	58	0	38	1	0	37	0.0169492	59	0.504274	FALSE	NA	NA	NA	NA	NA	NA
NC_045512.2	3970	T	C	59	59	38	1	1	38	0.0166667	60	0.504202	FALSE	NA	NA	NA	NA	NA	NA
NC_045512.2	4247	A	C	65	0	38	1	0	37	0.0151515	66	0.503817	FALSE	NA	NA	NA	NA	NA	NA
NC_045512.2	4273	T	C	62	0	36	1	0	39	0.015873	63	0.504	FALSE	NA	NA	NA	NA	NA	NA
NC_045512.2	5918	G	A	23	0	38	1	0	39	0.0416667	24	0.510638	FALSE	NA	NA	NA	NA	NA	NA
NC_045512.2	10357	T	C	42	0	38	1	0	39	0.0232558	43	0.505882	FALSE	NA	NA	NA	NA	NA	NA
NC_045512.2	12484	C	T	99	12	46	1	0	39	0.01	100	0.502513	FALSE	NA	NA	NA	NA	NA	NA
NC_045512.2	12486	T	G	100	12	46	1	0	38	0.00990099	101	0.502488	FALSE	NA	NA	NA	NA	NA	NA
NC_045512.2	12800	A	G	0	0	0	1	0	39	1	1	1	FALSE	NA	NA	NA	NA	NA	NA
NC_045512.2	17410	C	T	0	0	0	6	6	38	1	6	0.0021645	TRUE	NA	NA	NA	NA	NA	NA
NC_045512.2	19295	T	C	7	7	38	1	0	39	0.125	8	0.533333	FALSE	NA	NA	NA	NA	NA	NA
NC_045512.2	20235	C	A	106	2	37	1	0	39	0.00934579	107	0.502347	FALSE	NA	NA	NA	NA	NA	NA
NC_045512.2	20256	T	C	107	0	38	1	0	38	0.00925926	108	0.502326	FALSE	NA	NA	NA	NA	NA	NA
NC_045512.2	21999	A	T	0	0	0	1	0	39	1	1	1	FALSE	NA	NA	NA	NA	NA	NA
NC_045512.2	22000	C	A	0	0	0	1	0	39	1	1	1	FALSE	NA	NA	NA	NA	NA	NA
NC_045512.2	22200	T	G	0	0	0	5	0	37	1	5	0.00793651	TRUE	NA	NA	NA	NA	NA	NA
NC_045512.2	22992	G	A	0	0	0	2	2	39	1	2	0.333333	FALSE	NA	NA	NA	NA	NA	NA
NC_045512.2	22995	C	A	0	0	0	1	1	39	1	1	1	FALSE	NA	NA	NA	NA	NA	NA
NC_045512.2	23403	A	G	0	0	0	2	0	39	1	2	0.333333	FALSE	NA	NA	NA	NA	NA	NA
NC_045512.2	23604	C	A	0	0	0	2	2	38	1	2	0.333333	FALSE	NA	NA	NA	NA	NA	NA
NC_045512.2	23669	A	G	55	55	38	1	1	39	0.0178571	56	0.504505	FALSE	NA	NA	NA	NA	NA	NA
NC_045512.2	24841	T	C	13	0	36	1	0	39	0.0714286	14	0.518519	FALSE	NA	NA	NA	NA	NA	NA
NC_045512.2	24962	A	G	2	1	39	1	1	39	0.333333	3	0.6	FALSE	NA	NA	NA	NA	NA	NA
NC_045512.2	25075	C	T	14	14	36	1	1	39	0.0666667	15	0.517241	FALSE	NA	NA	NA	NA	NA	NA
NC_045512.2	25658	C	A	70	69	38	1	1	39	0.0140845	71	0.503546	FALSE	NA	NA	NA	NA	NA	NA
NC_045512.2	26577	C	G	0	0	0	6	0	37	1	6	0.0021645	TRUE	NA	NA	NA	NA	NA	NA
