REGION	POS	REF	ALT	REF_DP	REF_RV	REF_QUAL	ALT_DP	ALT_RV	ALT_QUAL	ALT_FREQ	TOTAL_DP	PVAL	PASS	GFF_FEATURE	REF_CODON	REF_AA	ALT_CODON	ALT_AA	POS_AA
NC_045512.2	16039	T	C	403	0	33	1	0	26	0.00247525	404	0.969329	FALSE	NA	NA	NA	NA	NA	NA
NC_045512.2	16040	A	+C	400	0	33	2	0	20	0.005	400	0.892666	FALSE	NA	NA	NA	NA	NA	NA
NC_045512.2	16044	A	+C	398	0	33	2	0	20	0.00502513	398	0.81563	FALSE	NA	NA	NA	NA	NA	NA
NC_045512.2	16123	T	C	405	205	60	1	1	68	0.00246305	406	0.500617	FALSE	NA	NA	NA	NA	NA	NA
NC_045512.2	16125	A	G	406	208	66	1	0	60	0.002457	407	0.500615	FALSE	NA	NA	NA	NA	NA	NA
NC_045512.2	16136	T	G	405	207	66	1	1	46	0.00246305	406	0.500617	FALSE	NA	NA	NA	NA	NA	NA
NC_045512.2	16187	G	A	465	434	33	1	1	34	0.00214592	466	0.500537	FALSE	NA	NA	NA	NA	NA	NA
NC_045512.2	16191	A	G	459	432	33	1	1	34	0.00217391	460	0.500544	FALSE	NA	NA	NA	NA	NA	NA
NC_045512.2	16201	T	C	465	435	33	2	1	34	0.00428266	467	0.250268	FALSE	NA	NA	NA	NA	NA	NA
NC_045512.2	16211	T	C	442	411	33	1	1	34	0.00225734	443	0.500565	FALSE	NA	NA	NA	NA	NA	NA
NC_045512.2	16221	G	A	447	416	33	1	1	34	0.00223214	448	0.500559	FALSE	NA	NA	NA	NA	NA	NA
NC_045512.2	16231	T	C	449	418	33	1	1	34	0.00222222	450	0.500556	FALSE	NA	NA	NA	NA	NA	NA
NC_045512.2	22218	G	-T	589	292	34	2	0	20	0.00339559	589	0.938884	FALSE	NA	NA	NA	NA	NA	NA
NC_045512.2	22242	T	C	591	295	34	2	1	34	0.00337268	593	0.250211	FALSE	NA	NA	NA	NA	NA	NA
NC_045512.2	22248	T	C	591	295	34	2	1	34	0.00337268	593	0.250211	FALSE	NA	NA	NA	NA	NA	NA
NC_045512.2	22271	A	G	590	294	34	1	1	26	0.00169205	591	0.984652	FALSE	NA	NA	NA	NA	NA	NA
NC_045512.2	22318	T	C	588	294	34	1	1	34	0.00169779	589	0.500425	FALSE	NA	NA	NA	NA	NA	NA
NC_045512.2	22320	A	G	582	295	33	2	1	34	0.00342466	584	0.250214	FALSE	NA	NA	NA	NA	NA	NA
NC_045512.2	22341	C	+T	582	292	34	1	0	20	0.00171821	582	0.984735	FALSE	NA	NA	NA	NA	NA	NA
