REGION	POS	REF	ALT	REF_DP	REF_RV	REF_QUAL	ALT_DP	ALT_RV	ALT_QUAL	ALT_FREQ	TOTAL_DP	PVAL	PASS	GFF_FEATURE	REF_CODON	REF_AA	ALT_CODON	ALT_AA	POS_AA
NC_045512.2	2041	T	A	49	29	35	1	1	34	0.02	50	0.505051	FALSE	NA	NA	NA	NA	NA	NA
NC_045512.2	3037	C	T	0	0	0	1	1	34	1	1	1	FALSE	NA	NA	NA	NA	NA	NA
NC_045512.2	5720	G	A	0	0	0	8	2	34	1	8	0.0001554	TRUE	NA	NA	NA	NA	NA	NA
NC_045512.2	5797	T	A	11	10	35	1	0	20	0.0833333	12	0.521739	FALSE	NA	NA	NA	NA	NA	NA
NC_045512.2	7602	A	G	21	13	37	1	0	27	0.0454545	22	0.511628	FALSE	NA	NA	NA	NA	NA	NA
NC_045512.2	7623	T	G	20	18	36	1	0	27	0.047619	21	0.512195	FALSE	NA	NA	NA	NA	NA	NA
NC_045512.2	12993	T	G	44	1	35	1	0	27	0.0222222	45	0.505618	FALSE	NA	NA	NA	NA	NA	NA
NC_045512.2	13003	A	G	51	4	33	1	0	34	0.0192308	52	0.504854	FALSE	NA	NA	NA	NA	NA	NA
NC_045512.2	13026	C	T	42	24	39	1	1	27	0.0232558	43	0.505882	FALSE	NA	NA	NA	NA	NA	NA
NC_045512.2	13049	G	C	38	35	40	1	1	34	0.025641	39	0.506494	FALSE	NA	NA	NA	NA	NA	NA
NC_045512.2	15125	T	C	1	0	34	1	1	34	0.5	2	0.666667	FALSE	NA	NA	NA	NA	NA	NA
NC_045512.2	15714	C	T	0	0	0	1	1	34	1	1	1	FALSE	NA	NA	NA	NA	NA	NA
NC_045512.2	15738	C	T	0	0	0	4	2	34	1	4	0.0285714	FALSE	NA	NA	NA	NA	NA	NA
NC_045512.2	17859	T	C	0	0	0	1	1	34	1	1	1	FALSE	NA	NA	NA	NA	NA	NA
NC_045512.2	23403	A	G	0	0	0	1	0	34	1	1	1	FALSE	NA	NA	NA	NA	NA	NA
NC_045512.2	26129	T	G	18	6	38	1	0	34	0.0526316	19	0.513514	FALSE	NA	NA	NA	NA	NA	NA
NC_045512.2	27915	G	T	0	0	0	9	8	33	1	9	4.11353e-05	TRUE	NA	NA	NA	NA	NA	NA
