REGION	POS	REF	ALT	REF_DP	REF_RV	REF_QUAL	ALT_DP	ALT_RV	ALT_QUAL	ALT_FREQ	TOTAL_DP	PVAL	PASS	GFF_FEATURE	REF_CODON	REF_AA	ALT_CODON	ALT_AA	POS_AA
NC_045512.2	1684	C	T	82	2	35	6	1	34	0.0681818	88	0.0148139	FALSE	NA	NA	NA	NA	NA	NA
NC_045512.2	9693	C	T	0	0	0	7	3	33	1	7	0.000582751	TRUE	NA	NA	NA	NA	NA	NA
NC_045512.2	12751	T	A	26	24	35	1	1	26	0.037037	27	0.509434	FALSE	NA	NA	NA	NA	NA	NA
NC_045512.2	21182	C	G	8	3	42	1	1	26	0.111111	9	0.529412	FALSE	NA	NA	NA	NA	NA	NA
NC_045512.2	21718	G	T	0	0	0	2	1	51	1	2	0.333333	FALSE	NA	NA	NA	NA	NA	NA
NC_045512.2	22109	C	G	0	0	0	4	4	34	1	4	0.0285714	FALSE	NA	NA	NA	NA	NA	NA
NC_045512.2	28776	C	T	23	23	34	1	1	34	0.0416667	24	0.510638	FALSE	NA	NA	NA	NA	NA	NA
NC_045512.2	29336	A	T	27	7	31	1	1	26	0.0357143	28	0.509091	FALSE	NA	NA	NA	NA	NA	NA
NC_045512.2	29352	A	T	45	14	34	1	1	26	0.0217391	46	0.505495	FALSE	NA	NA	NA	NA	NA	NA
