REGION	POS	REF	ALT	REF_DP	REF_RV	REF_QUAL	ALT_DP	ALT_RV	ALT_QUAL	ALT_FREQ	TOTAL_DP	PVAL	PASS	GFF_FEATURE	REF_CODON	REF_AA	ALT_CODON	ALT_AA	POS_AA
NC_045512.2	2010	A	G	46	4	37	1	0	27	0.0212766	47	0.505376	FALSE	NA	NA	NA	NA	NA	NA
NC_045512.2	7551	G	C	8	1	38	1	1	27	0.111111	9	0.529412	FALSE	NA	NA	NA	NA	NA	NA
NC_045512.2	12999	G	A	117	26	37	1	0	34	0.00847458	118	0.502128	FALSE	NA	NA	NA	NA	NA	NA
NC_045512.2	13004	G	C	83	25	35	1	1	34	0.0119048	84	0.502994	FALSE	NA	NA	NA	NA	NA	NA
NC_045512.2	19095	T	G	9	4	36	1	0	34	0.1	10	0.526316	FALSE	NA	NA	NA	NA	NA	NA
NC_045512.2	27915	G	T	25	25	33	7	4	32	0.21875	32	0.00608356	TRUE	NA	NA	NA	NA	NA	NA
NC_045512.2	27916	G	T	8	5	34	7	7	29	0.466667	15	0.00412294	TRUE	NA	NA	NA	NA	NA	NA
NC_045512.2	28209	G	C	1	0	34	2	1	34	0.666667	3	0.3	FALSE	NA	NA	NA	NA	NA	NA
NC_045512.2	28271	A	T	0	0	0	4	4	34	1	4	0.0285714	FALSE	NA	NA	NA	NA	NA	NA
