REGION	POS	REF	ALT	REF_DP	REF_RV	REF_QUAL	ALT_DP	ALT_RV	ALT_QUAL	ALT_FREQ	TOTAL_DP	PVAL	PASS	GFF_FEATURE	REF_CODON	REF_AA	ALT_CODON	ALT_AA	POS_AA
NC_045512.2	823	C	T	3	3	59	1	1	39	0.25	4	0.571429	FALSE	NA	NA	NA	NA	NA	NA
NC_045512.2	2034	T	C	33	13	48	2	2	36	0.0571429	35	0.253623	FALSE	NA	NA	NA	NA	NA	NA
NC_045512.2	4184	G	A	0	0	0	1	1	39	1	1	1	FALSE	NA	NA	NA	NA	NA	NA
NC_045512.2	6944	A	G	0	0	0	1	0	39	1	1	1	FALSE	NA	NA	NA	NA	NA	NA
NC_045512.2	9424	A	G	0	0	0	1	1	39	1	1	1	FALSE	NA	NA	NA	NA	NA	NA
NC_045512.2	9610	T	A	47	0	38	1	0	39	0.0208333	48	0.505263	FALSE	NA	NA	NA	NA	NA	NA
NC_045512.2	11518	C	G	53	16	42	1	1	33	0.0185185	54	0.504673	FALSE	NA	NA	NA	NA	NA	NA
NC_045512.2	11562	G	C	62	60	39	1	1	34	0.015873	63	0.504	FALSE	NA	NA	NA	NA	NA	NA
NC_045512.2	15714	C	T	0	0	0	19	3	38	1	19	5.65847e-11	TRUE	NA	NA	NA	NA	NA	NA
NC_045512.2	15738	C	T	0	0	0	65	2	38	1	65	2.10377e-38	TRUE	NA	NA	NA	NA	NA	NA
NC_045512.2	16342	T	C	26	20	37	6	5	37	0.1875	32	0.013337	FALSE	NA	NA	NA	NA	NA	NA
NC_045512.2	17540	A	C	156	84	42	1	1	31	0.00636943	157	0.501597	FALSE	NA	NA	NA	NA	NA	NA
NC_045512.2	17859	T	C	0	0	0	1	1	38	1	1	1	FALSE	NA	NA	NA	NA	NA	NA
NC_045512.2	19326	A	G	0	0	0	8	0	37	1	8	0.0001554	TRUE	NA	NA	NA	NA	NA	NA
NC_045512.2	22109	C	G	0	0	0	5	5	37	1	5	0.00793651	TRUE	NA	NA	NA	NA	NA	NA
NC_045512.2	23123	C	T	10	0	37	3	0	39	0.230769	13	0.124348	FALSE	NA	NA	NA	NA	NA	NA
NC_045512.2	23403	A	G	0	0	0	32	6	38	1	32	1.09133e-18	TRUE	NA	NA	NA	NA	NA	NA
NC_045512.2	25584	C	T	0	0	0	6	6	35	1	6	0.0021645	TRUE	NA	NA	NA	NA	NA	NA
NC_045512.2	27371	C	T	17	4	37	3	0	37	0.15	20	0.12474	FALSE	NA	NA	NA	NA	NA	NA
NC_045512.2	27384	T	C	0	0	0	8	4	38	1	8	0.0001554	TRUE	NA	NA	NA	NA	NA	NA
NC_045512.2	27431	C	T	2	2	38	3	3	37	0.6	5	0.119048	FALSE	NA	NA	NA	NA	NA	NA
NC_045512.2	27915	G	T	71	60	38	72	62	38	0.503497	143	1.50098e-27	TRUE	NA	NA	NA	NA	NA	NA
NC_045512.2	28271	A	T	0	0	0	172	172	38	1	172	1.29827e-102	TRUE	NA	NA	NA	NA	NA	NA
NC_045512.2	28363	A	T	0	0	0	12	2	35	1	12	7.39602e-07	TRUE	NA	NA	NA	NA	NA	NA
NC_045512.2	28370	A	G	0	0	0	1	0	39	1	1	1	FALSE	NA	NA	NA	NA	NA	NA
NC_045512.2	28447	A	G	34	32	42	5	5	38	0.128205	39	0.0291407	FALSE	NA	NA	NA	NA	NA	NA
NC_045512.2	28671	T	G	102	10	41	1	0	27	0.00970874	103	0.753659	FALSE	NA	NA	NA	NA	NA	NA
