REGION	POS	REF	ALT	REF_DP	REF_RV	REF_QUAL	ALT_DP	ALT_RV	ALT_QUAL	ALT_FREQ	TOTAL_DP	PVAL	PASS	GFF_FEATURE	REF_CODON	REF_AA	ALT_CODON	ALT_AA	POS_AA
NC_045512.2	4184	G	A	0	0	0	2	0	39	1	2	0.333333	FALSE	NA	NA	NA	NA	NA	NA
NC_045512.2	5720	G	A	32	9	44	7	0	37	0.179487	39	0.00639591	TRUE	NA	NA	NA	NA	NA	NA
NC_045512.2	5805	G	T	31	31	38	9	9	37	0.225	40	0.00132859	TRUE	NA	NA	NA	NA	NA	NA
NC_045512.2	7564	C	T	30	14	37	9	4	38	0.230769	39	0.00131361	TRUE	NA	NA	NA	NA	NA	NA
NC_045512.2	9601	G	T	10	0	38	4	0	38	0.285714	14	0.057037	FALSE	NA	NA	NA	NA	NA	NA
NC_045512.2	12730	T	A	6	6	37	1	1	38	0.142857	7	0.538462	FALSE	NA	NA	NA	NA	NA	NA
NC_045512.2	13965	C	T	17	9	39	2	2	39	0.105263	19	0.256757	FALSE	NA	NA	NA	NA	NA	NA
NC_045512.2	15714	C	T	0	0	0	24	5	38	1	24	6.20201e-14	TRUE	NA	NA	NA	NA	NA	NA
NC_045512.2	15738	C	T	0	0	0	39	8	38	1	39	7.34834e-23	TRUE	NA	NA	NA	NA	NA	NA
NC_045512.2	16069	T	G	36	16	42	1	0	30	0.027027	37	0.506849	FALSE	NA	NA	NA	NA	NA	NA
NC_045512.2	16342	T	C	0	0	0	8	3	37	1	8	0.0001554	TRUE	NA	NA	NA	NA	NA	NA
NC_045512.2	16618	G	A	23	19	38	4	3	38	0.148148	27	0.0599334	FALSE	NA	NA	NA	NA	NA	NA
NC_045512.2	17124	T	C	5	0	38	1	0	39	0.166667	6	0.545455	FALSE	NA	NA	NA	NA	NA	NA
NC_045512.2	17304	C	T	2	0	39	1	0	37	0.333333	3	0.6	FALSE	NA	NA	NA	NA	NA	NA
NC_045512.2	17410	C	T	0	0	0	1	1	39	1	1	1	FALSE	NA	NA	NA	NA	NA	NA
NC_045512.2	17859	T	C	0	0	0	10	10	37	1	10	1.08251e-05	TRUE	NA	NA	NA	NA	NA	NA
NC_045512.2	18703	G	T	0	0	0	2	0	38	1	2	0.333333	FALSE	NA	NA	NA	NA	NA	NA
NC_045512.2	23403	A	G	0	0	0	13	2	43	1	13	1.92297e-07	TRUE	NA	NA	NA	NA	NA	NA
NC_045512.2	25239	C	T	16	5	37	1	1	37	0.0588235	17	0.515152	FALSE	NA	NA	NA	NA	NA	NA
NC_045512.2	25282	C	G	20	15	38	2	2	37	0.0909091	22	0.255814	FALSE	NA	NA	NA	NA	NA	NA
NC_045512.2	26759	A	G	26	8	41	1	1	38	0.037037	27	0.509434	FALSE	NA	NA	NA	NA	NA	NA
NC_045512.2	27384	T	C	0	0	0	3	0	38	1	3	0.1	FALSE	NA	NA	NA	NA	NA	NA
NC_045512.2	27892	A	T	61	48	39	10	8	44	0.140845	71	0.000747815	TRUE	NA	NA	NA	NA	NA	NA
NC_045512.2	27915	G	T	0	0	0	45	40	38	1	45	1.92627e-26	TRUE	NA	NA	NA	NA	NA	NA
NC_045512.2	28271	A	T	0	0	0	65	65	38	1	65	2.10377e-38	TRUE	NA	NA	NA	NA	NA	NA
NC_045512.2	28363	A	T	0	0	0	9	0	36	1	9	4.11353e-05	TRUE	NA	NA	NA	NA	NA	NA
NC_045512.2	28447	A	G	0	0	0	16	16	38	1	16	3.32734e-09	TRUE	NA	NA	NA	NA	NA	NA
NC_045512.2	29373	A	G	35	35	40	1	0	38	0.0277778	36	0.507042	FALSE	NA	NA	NA	NA	NA	NA
NC_045512.2	29510	A	C	0	0	0	1	1	36	1	1	1	FALSE	NA	NA	NA	NA	NA	NA
