REGION	POS	REF	ALT	REF_DP	REF_RV	REF_QUAL	ALT_DP	ALT_RV	ALT_QUAL	ALT_FREQ	TOTAL_DP	PVAL	PASS	GFF_FEATURE	REF_CODON	REF_AA	ALT_CODON	ALT_AA	POS_AA
NC_045512.2	670	T	G	0	0	0	23	0	38	1	23	2.42912e-13	TRUE	NA	NA	NA	NA	NA	NA
NC_045512.2	4315	A	T	0	0	0	23	0	36	1	23	2.42912e-13	TRUE	NA	NA	NA	NA	NA	NA
NC_045512.2	4497	T	G	30	27	38	1	1	39	0.0322581	31	0.508197	FALSE	NA	NA	NA	NA	NA	NA
NC_045512.2	4524	C	T	9	9	38	1	1	37	0.1	10	0.526316	FALSE	NA	NA	NA	NA	NA	NA
NC_045512.2	5248	T	C	12	10	38	1	1	39	0.0769231	13	0.52	FALSE	NA	NA	NA	NA	NA	NA
NC_045512.2	8263	T	C	13	13	36	1	1	38	0.0714286	14	0.518519	FALSE	NA	NA	NA	NA	NA	NA
NC_045512.2	10597	T	C	17	17	37	1	1	39	0.0555556	18	0.514286	FALSE	NA	NA	NA	NA	NA	NA
NC_045512.2	12193	T	C	0	0	0	1	1	39	1	1	1	FALSE	NA	NA	NA	NA	NA	NA
NC_045512.2	12526	A	G	175	175	38	1	1	38	0.00568182	176	0.501425	FALSE	NA	NA	NA	NA	NA	NA
NC_045512.2	12646	T	C	101	0	38	1	0	39	0.00980392	102	0.502463	FALSE	NA	NA	NA	NA	NA	NA
NC_045512.2	14504	A	G	0	0	0	1	0	39	1	1	1	FALSE	NA	NA	NA	NA	NA	NA
NC_045512.2	17299	T	C	16	5	38	1	0	39	0.0588235	17	0.515152	FALSE	NA	NA	NA	NA	NA	NA
NC_045512.2	17410	C	T	0	0	0	16	16	38	1	16	3.32734e-09	TRUE	NA	NA	NA	NA	NA	NA
NC_045512.2	18492	A	G	3	3	39	2	2	39	0.4	5	0.277778	FALSE	NA	NA	NA	NA	NA	NA
NC_045512.2	18650	A	G	13	1	41	1	0	39	0.0714286	14	0.518519	FALSE	NA	NA	NA	NA	NA	NA
NC_045512.2	18652	C	T	12	1	41	1	0	37	0.0769231	13	0.52	FALSE	NA	NA	NA	NA	NA	NA
NC_045512.2	21358	A	T	0	0	0	1	1	35	1	1	1	FALSE	NA	NA	NA	NA	NA	NA
NC_045512.2	21618	C	T	1	1	35	2	2	38	0.666667	3	0.3	FALSE	NA	NA	NA	NA	NA	NA
NC_045512.2	22199	G	A	1	0	37	1	0	39	0.5	2	0.666667	FALSE	NA	NA	NA	NA	NA	NA
NC_045512.2	22200	T	G	0	0	0	1	0	33	0.5	2	0.5	FALSE	NA	NA	NA	NA	NA	NA
NC_045512.2	22200	T	A	0	0	0	1	0	39	0.5	2	0.5	FALSE	NA	NA	NA	NA	NA	NA
NC_045512.2	23403	A	G	0	0	0	4	0	38	1	4	0.0285714	FALSE	NA	NA	NA	NA	NA	NA
NC_045512.2	23604	C	A	0	0	0	4	4	35	1	4	0.0285714	FALSE	NA	NA	NA	NA	NA	NA
NC_045512.2	24335	A	G	36	0	38	1	0	38	0.027027	37	0.506849	FALSE	NA	NA	NA	NA	NA	NA
NC_045512.2	25940	A	G	21	0	38	1	0	39	0.0454545	22	0.511628	FALSE	NA	NA	NA	NA	NA	NA
NC_045512.2	26577	C	G	0	0	0	20	0	38	1	20	1.45089e-11	TRUE	NA	NA	NA	NA	NA	NA
NC_045512.2	29399	G	A	154	39	37	1	0	39	0.00645161	155	0.501618	FALSE	NA	NA	NA	NA	NA	NA
NC_045512.2	29466	C	T	113	113	38	1	1	39	0.00877193	114	0.502203	FALSE	NA	NA	NA	NA	NA	NA
NC_045512.2	29467	A	G	110	110	38	1	1	39	0.00900901	111	0.502262	FALSE	NA	NA	NA	NA	NA	NA
