REGION	POS	REF	ALT	REF_DP	REF_RV	REF_QUAL	ALT_DP	ALT_RV	ALT_QUAL	ALT_FREQ	TOTAL_DP	PVAL	PASS	GFF_FEATURE	REF_CODON	REF_AA	ALT_CODON	ALT_AA	POS_AA
NC_045512.2	1729	G	A	5	4	38	4	4	39	0.444444	9	0.0529412	FALSE	NA	NA	NA	NA	NA	NA
NC_045512.2	2007	T	C	98	9	46	1	0	38	0.010101	99	0.502538	FALSE	NA	NA	NA	NA	NA	NA
NC_045512.2	2012	G	T	96	14	43	1	0	39	0.0103093	97	0.502591	FALSE	NA	NA	NA	NA	NA	NA
NC_045512.2	3285	A	G	7	4	38	1	0	34	0.125	8	0.533333	FALSE	NA	NA	NA	NA	NA	NA
NC_045512.2	5720	G	A	8	1	42	5	1	38	0.384615	13	0.0242236	FALSE	NA	NA	NA	NA	NA	NA
NC_045512.2	8582	T	C	17	17	38	1	1	33	0.0555556	18	0.514286	FALSE	NA	NA	NA	NA	NA	NA
NC_045512.2	10623	C	T	26	14	40	1	1	39	0.037037	27	0.509434	FALSE	NA	NA	NA	NA	NA	NA
NC_045512.2	15714	C	T	0	0	0	10	1	38	1	10	1.08251e-05	TRUE	NA	NA	NA	NA	NA	NA
NC_045512.2	15738	C	T	0	0	0	41	4	38	1	41	4.70827e-24	TRUE	NA	NA	NA	NA	NA	NA
NC_045512.2	15813	T	C	54	52	38	1	1	36	0.0181818	55	0.504587	FALSE	NA	NA	NA	NA	NA	NA
NC_045512.2	16342	T	C	0	0	0	1	1	39	1	1	1	FALSE	NA	NA	NA	NA	NA	NA
NC_045512.2	17410	C	T	0	0	0	1	1	39	1	1	1	FALSE	NA	NA	NA	NA	NA	NA
NC_045512.2	17859	T	C	0	0	0	1	1	38	1	1	1	FALSE	NA	NA	NA	NA	NA	NA
NC_045512.2	19326	A	G	0	0	0	3	0	38	1	3	0.1	FALSE	NA	NA	NA	NA	NA	NA
NC_045512.2	23403	A	G	0	0	0	17	6	37	1	17	8.57043e-10	TRUE	NA	NA	NA	NA	NA	NA
NC_045512.2	25000	C	T	0	0	0	1	1	37	1	1	1	FALSE	NA	NA	NA	NA	NA	NA
NC_045512.2	26757	G	C	11	0	44	1	1	38	0.0833333	12	0.521739	FALSE	NA	NA	NA	NA	NA	NA
NC_045512.2	26781	C	A	11	7	38	1	1	39	0.0833333	12	0.521739	FALSE	NA	NA	NA	NA	NA	NA
NC_045512.2	27346	T	C	8	4	38	1	1	39	0.111111	9	0.529412	FALSE	NA	NA	NA	NA	NA	NA
NC_045512.2	27384	T	C	0	0	0	1	0	39	1	1	1	FALSE	NA	NA	NA	NA	NA	NA
NC_045512.2	27915	G	T	1	1	39	12	10	38	0.923077	13	2.49986e-06	TRUE	NA	NA	NA	NA	NA	NA
NC_045512.2	28200	T	C	59	33	38	1	1	38	0.0166667	60	0.504202	FALSE	NA	NA	NA	NA	NA	NA
NC_045512.2	28271	A	T	0	0	0	61	61	38	1	61	5.21795e-36	TRUE	NA	NA	NA	NA	NA	NA
NC_045512.2	28363	A	T	0	0	0	2	0	34	1	2	0.333333	FALSE	NA	NA	NA	NA	NA	NA
NC_045512.2	28436	G	A	11	10	42	1	1	39	0.0833333	12	0.521739	FALSE	NA	NA	NA	NA	NA	NA
NC_045512.2	28447	A	G	6	5	45	4	4	39	0.4	10	0.0541796	FALSE	NA	NA	NA	NA	NA	NA
NC_045512.2	28727	G	A	32	21	43	1	1	29	0.030303	33	0.507692	FALSE	NA	NA	NA	NA	NA	NA
NC_045512.2	29386	C	T	42	39	41	1	1	39	0.0232558	43	0.505882	FALSE	NA	NA	NA	NA	NA	NA
