REGION	POS	REF	ALT	REF_DP	REF_RV	REF_QUAL	ALT_DP	ALT_RV	ALT_QUAL	ALT_FREQ	TOTAL_DP	PVAL	PASS	GFF_FEATURE	REF_CODON	REF_AA	ALT_CODON	ALT_AA	POS_AA
NC_045512.2	12730	T	A	0	0	0	6	4	37	1	6	0.0021645	TRUE	NA	NA	NA	NA	NA	NA
NC_045512.2	15117	T	G	76	11	41	1	0	30	0.012987	77	0.503268	FALSE	NA	NA	NA	NA	NA	NA
NC_045512.2	15714	C	T	0	0	0	20	4	38	1	20	1.45089e-11	TRUE	NA	NA	NA	NA	NA	NA
NC_045512.2	15738	C	T	0	0	0	63	8	38	1	63	3.31404e-37	TRUE	NA	NA	NA	NA	NA	NA
NC_045512.2	15773	G	A	267	195	39	1	1	33	0.00373134	268	0.500935	FALSE	NA	NA	NA	NA	NA	NA
NC_045512.2	18677	G	T	0	0	0	4	0	39	1	4	0.0285714	FALSE	NA	NA	NA	NA	NA	NA
NC_045512.2	19113	C	T	40	36	38	2	2	39	0.047619	42	0.253012	FALSE	NA	NA	NA	NA	NA	NA
NC_045512.2	23403	A	G	0	0	0	22	7	37	1	22	9.50526e-13	TRUE	NA	NA	NA	NA	NA	NA
NC_045512.2	24391	T	C	0	0	0	1	1	36	1	1	1	FALSE	NA	NA	NA	NA	NA	NA
NC_045512.2	24625	T	G	173	107	40	2	0	38	0.0114286	175	0.250716	FALSE	NA	NA	NA	NA	NA	NA
NC_045512.2	25285	T	G	12	12	37	2	2	39	0.142857	14	0.259259	FALSE	NA	NA	NA	NA	NA	NA
NC_045512.2	26111	C	T	9	0	47	2	0	38	0.181818	11	0.261905	FALSE	NA	NA	NA	NA	NA	NA
NC_045512.2	26214	T	C	73	72	40	2	2	38	0.0266667	75	0.251678	FALSE	NA	NA	NA	NA	NA	NA
NC_045512.2	26833	C	T	11	11	47	2	2	36	0.153846	13	0.26	FALSE	NA	NA	NA	NA	NA	NA
NC_045512.2	27322	T	A	54	22	43	1	1	33	0.0181818	55	0.504587	FALSE	NA	NA	NA	NA	NA	NA
NC_045512.2	27384	T	C	0	0	0	2	0	38	1	2	0.333333	FALSE	NA	NA	NA	NA	NA	NA
NC_045512.2	27915	G	T	0	0	0	79	60	38	1	79	8.63707e-47	TRUE	NA	NA	NA	NA	NA	NA
NC_045512.2	28271	A	T	0	0	0	132	132	38	1	132	1.37526e-78	TRUE	NA	NA	NA	NA	NA	NA
NC_045512.2	28363	A	T	0	0	0	2	0	34	1	2	0.333333	FALSE	NA	NA	NA	NA	NA	NA
