REGION	POS	REF	ALT	REF_DP	REF_RV	REF_QUAL	ALT_DP	ALT_RV	ALT_QUAL	ALT_FREQ	TOTAL_DP	PVAL	PASS	GFF_FEATURE	REF_CODON	REF_AA	ALT_CODON	ALT_AA	POS_AA
NC_045512.2	5720	G	A	15	2	43	5	1	38	0.25	20	0.026928	FALSE	NA	NA	NA	NA	NA	NA
NC_045512.2	10029	C	T	0	0	0	1	1	39	1	1	1	FALSE	NA	NA	NA	NA	NA	NA
NC_045512.2	11247	T	C	13	12	40	1	1	38	0.0714286	14	0.518519	FALSE	NA	NA	NA	NA	NA	NA
NC_045512.2	15714	C	T	0	0	0	12	4	38	1	12	7.39602e-07	TRUE	NA	NA	NA	NA	NA	NA
NC_045512.2	15738	C	T	0	0	0	44	4	38	1	44	7.61948e-26	TRUE	NA	NA	NA	NA	NA	NA
NC_045512.2	16009	G	A	8	0	39	1	0	39	0.111111	9	0.529412	FALSE	NA	NA	NA	NA	NA	NA
NC_045512.2	16342	T	C	1	1	39	2	2	39	0.666667	3	0.3	FALSE	NA	NA	NA	NA	NA	NA
NC_045512.2	17859	T	C	0	0	0	1	1	34	1	1	1	FALSE	NA	NA	NA	NA	NA	NA
NC_045512.2	19326	A	G	0	0	0	1	0	38	1	1	1	FALSE	NA	NA	NA	NA	NA	NA
NC_045512.2	20634	A	-G	1	1	39	1	0	20	1	1	1	FALSE	NA	NA	NA	NA	NA	NA
NC_045512.2	23403	A	G	1	0	77	10	5	38	0.909091	11	3.11866e-05	TRUE	NA	NA	NA	NA	NA	NA
NC_045512.2	27915	G	T	1	1	39	1	1	39	0.5	2	0.666667	FALSE	NA	NA	NA	NA	NA	NA
NC_045512.2	28209	G	C	43	19	40	1	0	39	0.0227273	44	0.505747	FALSE	NA	NA	NA	NA	NA	NA
NC_045512.2	28227	C	T	61	48	41	3	0	37	0.046875	64	0.124976	FALSE	NA	NA	NA	NA	NA	NA
NC_045512.2	28271	A	T	0	0	0	34	34	38	0.755556	45	6.93032e-23	TRUE	NA	NA	NA	NA	NA	NA
NC_045512.2	28271	A	C	0	0	0	11	11	39	0.244444	45	8.35746e-12	TRUE	NA	NA	NA	NA	NA	NA
NC_045512.2	29284	C	T	52	1	39	1	0	39	0.0188679	53	0.504762	FALSE	NA	NA	NA	NA	NA	NA
