REGION	POS	REF	ALT	REF_DP	REF_RV	REF_QUAL	ALT_DP	ALT_RV	ALT_QUAL	ALT_FREQ	TOTAL_DP	PVAL	PASS	GFF_FEATURE	REF_CODON	REF_AA	ALT_CODON	ALT_AA	POS_AA
NC_045512.2	3637	A	C	6	6	39	1	1	34	0.142857	7	0.538462	FALSE	NA	NA	NA	NA	NA	NA
NC_045512.2	5719	T	G	33	5	38	1	0	34	0.0294118	34	0.507463	FALSE	NA	NA	NA	NA	NA	NA
NC_045512.2	5789	A	C	34	31	35	1	1	27	0.0285714	35	0.507246	FALSE	NA	NA	NA	NA	NA	NA
NC_045512.2	8558	A	G	17	17	32	1	0	27	0.0555556	18	0.514286	FALSE	NA	NA	NA	NA	NA	NA
NC_045512.2	16342	T	C	0	0	0	2	2	34	1	2	0.333333	FALSE	NA	NA	NA	NA	NA	NA
NC_045512.2	17147	T	G	1	0	34	1	0	27	0.5	2	0.666667	FALSE	NA	NA	NA	NA	NA	NA
NC_045512.2	17859	T	C	0	0	0	1	1	34	1	1	1	FALSE	NA	NA	NA	NA	NA	NA
NC_045512.2	18492	A	G	0	0	0	2	2	34	1	2	0.333333	FALSE	NA	NA	NA	NA	NA	NA
NC_045512.2	19326	A	G	0	0	0	1	0	34	1	1	1	FALSE	NA	NA	NA	NA	NA	NA
NC_045512.2	23403	A	G	0	0	0	1	0	34	1	1	1	FALSE	NA	NA	NA	NA	NA	NA
NC_045512.2	25584	C	T	0	0	0	1	1	34	1	1	1	FALSE	NA	NA	NA	NA	NA	NA
NC_045512.2	26200	A	C	64	57	37	1	1	34	0.0153846	65	0.503876	FALSE	NA	NA	NA	NA	NA	NA
NC_045512.2	28671	T	G	31	3	41	1	0	34	0.03125	32	0.507937	FALSE	NA	NA	NA	NA	NA	NA
NC_045512.2	28703	G	A	0	0	0	11	8	32	1	11	2.83514e-06	TRUE	NA	NA	NA	NA	NA	NA
NC_045512.2	29296	C	G	38	5	36	1	0	27	0.025641	39	0.506494	FALSE	NA	NA	NA	NA	NA	NA
NC_045512.2	29299	A	C	36	7	36	1	0	26	0.027027	37	0.506849	FALSE	NA	NA	NA	NA	NA	NA
