REGION	POS	REF	ALT	REF_DP	REF_RV	REF_QUAL	ALT_DP	ALT_RV	ALT_QUAL	ALT_FREQ	TOTAL_DP	PVAL	PASS	GFF_FEATURE	REF_CODON	REF_AA	ALT_CODON	ALT_AA	POS_AA
NC_045512.2	7800	C	T	0	0	0	1	0	22	1	1	1	FALSE	NA	NA	NA	NA	NA	NA
NC_045512.2	14703	C	-TT	1	0	27	1	0	20	1	1	1	FALSE	NA	NA	NA	NA	NA	NA
NC_045512.2	14719	G	T	0	0	0	1	0	28	1	1	1	FALSE	NA	NA	NA	NA	NA	NA
NC_045512.2	14980	C	T	0	0	0	1	0	28	1	1	1	FALSE	NA	NA	NA	NA	NA	NA
NC_045512.2	21105	T	C	0	0	0	1	0	28	1	1	1	FALSE	NA	NA	NA	NA	NA	NA
NC_045512.2	23013	A	C	0	0	0	1	0	26	1	1	1	FALSE	NA	NA	NA	NA	NA	NA
NC_045512.2	23018	T	C	0	0	0	1	0	27	1	1	1	FALSE	NA	NA	NA	NA	NA	NA
NC_045512.2	23019	T	C	0	0	0	1	0	23	1	1	1	FALSE	NA	NA	NA	NA	NA	NA
NC_045512.2	23031	T	C	0	0	0	1	0	27	1	1	1	FALSE	NA	NA	NA	NA	NA	NA
NC_045512.2	23055	A	G	0	0	0	1	0	28	1	1	1	FALSE	NA	NA	NA	NA	NA	NA
NC_045512.2	23063	A	T	0	0	0	1	0	24	1	1	1	FALSE	NA	NA	NA	NA	NA	NA
NC_045512.2	23075	T	C	0	0	0	1	0	26	1	1	1	FALSE	NA	NA	NA	NA	NA	NA
NC_045512.2	25519	T	C	1	0	27	1	1	28	0.5	2	0.666667	FALSE	NA	NA	NA	NA	NA	NA
NC_045512.2	25572	C	-A	2	1	26	1	0	20	0.5	2	0.75	FALSE	NA	NA	NA	NA	NA	NA
NC_045512.2	25584	C	T	0	0	0	2	1	28	1	2	0.333333	FALSE	NA	NA	NA	NA	NA	NA
NC_045512.2	25611	C	T	1	1	29	1	0	28	0.5	2	0.666667	FALSE	NA	NA	NA	NA	NA	NA
NC_045512.2	28119	A	-T	1	0	27	1	0	20	1	1	1	FALSE	NA	NA	NA	NA	NA	NA
