REGION	POS	REF	ALT	REF_DP	REF_RV	REF_QUAL	ALT_DP	ALT_RV	ALT_QUAL	ALT_FREQ	TOTAL_DP	PVAL	PASS	GFF_FEATURE	REF_CODON	REF_AA	ALT_CODON	ALT_AA	POS_AA
NC_045512.2	1167	G	A	0	0	0	1	1	39	1	1	1	FALSE	NA	NA	NA	NA	NA	NA
NC_045512.2	3567	G	A	1	0	30	7	2	43	0.875	8	0.0012432	TRUE	NA	NA	NA	NA	NA	NA
NC_045512.2	5720	G	A	6	0	51	2	0	38	0.25	8	0.266667	FALSE	NA	NA	NA	NA	NA	NA
NC_045512.2	12132	C	-T	2	1	37	1	0	20	0.5	2	0.75	FALSE	NA	NA	NA	NA	NA	NA
NC_045512.2	15714	C	T	0	0	0	1	1	39	1	1	1	FALSE	NA	NA	NA	NA	NA	NA
NC_045512.2	15738	C	T	0	0	0	6	0	38	1	6	0.0021645	TRUE	NA	NA	NA	NA	NA	NA
NC_045512.2	20322	T	C	6	3	38	1	1	38	0.142857	7	0.538462	FALSE	NA	NA	NA	NA	NA	NA
NC_045512.2	23403	A	G	0	0	0	3	0	38	1	3	0.1	FALSE	NA	NA	NA	NA	NA	NA
NC_045512.2	28271	A	T	0	0	0	12	12	38	1	12	7.39602e-07	TRUE	NA	NA	NA	NA	NA	NA
NC_045512.2	28447	A	G	4	4	58	1	1	39	0.2	5	0.555556	FALSE	NA	NA	NA	NA	NA	NA
NC_045512.2	28657	C	T	5	0	38	1	0	39	0.166667	6	0.545455	FALSE	NA	NA	NA	NA	NA	NA
