REGION	POS	REF	ALT	REF_DP	REF_RV	REF_QUAL	ALT_DP	ALT_RV	ALT_QUAL	ALT_FREQ	TOTAL_DP	PVAL	PASS	GFF_FEATURE	REF_CODON	REF_AA	ALT_CODON	ALT_AA	POS_AA
NC_045512.2	9978	T	C	1	0	34	1	1	34	0.5	2	0.666667	FALSE	NA	NA	NA	NA	NA	NA
NC_045512.2	15714	C	T	0	0	0	3	2	34	1	3	0.1	FALSE	NA	NA	NA	NA	NA	NA
NC_045512.2	15738	C	T	0	0	0	16	2	33	1	16	3.32734e-09	TRUE	NA	NA	NA	NA	NA	NA
NC_045512.2	15775	A	C	78	65	37	1	1	26	0.0126582	79	0.503185	FALSE	NA	NA	NA	NA	NA	NA
NC_045512.2	16342	T	C	0	0	0	4	3	32	1	4	0.0285714	FALSE	NA	NA	NA	NA	NA	NA
NC_045512.2	17859	T	C	0	0	0	2	2	34	1	2	0.333333	FALSE	NA	NA	NA	NA	NA	NA
NC_045512.2	18492	A	G	0	0	0	1	1	34	1	1	1	FALSE	NA	NA	NA	NA	NA	NA
NC_045512.2	19033	A	G	64	7	36	2	0	30	0.030303	66	0.251908	FALSE	NA	NA	NA	NA	NA	NA
NC_045512.2	19064	C	G	82	37	33	1	0	34	0.0120482	83	0.50303	FALSE	NA	NA	NA	NA	NA	NA
NC_045512.2	19076	T	G	48	20	33	1	0	26	0.0204082	49	0.505155	FALSE	NA	NA	NA	NA	NA	NA
NC_045512.2	19326	A	G	0	0	0	1	0	34	1	1	1	FALSE	NA	NA	NA	NA	NA	NA
NC_045512.2	19664	T	C	7	2	34	1	1	34	0.125	8	0.533333	FALSE	NA	NA	NA	NA	NA	NA
NC_045512.2	20252	T	G	49	6	37	1	0	34	0.02	50	0.505051	FALSE	NA	NA	NA	NA	NA	NA
NC_045512.2	20291	G	C	33	19	37	1	1	27	0.0294118	34	0.507463	FALSE	NA	NA	NA	NA	NA	NA
NC_045512.2	23401	G	T	3	1	34	2	0	34	0.4	5	0.277778	FALSE	NA	NA	NA	NA	NA	NA
NC_045512.2	23403	A	G	0	0	0	3	1	34	1	3	0.1	FALSE	NA	NA	NA	NA	NA	NA
NC_045512.2	25584	C	T	0	0	0	2	2	34	1	2	0.333333	FALSE	NA	NA	NA	NA	NA	NA
NC_045512.2	26199	G	C	25	14	35	1	1	34	0.0384615	26	0.509804	FALSE	NA	NA	NA	NA	NA	NA
NC_045512.2	26200	A	C	33	27	40	1	1	27	0.0294118	34	0.507463	FALSE	NA	NA	NA	NA	NA	NA
NC_045512.2	27869	T	G	45	19	38	1	0	34	0.0217391	46	0.505495	FALSE	NA	NA	NA	NA	NA	NA
NC_045512.2	27915	G	T	0	0	0	14	13	31	1	14	4.98547e-08	TRUE	NA	NA	NA	NA	NA	NA
NC_045512.2	29299	A	C	6	1	32	1	0	26	0.142857	7	0.538462	FALSE	NA	NA	NA	NA	NA	NA
NC_045512.2	29625	C	T	2	0	30	1	1	34	0.333333	3	0.6	FALSE	NA	NA	NA	NA	NA	NA
