REGION	POS	REF	ALT	REF_DP	REF_RV	REF_QUAL	ALT_DP	ALT_RV	ALT_QUAL	ALT_FREQ	TOTAL_DP	PVAL	PASS	GFF_FEATURE	REF_CODON	REF_AA	ALT_CODON	ALT_AA	POS_AA
NC_045512.2	5696	C	A	49	1	39	1	0	39	0.02	50	0.505051	FALSE	NA	NA	NA	NA	NA	NA
NC_045512.2	5826	C	T	9	9	38	3	3	39	0.25	12	0.124224	FALSE	NA	NA	NA	NA	NA	NA
NC_045512.2	11533	A	C	23	17	44	1	1	30	0.0416667	24	0.510638	FALSE	NA	NA	NA	NA	NA	NA
NC_045512.2	12397	A	G	8	0	42	2	0	36	0.2	10	0.263158	FALSE	NA	NA	NA	NA	NA	NA
NC_045512.2	12503	T	C	0	0	0	1	1	39	1	1	1	FALSE	NA	NA	NA	NA	NA	NA
NC_045512.2	13960	G	A	11	4	37	1	1	39	0.0833333	12	0.521739	FALSE	NA	NA	NA	NA	NA	NA
NC_045512.2	15097	A	G	14	0	38	2	0	39	0.125	16	0.258065	FALSE	NA	NA	NA	NA	NA	NA
NC_045512.2	15156	T	A	7	1	36	1	1	33	0.125	8	0.533333	FALSE	NA	NA	NA	NA	NA	NA
NC_045512.2	15714	C	T	0	0	0	19	5	37	1	19	5.65847e-11	TRUE	NA	NA	NA	NA	NA	NA
NC_045512.2	15738	C	T	0	0	0	56	5	38	1	56	5.12046e-33	TRUE	NA	NA	NA	NA	NA	NA
NC_045512.2	16566	A	G	19	7	43	2	0	38	0.0952381	21	0.256098	FALSE	NA	NA	NA	NA	NA	NA
NC_045512.2	16643	A	C	0	0	0	2	2	38	1	2	0.333333	FALSE	NA	NA	NA	NA	NA	NA
NC_045512.2	19149	T	C	1	1	38	2	2	36	0.666667	3	0.3	FALSE	NA	NA	NA	NA	NA	NA
NC_045512.2	21216	C	T	2	2	36	2	0	36	0.5	4	0.285714	FALSE	NA	NA	NA	NA	NA	NA
NC_045512.2	23403	A	G	0	0	0	2	2	39	1	2	0.333333	FALSE	NA	NA	NA	NA	NA	NA
NC_045512.2	25584	C	T	0	0	0	2	2	39	1	2	0.333333	FALSE	NA	NA	NA	NA	NA	NA
NC_045512.2	27915	G	T	0	0	0	19	17	38	1	19	5.65847e-11	TRUE	NA	NA	NA	NA	NA	NA
NC_045512.2	28206	T	-A	195	75	39	2	0	20	0.0102564	195	0.505769	FALSE	NA	NA	NA	NA	NA	NA
NC_045512.2	28271	A	T	0	0	0	182	182	37	1	182	1.27356e-108	TRUE	NA	NA	NA	NA	NA	NA
NC_045512.2	29285	A	C	102	6	42	2	0	39	0.0192308	104	0.251208	FALSE	NA	NA	NA	NA	NA	NA
NC_045512.2	29386	C	T	62	60	38	2	2	39	0.03125	64	0.251969	FALSE	NA	NA	NA	NA	NA	NA
