REGION	POS	REF	ALT	REF_DP	REF_RV	REF_QUAL	ALT_DP	ALT_RV	ALT_QUAL	ALT_FREQ	TOTAL_DP	PVAL	PASS	GFF_FEATURE	REF_CODON	REF_AA	ALT_CODON	ALT_AA	POS_AA
NC_045512.2	15714	C	T	0	0	0	5	2	34	1	5	0.00793651	TRUE	NA	NA	NA	NA	NA	NA
NC_045512.2	15738	C	T	0	0	0	7	1	34	1	7	0.000582751	TRUE	NA	NA	NA	NA	NA	NA
NC_045512.2	15775	A	T	31	21	37	1	1	27	0.03125	32	0.507937	FALSE	NA	NA	NA	NA	NA	NA
NC_045512.2	18425	A	G	0	0	0	1	0	34	1	1	1	FALSE	NA	NA	NA	NA	NA	NA
NC_045512.2	23403	A	G	0	0	0	2	0	30	1	2	0.333333	FALSE	NA	NA	NA	NA	NA	NA
NC_045512.2	25584	C	T	0	0	0	1	1	26	1	1	1	FALSE	NA	NA	NA	NA	NA	NA
NC_045512.2	26709	G	A	0	0	0	1	0	34	1	1	1	FALSE	NA	NA	NA	NA	NA	NA
NC_045512.2	27357	A	G	13	8	35	1	1	34	0.0714286	14	0.518519	FALSE	NA	NA	NA	NA	NA	NA
NC_045512.2	27382	G	C	0	0	0	1	1	34	1	1	1	FALSE	NA	NA	NA	NA	NA	NA
NC_045512.2	27840	T	A	47	0	33	1	0	34	0.0208333	48	0.505263	FALSE	NA	NA	NA	NA	NA	NA
NC_045512.2	27915	G	T	0	0	0	22	18	33	1	22	9.50526e-13	TRUE	NA	NA	NA	NA	NA	NA
NC_045512.2	28699	A	C	4	3	32	1	1	34	0.2	5	0.555556	FALSE	NA	NA	NA	NA	NA	NA
NC_045512.2	28701	A	T	2	2	30	1	1	34	0.333333	3	0.6	FALSE	NA	NA	NA	NA	NA	NA
