REGION	POS	REF	ALT	REF_DP	REF_RV	REF_QUAL	ALT_DP	ALT_RV	ALT_QUAL	ALT_FREQ	TOTAL_DP	PVAL	PASS	GFF_FEATURE	REF_CODON	REF_AA	ALT_CODON	ALT_AA	POS_AA
NC_045512.2	1698	C	A	28	2	42	1	0	33	0.0344828	29	0.508772	FALSE	NA	NA	NA	NA	NA	NA
NC_045512.2	8491	G	A	0	0	0	1	0	37	1	1	1	FALSE	NA	NA	NA	NA	NA	NA
NC_045512.2	23403	A	G	0	0	0	5	2	36	1	5	0.00793651	TRUE	NA	NA	NA	NA	NA	NA
NC_045512.2	26184	T	C	0	0	0	1	0	39	1	1	1	FALSE	NA	NA	NA	NA	NA	NA
NC_045512.2	27915	G	T	0	0	0	14	11	38	1	14	4.98547e-08	TRUE	NA	NA	NA	NA	NA	NA
NC_045512.2	28271	A	T	0	0	0	31	31	37	1	31	4.29712e-18	TRUE	NA	NA	NA	NA	NA	NA
NC_045512.2	28447	A	G	4	4	48	1	1	39	0.2	5	0.555556	FALSE	NA	NA	NA	NA	NA	NA
