REGION	POS	REF	ALT	REF_DP	REF_RV	REF_QUAL	ALT_DP	ALT_RV	ALT_QUAL	ALT_FREQ	TOTAL_DP	PVAL	PASS	GFF_FEATURE	REF_CODON	REF_AA	ALT_CODON	ALT_AA	POS_AA
NC_045512.2	5720	G	A	0	0	0	12	1	35	1	12	7.39602e-07	TRUE	NA	NA	NA	NA	NA	NA
NC_045512.2	5749	T	A	27	1	34	1	0	27	0.0357143	28	0.509091	FALSE	NA	NA	NA	NA	NA	NA
NC_045512.2	7556	A	T	25	8	35	1	0	26	0.0384615	26	0.509804	FALSE	NA	NA	NA	NA	NA	NA
NC_045512.2	8497	T	A	3	3	42	1	1	34	0.25	4	0.571429	FALSE	NA	NA	NA	NA	NA	NA
NC_045512.2	11203	T	G	18	12	35	1	0	26	0.0526316	19	0.513514	FALSE	NA	NA	NA	NA	NA	NA
NC_045512.2	11267	G	-AT	12	12	33	5	0	20	0.416667	12	0.062963	FALSE	NA	NA	NA	NA	NA	NA
NC_045512.2	14009	T	C	1	1	34	3	3	34	0.75	4	0.114286	FALSE	NA	NA	NA	NA	NA	NA
NC_045512.2	14586	T	C	12	11	36	1	1	34	0.0769231	13	0.52	FALSE	NA	NA	NA	NA	NA	NA
NC_045512.2	15711	A	G	31	0	33	1	0	34	0.03125	32	0.507937	FALSE	NA	NA	NA	NA	NA	NA
NC_045512.2	15714	C	T	0	0	0	6	0	34	1	6	0.0021645	TRUE	NA	NA	NA	NA	NA	NA
NC_045512.2	15738	C	T	0	0	0	42	2	33	1	42	1.19125e-24	TRUE	NA	NA	NA	NA	NA	NA
NC_045512.2	15755	C	G	172	79	38	2	1	34	0.0114943	174	0.25072	FALSE	NA	NA	NA	NA	NA	NA
NC_045512.2	16557	T	-G	7	2	32	1	0	20	0.142857	7	0.571429	FALSE	NA	NA	NA	NA	NA	NA
NC_045512.2	18714	C	G	1	0	34	1	0	34	0.5	2	0.666667	FALSE	NA	NA	NA	NA	NA	NA
NC_045512.2	20915	G	C	23	14	34	3	3	31	0.115385	26	0.12485	FALSE	NA	NA	NA	NA	NA	NA
NC_045512.2	22109	C	G	0	0	0	1	1	34	1	1	1	FALSE	NA	NA	NA	NA	NA	NA
NC_045512.2	23386	T	A	2	0	30	1	0	26	0.333333	3	0.6	FALSE	NA	NA	NA	NA	NA	NA
NC_045512.2	23403	A	G	0	0	0	1	0	34	1	1	1	FALSE	NA	NA	NA	NA	NA	NA
NC_045512.2	28271	A	T	0	0	0	18	18	34	1	18	2.20382e-10	TRUE	NA	NA	NA	NA	NA	NA
NC_045512.2	28336	A	G	16	0	33	1	0	34	0.0588235	17	0.515152	FALSE	NA	NA	NA	NA	NA	NA
NC_045512.2	28363	A	T	0	0	0	6	0	34	1	6	0.0021645	TRUE	NA	NA	NA	NA	NA	NA
NC_045512.2	28370	A	G	0	0	0	1	0	34	1	1	1	FALSE	NA	NA	NA	NA	NA	NA
NC_045512.2	28402	A	-G	37	21	34	1	0	20	0.027027	37	0.513514	FALSE	NA	NA	NA	NA	NA	NA
NC_045512.2	28708	C	T	1	1	34	1	0	34	0.5	2	0.666667	FALSE	NA	NA	NA	NA	NA	NA
NC_045512.2	28753	A	C	13	11	39	1	1	34	0.0714286	14	0.518519	FALSE	NA	NA	NA	NA	NA	NA
NC_045512.2	28990	A	C	8	2	44	1	0	26	0.111111	9	0.529412	FALSE	NA	NA	NA	NA	NA	NA
